sequence_id,midpiwi_region_sha256,split_group_id,curated_pago_clade
NP_213999.1,8d9f918893d9e2497c821d263c1659dc0e4b827dab1330a4cae0378b96281d9a,MIDPIWI_edb60b3761d016da,LONG_A
NP_443795.1,0dbaee278142fda64c05195b26fe4bde59a3c25d1609391b2aacb2549004e0e1,MIDPIWI_0669a0bab5d4842a,SHORT
NP_630911.1,84e31a9f6abdcceedf7ad95f340cc2f90a8b1fbeb401ca36c0d698de4c5a9a7a,MIDPIWI_1a059de56e0c71e1,LONG_B
NP_681738.1,70a3c47a5f0f31f2b9a205cba9f85c2aa26a76284b3300e766a10c49d834649f,MIDPIWI_c8324321eb0b19ae,LONG_A
NP_952414.1,d8d1dac9424a9d1f2d236623b126627687b8ac8c6a2272ecb72a8a4e72ec6993,MIDPIWI_185a3356700a01cb,SHORT
WP_000151321.1,62a069b648920502eaa715324898a97573e56205da658cc966030c658cf891d3,MIDPIWI_ef965242246eacc7,LONG_B
WP_002566035.1,e5148bf24c3edd475d50462846d2266ccc058512a779495ab9ce696c52c82ef7,MIDPIWI_f1a0592a9e0e95ac,SHORT
WP_002645493.1,514c6fe28583c54ecd397d686fa08f68d5b6ae3c3aa398f4d0004d01850ebff4,MIDPIWI_9d72d4def293655a,SHORT
WP_002801241.1,23552d27247bbd76105776a2fd2ed5d26e0c0efde1c0af0a21a88aa207079ced,MIDPIWI_01dd422b1c3ec451,LONG_A
WP_002993156.1,a84e0e4b347980f26ba5eb182091320c116de5b4448e0689f52896f096983869,MIDPIWI_6797810d355566b9,SHORT
WP_004290502.1,1303287fe2559fabdb7f02f317f84f758dca2471ea58e36734939ead47ee7c6d,MIDPIWI_2f7f9a8e822f7b98,SHORT
WP_004308218.1,161761940a1c00f3086350f416c5f07798df2eb6bcca53c40244a11919950e1b,MIDPIWI_e7b7af6ec7bdaba5,SHORT
WP_004318406.1,9f78cbd828e31b3fb6c7529961162438b1c8d92da2d952322062ec654705adc0,MIDPIWI_e7b7af6ec7bdaba5,SHORT
WP_004328663.1,f311bed022af868ec6edfa81487f7b841629a302c4928c6e8f37de23ad2c0c70,MIDPIWI_603c479fea8b23fb,SHORT
WP_004492459.1,d95284e363707844f9b55befef52d50c684e68b6f2ba52677dfd4bef888b6c18,MIDPIWI_9a8523911e3d2b6f,LONG_B
WP_004594459.1,08b2870251686e9a6c0604ea378db72cbd3c14e1f1112d729ef72c405e940685,MIDPIWI_12a0cdebdc7f010d,SHORT
WP_004624807.1,893ebd76496d085a13eae78a450cc5b01bbc77f59db57e4bf43588b140b870c9,MIDPIWI_48ea3eaf53821b49,SHORT
WP_004672358.1,cf50260f1d4d2be31216ce65aa1d31e814a2c9d2ecc0536004f1617bad66bc7f,MIDPIWI_114befab0db77609,SHORT
WP_004710421.1,8eeff20860dd157e399903700593d61a7f747364dc3963100d99cf96cd04643f,MIDPIWI_ef965242246eacc7,LONG_B
WP_004748891.1,0b80b8443ea9e0c3d28917eb808da68a5ca000570c7c8c22ec5c6d9c0b117ee2,MIDPIWI_de78cc94b1f0b12a,SHORT
WP_004968197.1,e326e8b085d6b287074b8e5a8f65ade685921209b1045bebf0145c0ec2489e00,MIDPIWI_1261d5ab6af3c92f,LONG_A
WP_004992799.1,336185a5900c26c82b5b76500ee24ca6d4f5740d5eb943cddae92a3aa56ccc00,MIDPIWI_46fcecc2fa34919b,SHORT
WP_005032630.1,76fc8f79cf7eca5a98c62244fb57814c7518330f9f693b27b2c68cd2ebf102cb,MIDPIWI_46fcecc2fa34919b,SHORT
WP_005277191.1,2629ef2444f50c4b0d028e4a09abf009000e86b914b97cf92b33fff5c2eb855c,MIDPIWI_46fcecc2fa34919b,SHORT
WP_005372460.1,06578c4c591a2578fd4738a6e4717701d79462ad0c3d50b6757951f201f1cbda,MIDPIWI_030a536c9416cef7,SHORT
WP_005580376.1,ecf63a6ad3617b6040a470c7b2b1aae8a341e4671790b4e097a5aaea4d486b36,MIDPIWI_9217584098e4d7ce,LONG_A
WP_005783349.1,e23be5890232e030c58b4554887f6fd72e66387c18c6f526933d8549b11c5c16,MIDPIWI_ca3baae7f4db5ad2,SHORT
WP_005801097.1,6ff232a6c7e58d9be7a8b3af256b36acf0c0257929b2729af85da6ab1e2f988b,MIDPIWI_78d33713b1a920b2,SHORT
WP_005864495.1,edd804c9fe446430242b8325aa7360553d1e78c330c059325160fd8839d80740,MIDPIWI_ecb0098d1446c517,SHORT
WP_005988487.1,ea9bdce56639e6d1a0a21e3b48beebd82f9bc963a654379bf7502d7f4f0ecfea,MIDPIWI_9fd61af29e4a0b43,SHORT
WP_006019180.1,de41eaeacf8ebe248773f47a3e01982613bc0013fc98412ac06a4b53b1d1c141,MIDPIWI_3f1e4badf5b64be0,SHORT
WP_006054116.1,9e8565883509c141deba1f65f7ba955b28d8e4c6c4a2b24272896f1dc4ec363a,MIDPIWI_e059c57309a30c5a,LONG_A
WP_006090832.1,fafa94bf489171dcf7bf80d3a624175dc02cbbba31865dec3e8f7193e3f2a37f,MIDPIWI_e059c57309a30c5a,LONG_A
WP_006111085.1,6c908dc4a3282c9384b31332825599a105f69699b172658e569332a58bd72219,MIDPIWI_0fbd9a5cadd1a0f7,LONG_A
WP_006169674.1,42ff49da65c4ec45e7502e0148b04c3dfe257d0f316bfe687e4c0b170dff4172,MIDPIWI_12a0cdebdc7f010d,SHORT
WP_006183335.1,1ae77f1c9eda79e98f4e6ea7b5023a489a55deedb704ff9be87188a2937eebcb,MIDPIWI_91e8363d7e1d0391,LONG_A
WP_006270761.1,1f09aca83d6360f957b422e5c3342e2202284c88ae5e6328ba3cf239d2ef8346,MIDPIWI_103f347d8d350f03,SHORT
WP_006328963.1,c0756155e1145191f94c66a678721219b62849556ef7aacdf5bb87708427bcad,MIDPIWI_e1d6c49ff7e69236,SHORT
WP_006512592.1,29e406e2e34e92109e1840e6b180bdf9882df341cfcef6eb1001fdf1b2d42f9f,MIDPIWI_b15e30ed2a57444e,SHORT
WP_006580534.1,c6ece202f8df3af64934e683e07bb0aa5b71367d8cd565768616999b99356962,MIDPIWI_5190f7c2ab15a406,LONG_B
WP_006630693.1,d6de2c14e11359d3d9f40c9fe014c106fe360035f65963fe2cb00642931c378b,MIDPIWI_e7b11e4ea9e7b342,SHORT
WP_006630972.1,d35da307d68445a03003471ccf1828d862959e515863d150e405eede799cce0a,MIDPIWI_9d5baed890cba795,LONG_A
WP_006746222.1,fe11d6036925a702f992beda98237f48a85ebc9f456f0d1281683c85e911b4bc,MIDPIWI_e3f215f605fdb3f6,SHORT
WP_007011916.1,068128c4749b871cd428989998d03ca15adcf0ab0c777ac0bf461dbf1317c652,MIDPIWI_b719b075bb6a34b6,SHORT
WP_007013852.1,a2d00a6a389e6370d7d8b0bd5fd7e62f6fb37cb2660e87eba2eec41c1cf77fc0,MIDPIWI_6d0b1ed5485111b0,SHORT
WP_007015521.1,c94ddec6e7f558ba7c493a01d31c6d544f24f568b9480d1270b27a4f74f64648,MIDPIWI_0ad414b1213eaf42,SHORT
WP_007044032.1,21bfba80541a2cd14703d16246cd9ac6dcbbce1213c9c515ef2e9157edcb046d,MIDPIWI_76d4e0ea503bb852,LONG_A
WP_007412615.1,1d2e8c7904857ab2da7945c9260191a953248e816ef0154cf92153a54cef7e98,MIDPIWI_6b5028aff42eecf6,SHORT
WP_008137931.1,ab4c8ab00cc86dc2d26149fdb50c513b101c23de1d6794594a160d0c3804435d,MIDPIWI_a3b9d87e2897e5d0,SHORT
WP_008205290.1,ba05b911ded7cd78bd4a1f935452e0709751775d76766f1ad7b8ae1f03b6897e,MIDPIWI_01dd422b1c3ec451,LONG_A
WP_008387991.1,6c17f23b482e04880eeb20282dcb3ac9b823b0e14c25ed7c14ad984be9bf42e0,MIDPIWI_0fa13e543b1bff92,SHORT
WP_008390487.1,2a28b31d2e6b1d3df5442500d9789a24be774c54f3bde15ac3d2ef2b70373f29,MIDPIWI_08a71e1aa32199f7,SHORT
WP_008391586.1,d5ec37b34a0c02259998fa109a7867a7b2fd66aa0c47ff00d9b8c7bc95a71acf,MIDPIWI_4038934d886e4fbb,SHORT
WP_008458795.1,fc51abc9e23fd25bc9487ad47483d0bb7804a09b673541d347dbcf898a8dd961,MIDPIWI_12a0cdebdc7f010d,SHORT
WP_008504757.1,59c280f906c6a75e430031b8c7a511361467a4b39394ebc63460418cd2c35a33,MIDPIWI_814a76c4861dd39b,LONG_A
WP_008580551.1,93d8152c490fc5aadc8730a96b95d48c0bcedb6a017e24e2346047c7c806b4a7,MIDPIWI_122ca674f6bf141c,SHORT
WP_008606028.1,1594e07ef66f0f7ba18726eb68e277a954ac7c74ccdf283b50074ebe99e39908,MIDPIWI_ea51c6ef50c2c4ce,LONG_B
WP_008615787.1,fc7dd428badc0f5bc6715184934ee69045757a5fbf32760063c56c805fecb174,MIDPIWI_2b340e04015c4ec3,SHORT
WP_008631444.1,eefbdf0d924f6e8755451178d645de47b450964e9ccf707f8d25f6b7554fa986,MIDPIWI_8f62696f35d47c47,LONG_A
WP_008657175.1,5ebaa3427e89d1cf88513f00649c41ea46c03d81390b1b8d9e66895ba607c9d3,MIDPIWI_9a37def19f3dcaab,SHORT
WP_008691735.1,9d3a2bc1bbdd0097f57a5886a0c87b0d8ec87916525516d726a93b7d28607bd1,MIDPIWI_3d6ddeca66ddb414,LONG_B
WP_008706031.1,47eafa0c735f6540b2c09817d67234fd7da6993cc6c5543c283a404d8beb9a53,MIDPIWI_eae3e1afc713374a,SHORT
WP_008781126.1,a59ccb5bad285c5ed072f08821f713609d12a2ec3f97733e9715c878ea585d7d,MIDPIWI_ecb0098d1446c517,SHORT
WP_008838212.1,f5b196d4896b322a91a49ed98e14a226ecbf0c6c39070c2f63c5d04005b8fef5,MIDPIWI_dae8a3af5983de06,LONG_A
WP_008877327.1,30c0acfb5878d6c4fd14a0d3917ec797aa16fcf48ae9ee6363de77d28ccc8968,MIDPIWI_98dca90a571e6d2f,SHORT
WP_008983419.1,2dcf8a87aea9511fcfdb1e08e4944529e0c1a254bd790d2de4b1708c26921c8c,MIDPIWI_fb96830602857bfe,SHORT
WP_009126228.1,a2747bd3e334b64220f361745adf2ace53f2bf8e5a5683b0af3d3333ded35d1b,MIDPIWI_2f7f9a8e822f7b98,SHORT
WP_009128903.1,a4e38e7f65715d0f093a583bd788f4f5de197746b2bd5398b0ffdba3f8056cb4,MIDPIWI_5054d7c38dd2b869,LONG_B
WP_009184284.1,44630586b51286e39e425e9735e92cfc63d041721f006ae628e7606051e137eb,MIDPIWI_50e2d47ae8e66012,LONG_B
WP_009361466.1,607bf909076a7f9bb8287ebb78779fe1d6d35d4f486951151dd36d9cff4c003c,MIDPIWI_22cb207c44e5311b,LONG_B
WP_009456812.1,813802b208ed49cab7314719d49f9edcc612f34bf7150876a307997bbc0aa23e,MIDPIWI_d58bf30f1aa2de32,LONG_A
WP_009486613.1,f104b15c927d0c746523a543a14ce8485de13baf11d6f0ae886041ffbf176cdb,MIDPIWI_7bdbad165ec29492,LONG_A
WP_009507643.1,e5804aab88583a32dc6a4ba14f91e538d9c13b551d550b367998365dc0d5d18f,MIDPIWI_8957bd1e2b14e084,SHORT
WP_009518867.1,fa42ed182b9fae50aa62037788dbfaf2e306cae0da9a9b1799d7cf9e9a559c9d,MIDPIWI_5190f7c2ab15a406,LONG_B
WP_009610106.1,9c421fea095821bde9c1d3bc711c8a970459f079774b17ac0abe334b330abcb0,MIDPIWI_3bc699c26fdd0502,LONG_B
WP_009787621.1,bed83b709833339b2e256acdf7d0df3746f6fbfd99b6ccc9ba1359edf66f304b,MIDPIWI_07db87b6888a5010,LONG_A
WP_009826338.1,0c860fabac098752245232f799be0a8c9b49053175e1d6072a138f7c2b8e209f,MIDPIWI_523aa06074ab9624,SHORT
WP_009860218.1,84a84af4616a6354b9c14af36b6548fb5e0507f932f3e0beabc88650999763cf,MIDPIWI_beddab0f2d39d935,SHORT
WP_010044791.1,8ad8b3f21aedbd3d256c0a4faabfad5140cc910751f8942d3c2930704c37e1d3,MIDPIWI_17d7a8f28e69699e,LONG_B
WP_010123963.1,db1dd7ca19fff9af03bf3d0933118f1a58ee777883c5b53cce666c409b4b74a2,MIDPIWI_24bb39a29ed4f6f7,SHORT
WP_010165149.1,fce172e5bfa43c245c751d7b1053125f5ea32fec368de337d2ed99305ea0a8ef,MIDPIWI_d36870e9c930eae5,SHORT
WP_010289662.1,85165368bab75554e5f376ad2425c3cd0b6ae2ca4d691aa644f5bff3ecf0f7a8,MIDPIWI_4c643a227950bbce,LONG_A
WP_010424306.1,05daf25c3d66115ea48c91271ceca9fd92ea03c9f25984c040d76782c4d4e05f,MIDPIWI_d290df3186beb3b3,SHORT
WP_010682499.1,b321d95997648febbefb5ae0e909b4f0b576609302fb73e184ed3b07e77f9391,MIDPIWI_fc9b16fd574561d7,LONG_B
WP_010683363.1,d426c4032c9d9c3e13dd1f9b3ed7fdd1fb835125afeb8a94be5a0ef3545e2fb7,MIDPIWI_0ad414b1213eaf42,SHORT
WP_010870838.1,c4a1656d138343d08dd884a669ebc76973dcbaf65b0b88b8d0374fafe76eeea7,MIDPIWI_6bdd95e059c8a853,LONG_A
WP_010875054.1,0dbaee278142fda64c05195b26fe4bde59a3c25d1609391b2aacb2549004e0e1,MIDPIWI_0669a0bab5d4842a,SHORT
WP_010878815.1,cdefa2d1666b297fcaa9118bbdda4980a06d59d666308bc70759422839a5e19a,MIDPIWI_edfe6b2fe7436a8b,UNRESOLVED
WP_010880937.1,8d9f918893d9e2497c821d263c1659dc0e4b827dab1330a4cae0378b96281d9a,MIDPIWI_edb60b3761d016da,LONG_A
WP_010942012.1,d8d1dac9424a9d1f2d236623b126627687b8ac8c6a2272ecb72a8a4e72ec6993,MIDPIWI_185a3356700a01cb,SHORT
WP_011011654.1,2a7cd0acf56576c9fff1df96e03d8218c89c3f47b6f5be3850c38eeef49abfb2,MIDPIWI_8815a1c1cc6adc11,LONG_A
WP_011021016.1,1479dea2ac117f78fca5cceb0f265a67905e1b421d223d03ab0306c8bb358f72,MIDPIWI_c2379d5d2d1db938,SHORT
WP_011031225.1,84e31a9f6abdcceedf7ad95f340cc2f90a8b1fbeb401ca36c0d698de4c5a9a7a,MIDPIWI_1a059de56e0c71e1,LONG_B
WP_011056792.1,70a3c47a5f0f31f2b9a205cba9f85c2aa26a76284b3300e766a10c49d834649f,MIDPIWI_c8324321eb0b19ae,LONG_A
WP_011238781.1,c742a397b8da205de323120b2df86c24dcedaf76ec6302932106bc07976b19b4,MIDPIWI_87b53b5863d598b6,LONG_A
WP_011244830.1,1e7dc18195664849c11be2c72b4b09c5b573c1dea50fb81ae69a64dad77e9679,MIDPIWI_82d9a93b3b49fcb0,LONG_A
WP_011308723.1,cf32b25fa52c6171343338aeb8eb2a9e2290be5bd240b49794ff7473baddfc08,MIDPIWI_9a45146c405a48cd,LONG_A
WP_011378069.1,35cfc3b11b1db92fc4c0d1da2f7789d0c1f848665d8e77e4f86adcb0954ff20a,MIDPIWI_82d9a93b3b49fcb0,LONG_A
WP_011434286.1,163842233ea5c021deb49c98b1d37beb19f942b9fb3bd21d1a939300797af0e2,MIDPIWI_e024b3645a1d9ff9,LONG_A
WP_011488074.1,9d696974c4f359f60d6719cccda838d217ce51e7360a415d264e6e26fe49a6bc,MIDPIWI_bebb20684ac66b00,SHORT
WP_011504020.1,d05826a4d4b4b363cb201e68a365e44ee12e8e1db2a088dc3b178142e07b38ee,MIDPIWI_eb13bfd8eb9eb6c8,SHORT
WP_011516870.1,8e9138145cfbc39ed35567ab0f4f34556562f7c302f1d0131fe120f6773dc44b,MIDPIWI_065eda7d97120487,SHORT
WP_011718590.1,d58e643704bee8eec9b36212516ecea50a682c4ae08ed7e1afd46a6b16749a34,MIDPIWI_de78cc94b1f0b12a,SHORT
WP_011767947.1,646c44c32e1f5df9db7d099e385d42fca5cf6a387f81330753984ea51549bdb5,MIDPIWI_48c867ab9a54fa37,SHORT
WP_011831498.1,e946ba0fdfd2f460a2aef94617a9d323f6eccb76dbd2ce412fea63fbed8691d4,MIDPIWI_d5b32b0e03868bd9,SHORT
WP_011910606.1,c37a4b11d81bb2a0e0d14bdf8b5a585fb7936104f7fcae8d02ccc24108fd28a8,MIDPIWI_2d90821c614b1e3d,LONG_B
WP_011914275.1,fadf0e330b57e88f3b5016f531840a820a2e4e0ce547792be7ed39d9ce92c182,MIDPIWI_4ebd7931225af5d2,SHORT
WP_011923976.1,4f3b41652491860c5335b5f130e8e165870336e52756ee55e8f2c6af2e1db9c1,MIDPIWI_399d13ca96076894,SHORT
WP_011940821.1,eb40d274d0ec23370d5aaa32013be3932b6da0d854f2cf6b1464a0be6aadeb17,MIDPIWI_d0dabc62150ad038,SHORT
WP_011951052.1,5e05fe53693e47ef1cc217326871eb8d892df7d6709e792bebcb787aa971cc0b,MIDPIWI_8f2faa7ea80870fd,SHORT
WP_011971022.1,d94fd01b3b38de4dccf453e07adb2906e84d8de43f071484e97549a6825e6014,MIDPIWI_0669a0bab5d4842a,SHORT
WP_011996092.1,2c1f21e9d3badf22dab4d0a7b60f505f4c49fc3b7ea6822ad2103eeaa081e537,MIDPIWI_08a71e1aa32199f7,SHORT
WP_012222259.1,d4b91e08f29462e7f72903bc59c713fd2288e2d89a5435070f9b0f913c549140,MIDPIWI_6444dd7421260147,SHORT
WP_012473796.1,e2ac3b3f8794f785db9cb3faad009981bed325f08124c7c4cda88e09dafbb03a,MIDPIWI_73fa1955a33bf315,SHORT
WP_012486311.1,8cfe546b4ff70f757d0d4765f7039ee16cabdd323aafaca218bc087ced787988,MIDPIWI_5e3486b4236082ee,SHORT
WP_012572468.1,92a7a3fc910cb36089ad355db3396b5d8dcc669f11b9a759da9d022dc407451e,MIDPIWI_5774706f945c1b1a,LONG_A
WP_012575214.1,41b956a51a8c70b2baa68b1a0f6d05b99fe67249e13aa4e3fc4e4f2245591ac1,MIDPIWI_16f8a17656cc3cea,LONG_A
WP_012597165.1,7349f690d0cfb2be188adeff20bed28bd6b2a0e420f5e243f25b0112efdd1f23,MIDPIWI_ee07161e2d624c6d,LONG_B
WP_012659190.1,58952634237d82c7dcb6e69d00417ee0aff6b9e7ab77213ffe9c9c94b520bb20,MIDPIWI_7bdbad165ec29492,LONG_A
WP_012660077.1,4794e0589107449f546b758069eb8eb76df025a1ddb162535801d2e116beae44,MIDPIWI_60ea53da95a982b9,SHORT
WP_012735993.1,54c84693a801645f80c46447a6180c9994dcf28d963f303f735625e659daf811,MIDPIWI_118cb97cc0a38ed3,UNRESOLVED
WP_012912354.1,e492e8b98665f878a480be1e645904094a2d52cbf9b343223dd07bd98565ea8f,MIDPIWI_2a15f6fcafa7a2a4,LONG_B
WP_012952863.1,4438e69996fbd1f94188c8d935cdb794ac74d6c09bfdf38685d5ec6fa66b0cdf,MIDPIWI_0e39a1e63fc0160e,LONG_A
WP_012966655.1,3586d3a6119c08c5cb4fe80af9935b636552e8e970edab93215d6a3d32b04b0a,MIDPIWI_20ea701a8d9c1050,LONG_A
WP_012979970.1,4a3e6ff3b8c9a1d811502bac51675faa3073d1adc9c15bec6d3942839c043e89,MIDPIWI_af845294d5fc1929,LONG_A
WP_013078837.1,1f8038d84b3cad7f90ec629fe903471bc151b32866c3b2c2a23248f4373a421d,MIDPIWI_4af3ea7bdc505b55,SHORT
WP_013109335.1,9d3d73b603428b1c6727b084ad076579a8b332a7a6c13639d7364e28f60e2022,MIDPIWI_cbb1e53a25bb23e0,SHORT
WP_013299754.1,36b788957c4e004202d3179f5a37bec6d1f8aecf7e89c9f5a1e11e7bb4249c27,MIDPIWI_ea366e4ec983eab4,SHORT
WP_013300197.1,ddc48d4a1849d79a0f90e4881d9c2e4569a063d44842d0bd79885842f19413fd,MIDPIWI_75ca729aa543e200,LONG_B
WP_013300248.1,1548929d0d150da081e7c0af9aca19c073acb91a0bf5e00f7d7a0dbe62482970,MIDPIWI_6e2471e80d33de28,SHORT
WP_013324485.1,721eb2d17717660c032b6b705ea330660105fc85d22f13edfef016fd204cf53f,MIDPIWI_8a356baafb176bca,LONG_A
WP_013451524.1,a9c45e8d52ced0add8c3140472c48bed54ffb934c62eef7e53f33d67faddc1bc,MIDPIWI_26196ebc9abe5fb4,LONG_B
WP_013500616.1,e979cb2df6ad7cd96658eb97df6af273366b79119e5eb61de39fda1417112fc9,MIDPIWI_2aacf649f35a90ed,LONG_B
WP_013561109.1,0a7810c0369d1b796fe15865b43dd9b40fb6365586e7543df7eeacdf4ddd92b1,MIDPIWI_4dce9cdd05535628,LONG_A
WP_013581438.1,83649ff3a0523229b6d97109d409eec32c4cbc445c39be11475f62d3933cff78,MIDPIWI_440ade1f18c023a9,SHORT
WP_013596008.1,29db05300c0708e86aad2fedebd9001fc2bc3eb7ca955dbd86ae80349ff1e73b,MIDPIWI_95f9c25e53cd83bc,SHORT
WP_013604390.1,cd028b32490f91064fd5265197ea7510b26cee888b3cdd0319a1a32927e7f605,MIDPIWI_d0cfdd65c55aaf29,UNRESOLVED
WP_013632721.1,ff4a33274855fec0d0a648a3884d0a9eb333fe0f7d73ebab2be770d84f8ff678,MIDPIWI_cd612d85c40aa9d6,SHORT
WP_013637055.1,3ed063c0aa594cf08a26556fc9ef0ab6b9a9ddc4f232c041b75d5bdbe79e5b5d,MIDPIWI_6ef183bd794f8c06,SHORT
WP_013654324.1,a9b1bb01377c2b6b4447ba1cc85179c5805798c8e21127f21d513ac9a61d2880,MIDPIWI_b23f33131deb3d0a,SHORT
WP_013685229.1,4b3664b57825afef572ddb8fdfa93d5fc7f3be517c00987696375006a9e791ff,MIDPIWI_9760d53656a86ba1,SHORT
WP_013833357.1,53df6e0bce2457e99c8265b01f1c741ead1fea01b8d48314ec05c57a466b9e5b,MIDPIWI_d58e13f8c367c5c7,SHORT
WP_013847450.1,470c36916966a9fda2d83b64953ae883102fd034a375a161d404b56190287027,MIDPIWI_dcf0cbe748bc80e0,LONG_B
WP_013878483.1,4d39a22377a223a9c8897e4e6dfb445f53bd295e450e9964482b2af4b3e5e5a9,MIDPIWI_04968432b8f4c165,LONG_A
WP_013921749.1,3a0e9684466de41752064fccda5677f37075e52aaf20637d83ecb383d0d3da27,MIDPIWI_e09cca6d34993f39,LONG_A
WP_014020247.1,1ecfb6f796262a25ec8022b6661a1f0f6a2b54e23ef2e9bc6fe307a583529be9,MIDPIWI_c0cf62e21f15e390,SHORT
WP_014022287.1,4a841267586f4531c9f2fb3fd0cd3aefcbb84294eef549d8493dc50430b2e828,MIDPIWI_3df5aab46a0d0eca,LONG_B
WP_014132756.1,702161b7e8176679792f88168f665b4d1830e647f63dc9674e37812429c110a2,MIDPIWI_9bbaccbc154c2cc8,SHORT
WP_014195559.1,8cae38079d9d18bbf234f92ea67097e12ba81a93f7d49c79b38fffb54583f965,MIDPIWI_29d5731e6721bdfd,LONG_A
WP_014200912.1,cb71de0ed14d11c3a6fa3ac1eb9cef931ca3daea6bb7bda73a9803bf44fab115,MIDPIWI_eee19843b84be15b,SHORT
WP_014295921.1,be65bd169065e35f15dcef361c510bd4c9c0f477929406c43c3765648f997ba7,MIDPIWI_b8d283cb00a93b8f,LONG_A
WP_014387264.1,53388e45669fd57ea8738abdb583e1a7199aea640e28e11d662c7dfa9649f7ba,MIDPIWI_e7c99ecfa5d9f6aa,SHORT
WP_014511275.1,994e815a2b2d8316113788f18d2f15d27a2ca84c6863fed5b65b1457cab1eef0,MIDPIWI_8f62696f35d47c47,LONG_A
WP_014514637.1,ab15f09c3bbb0efb1903dfc3e8eb80264a69951c9fe7a7360f6ee892e21d220f,MIDPIWI_422a84dc653febc3,LONG_A
WP_014678514.1,ed59e5cd466cbb06b9cacd6b9cff0f99c5c1498ca3b961c7d5bbf838f11ad0cc,MIDPIWI_3fe7e0c0298f1bd4,LONG_B
WP_014746186.1,acde5e9f13a45908d398a4cc551ef456ab9e6c6b6c2bcdc15ad40c9f9e3d936c,MIDPIWI_9bbaccbc154c2cc8,SHORT
WP_014773309.1,dc67048b72996a4b1fc8a135e5ba3b1958f95cd4b02e7cbfcce5ecaa83e9144f,MIDPIWI_19d3ba338d6f908f,LONG_B
WP_014956171.1,c19e32c9902276d58c26e4fb8060e915f4253006c0c9c53210e495df9f6fba03,MIDPIWI_11b445d833cc64ad,SHORT
WP_015056743.1,8afeb26ce4d4605f84fb813013c1e9e29c2ed30c5a945e6a3ef50c2741b52052,MIDPIWI_0bebb83812123aa2,SHORT
WP_015118671.1,a4b79bf76c0ea99b552a4c9ea216d92e4e8cd216403ac88519ad6076de455c15,MIDPIWI_292bcb0db4e41a90,LONG_A
WP_015150617.1,171e618ea49e3e7eae4d765613b95168c6beab69fb9c13f62a60a35db82ba734,MIDPIWI_746ab0673b366349,LONG_A
WP_015157107.1,879c0b11dd4b192000f1ef3edc90fa74a028a578bd389e6a80c08d700a25b6e0,MIDPIWI_147eaecce301e5d0,LONG_A
WP_015159126.1,d388f410c4d5f4571687453285eb6fb3648006d438e183dd25878894e8f8b656,MIDPIWI_5704125039cbcdf0,LONG_A
WP_015195532.1,102bedfad44f57ca7b80e2be9bd3e91069c45fe042cc0ba3c6db014a502772b1,MIDPIWI_5d2c6e1047736d94,LONG_A
WP_015201773.1,ce99e650543da8a4e5a6fb620398747bf44ab8f66c1bbc3e0fc82f9ad7a3b60e,MIDPIWI_f90e5ae0257cdf44,LONG_A
WP_015213401.1,1853d6ec74f04ac9a704f58e7f25787228d2cf62be26b3626284dbbe3539de15,MIDPIWI_708060c79824f874,LONG_A
WP_015329024.1,41aa76af7beb298514f62cf267e670c684c6c44fda469f659e2b77210c2571e7,MIDPIWI_a1b0cd7e2372432b,LONG_A
WP_015449155.1,7d3e10665fe3956606adee1b4721c2b189ac26c90590d15f6c5cd7261ee819a8,MIDPIWI_5ae83ae5d414c7ba,SHORT
WP_015596990.1,fe32a9462adf054051c91c325cbe6c52971e181fb61e90a975471923df7f990f,MIDPIWI_564ad83a99903a4b,SHORT
WP_015664540.1,c00f0bf073a13c1f9276936d859089c142de76c9273c286972fa654a49d689f0,MIDPIWI_399d13ca96076894,SHORT
WP_015717132.1,a651e88e9082fda07d6a2e14baf4834d93f04a66dc86807b9bf4d64f89969a1a,MIDPIWI_3eec40cd3a554857,LONG_A
WP_015784319.1,6ac7290aea46aec2ffa3b41648d6fb013fa6721c9f0047eac6d7e41bc75e232f,MIDPIWI_b9fa23f93ce97bed,LONG_B
WP_015791216.1,9a28df5a52600207a26f60ba3eb6f7efc8279461867d7b51f122b8e2f4001c70,MIDPIWI_0c58a2dacb20122a,LONG_A
WP_015807620.1,4d0475548b1ee487b7f64091da390959bd346017f58dc928167ecff49df788c2,MIDPIWI_2e1df91f4b22cfd4,LONG_B
WP_015895835.1,0f6eb6d18f01993b1a9d3faa8a8239772f04a81b6703156327dbb51b953a4888,MIDPIWI_097c385b74b1513d,SHORT
WP_015898277.1,7322f6b5e9cb9e41fff3882b6273331187d8e49486656e724bdde72f7ef96d02,MIDPIWI_6603f4e070af26fa,LONG_B
WP_015912957.1,508e37f5166c992437131b807c4c18d00c6f2a1c69f055d1dc6d1deb04771480,MIDPIWI_b947e9a08d857960,LONG_B
WP_016205751.1,b731f039421806511a2669591232ca9637b65a43d0d4a4395b5a297c45af428e,MIDPIWI_5b099aafe5d61fb8,LONG_A
WP_016263567.1,fd8a344822058abcaecda62770a00217da3659f28ff1ad385bbd4c8be1f8d8e4,MIDPIWI_8fa8115bc324468c,SHORT
WP_016268111.1,c9ba7047364f25a231474120877e0f89a24d70cbea464139bbb27bd5a9c4daa2,MIDPIWI_ecb0098d1446c517,SHORT
WP_016278428.1,f0d3aa3456316a6d5ed89c363ada2799a22376a8f66ad87507d50c531d2a097d,MIDPIWI_beddab0f2d39d935,SHORT
WP_016393046.1,98ed3d55b7ec975fec56742a81f55499a270e5b5e787cb2af26ab455f3590d87,MIDPIWI_8fa8115bc324468c,SHORT
WP_016523204.1,27e606e00e72264fbf8e8e1174cbe2409478fa3a9a07ee06c06471d43b2a048c,MIDPIWI_fe5a60e9872c959f,LONG_B
WP_016733898.1,b62a1943ae9e22eb5728ac0c76d264851097eb95a24ad7fc4324744caf81b9a7,MIDPIWI_9276862dcc2c5ea8,SHORT
WP_016736428.1,642f52b6d9863c89b9ca9832d07a760c2fe555f3ee6fba07e3ec74b695a1305e,MIDPIWI_25da8c473f572c14,SHORT
WP_016804074.1,f2ec24f3d76c141cab99b578f8d2524f52b9913c28756c7a80edb544d18049d5,MIDPIWI_e111ebb0d3aa2cba,LONG_B
WP_016846609.1,6eaeb4b5bea96ec0bf2603feca7866086e6422c03ac0a9d2b2290e85401dccea,MIDPIWI_591c5daee63e0e58,SHORT
WP_016876098.1,d85ec7a46bff69420f942de6acc5443c66980996289bad424a93eae1f60caf27,MIDPIWI_e75dd9075b8313dd,LONG_A
WP_017309810.1,80d312b4a35edcc81bee84e84792ae40d5892a6279d6fff03fc31acc111eeabb,MIDPIWI_d58bf30f1aa2de32,LONG_A
WP_017346485.1,53a089805943e0c5a879f7fc7546d9aece44d15baba48b164f3124f057c28c2a,MIDPIWI_3fb2ae0db8b4dd52,SHORT
WP_017454948.1,012e710125bff4a6bf6e176177f8b3078c2f2f0fae2d257c69e61aa78d412833,MIDPIWI_a7e6dfa461270c45,SHORT
WP_017496420.1,859154d8c36f9ec102da626ddc147253438abe098ad271a8ee88d57285cbb66b,MIDPIWI_a462acdd1d5560da,LONG_B
WP_017747476.1,41f0f67fedf6c750666a14753a2c408ba40be97c7653a482abea1ce42b4622c3,MIDPIWI_cfe01b6304badb38,LONG_B
WP_017748677.1,54417fd325a3b95bc301a2ac4164defb8517dcd0c827c369789564cf23be0934,MIDPIWI_fd0953ad74052ed9,LONG_A
WP_017841076.1,ed6436f287af12aa30622082a667de1150c8189b46b9efbd4d6af1fc724065be,MIDPIWI_c8b05d68ca3111ec,LONG_A
WP_018005263.1,cb2aaa52541c8be76d2a811c8e801aea7e603af982d485d41fd49dd761a96a50,MIDPIWI_065eda7d97120487,SHORT
WP_018016395.1,4d8b82af58c1761b229a43372d7ef90d0003b1d8295cc7a4c5f3fe8ed4d85e22,MIDPIWI_0f5adf7dded57482,SHORT
WP_018045489.1,2fb38296e36dc6a3b00eff4cd54558eb1110860170a506c49aa617f513fd03ab,MIDPIWI_fb06e4caacb764d8,SHORT
WP_018594123.1,281784c31504e1baefd117368510d8fc9c095d796439dc4fe555e43d299d9960,MIDPIWI_d82031b46c01f950,SHORT
WP_019493534.1,85b83a9484841f28ffa9c7070c223544517e21526276ac9a37009dd232fd6519,MIDPIWI_3d03fef40b37cb4f,LONG_A
WP_019494780.1,197f78c5f94bf896503f5e4ad2beacad81272fd1ca1001418588fa83fcc01b92,MIDPIWI_cb094f551c2b1f28,LONG_A
WP_019497030.1,7e6e84f85ff988a42005de0372839229f8864b3e4cc3af713c43246be0d44066,MIDPIWI_173afbfa63a33186,LONG_A
WP_019960614.1,a35721eed6e45696ef4e0694e5458ca2e2ef2c3fc6e4e11f6b1e3ddc3660a33f,MIDPIWI_ba581f8528fc8fcc,SHORT
WP_019977020.1,22f176fe29ae7e2f95fa5fb940aa15cc233ed752c7776c38e417c01797c9498e,MIDPIWI_8bdc9f4293aa9d9e,SHORT
WP_020208903.1,8445e74b247c7b79762064317bb2d0a76b68b3ee8b96643c6e6f44ce445366d4,MIDPIWI_de78cc94b1f0b12a,SHORT
WP_020279644.1,1e1c6752f1279daea75e825ab640d0e59b068422632e9926430e43f4eae6707c,MIDPIWI_29d5731e6721bdfd,LONG_A
WP_021700080.1,c63ea7592341f77ebce0330bbffc0a9bc455452c7dabff2dc6ddbbcc5e28d840,MIDPIWI_8fa8115bc324468c,SHORT
WP_022545095.1,4f818b4e2e4a60bdd4fa6d8e6cbadd9a03d8fd32c0fdf93aba3c20e2e299b892,MIDPIWI_81573ecfda416761,SHORT
WP_022673743.1,61e812d219684858e7a17d10344694fb501f5ef58fd3ca48514e944dd6b1fa31,MIDPIWI_4a144b4e45121391,SHORT
WP_022727543.1,838de847d6f24f99485b89bbd714f7b92c3c27dfee5aecd1c263d5d3f5a9e853,MIDPIWI_147c88985e16d628,SHORT
WP_022787370.1,b608170e5d95e59afa34d36a39f7f76da02f18e325c20d9baa75351c722149b1,MIDPIWI_6470659e2b2a6099,SHORT
WP_022842740.1,0c7e2c059994f43b50f909fb5ec44ce3ab85b95e93833b9d41f925c1ab94172b,MIDPIWI_80b265367ad285c1,SHORT
WP_022949975.1,31a81b9213fe4c406e79dc5d2e47a0a0df9ebfbfa507a8bbfb2c0305a3216996,MIDPIWI_f1cfff7bf1e8f27c,SHORT
WP_023692462.1,8de4811d2b3b9be754c8fd29189f9b7cd939c028f20cc2f0bc5da4cde0a3ba2b,MIDPIWI_dbc3385b257ba8b7,SHORT
WP_023699067.1,54483d75d972de2a76ef62ff99ed710f53f250bc55a2f5f34bb1d13cd943aef5,MIDPIWI_e1d6c49ff7e69236,SHORT
WP_023727137.1,253b245baba46cee48875d32c98a84631a53912a5ba9f63bab64d531e39ba5e6,MIDPIWI_9f17f74089a9e7e0,SHORT
WP_023749875.1,2e6e3f330db5e0f4aa176d901ca3eb8b01f8e6fab87e303fc3c0dbab1cf5ffa4,MIDPIWI_6c8916d1edf8e6c4,SHORT
WP_023755374.1,3956b8b5ea987dd8d4afeef995c6a12ed6ccad22b68c6d687b44d1378db62854,MIDPIWI_94ae32d1bcd8ad51,SHORT
WP_023817613.1,e330c4392d933f0265510cda770237a98e11182a4f3686121dc9ddc9ff738e15,MIDPIWI_29d5731e6721bdfd,LONG_A
WP_023828907.1,e70cdb4f2fac71886627754a0e18fbcf5f346cb5c017b77ddbc2c5490e4514fb,MIDPIWI_6c8916d1edf8e6c4,SHORT
WP_023920034.1,57be6c7b2a8c8a991c835751952972923efb8f93d0d42afcb7b824823e9c858f,MIDPIWI_2d90821c614b1e3d,LONG_B
WP_023924954.1,72b803c3b815836ae0aa82ade1c3965b1e4bcf50d4a9055ee7f259a48921400e,MIDPIWI_5aac3eaa8bfbef61,SHORT
WP_024021728.1,b7ba84aa837dcb3d55e058692d6b2c0bf13bb592eaf2e4e1d69c7a24c6fc47e3,MIDPIWI_0ad414b1213eaf42,SHORT
WP_024125870.1,c2302c026a0c399e9fc0482ec9c2973850e47eabfaa6149c123b734a5283d832,MIDPIWI_c8324321eb0b19ae,LONG_A
WP_024146569.1,58d9b5a2e10bd2f40731bbbdd71fcee4e4e6984666e073eaa285a3de3761d339,MIDPIWI_5190f7c2ab15a406,LONG_B
WP_024740054.1,092f641b4f0dac7b9fee214eabc1868ba76b01cb36d2fccdf4304fce1105169b,MIDPIWI_91ead9830ee7377b,SHORT
WP_024810210.1,88429a52733e6a409268514fa4bd0cd823f6b3310e1868ceff3a117862777b17,MIDPIWI_b344ab0f9f4305bb,SHORT
WP_024873364.1,2176a26d31bef69b005b4cc968e65622897848d91d91a783c356688839a12ecb,MIDPIWI_fe6b635774f00d24,LONG_A
WP_024889333.1,6299852d2736fe0ad28f5641aa41661d3ab6339c881be85913935557b5f6db3e,MIDPIWI_5190f7c2ab15a406,LONG_B
WP_024981710.1,e5d128fa67c2a37b37b62ef83d7adc1e5f5dbda3b8f434824124c11d057b187d,MIDPIWI_22ba286982b58c7e,LONG_B
WP_025091661.1,0b8d0a23884bce5a2de03deedd3470998d9dbaa5432bd15c53fb5f28b6b68395,MIDPIWI_d1a6ce90752f0ff4,SHORT
WP_025200270.1,3acdf33068540b995ba0e7971b56bd1f708cee54e02d7d0654cff132882c975b,MIDPIWI_32357a652fb75c4e,SHORT
WP_025465492.1,a2595c04b9ac568f57c6bb6080b26b3e5bfba325dc56e2ff10f0383f3c95c241,MIDPIWI_e111ebb0d3aa2cba,LONG_B
WP_025493197.1,48c1e640f7483a5859aa3c0bf447782e448101b8f94adf37d38d8f793e0e1019,MIDPIWI_c2d50064b00ae48d,SHORT
WP_025660140.1,9bed518e2633c900c5ebf10469d43173ac69f2b07023e2e34913cdd573d6f8b0,MIDPIWI_6878dcba318a1aad,LONG_B
WP_025665356.1,0026a5f16c8dc85645890968db91de4efe0682d3537fb9c80aa19c11f9d2407a,MIDPIWI_2b340e04015c4ec3,SHORT
WP_026011736.1,70da5373feba59394e4c8c17f829e03cb9b835387ece42794a2abb0fb984008d,MIDPIWI_16f8a17656cc3cea,LONG_A
WP_026108493.1,4f25f3bb1e8d5b212a1583104190e9c8dcc6be69c1e3067b9085b9e2f3fdfe2b,MIDPIWI_5fff8df96dc4bae1,SHORT
WP_026190901.1,644c450bf61a13a8fe8695e858299822b8e86ecc72b3ba972f3fc1e8df9db703,MIDPIWI_58956620f6c1e457,SHORT
WP_026299638.1,fda89bf38b68e5d34f7e783a13f03f849208400d4e12423014b3fdc3bb343658,MIDPIWI_239d87cdd6da15a4,SHORT
WP_026329128.1,a7a98118043f98933ccf1d5b82f46867f21026240531ae2da2b8aa0f532beac4,MIDPIWI_7505253eed46154d,LONG_A
WP_026423302.1,c815a2606c1555243219c30ebc02e41eea409816b56709f24f7766bc73a6881a,MIDPIWI_14310a79dfc93783,SHORT
WP_026448204.1,cb72e205add244d9e11162a06dc6c1f7f9a54f16a27f68f076855d9387ef1038,MIDPIWI_138d268c2a51f984,SHORT
WP_026461319.1,6d79e4775c766f03bb3af4385363916b467046c4a71af8f06c007e94f934b7eb,MIDPIWI_3384b485854baf18,LONG_B
WP_026609465.1,a41e518629253077b9128f01b7e2ff6b69437b3c3bb2db0e2444440af87658a5,MIDPIWI_29d0a95b82d90694,SHORT
WP_026705043.1,6bf333fd15d6e267941b89e4579ee28aca2c40de63f88772974a9540f70735cb,MIDPIWI_74f1a34273fe175b,LONG_B
WP_026751107.1,192a7e642ef2ccd8d582a420e44769e35307bb75efe0757a58385b3f152cd05d,MIDPIWI_c94cfd11427aaf89,LONG_B
WP_026764177.1,591120e204f311aac53bf3643a496deb734e9d4f8ee819038f80022bcf69a563,MIDPIWI_01511af4fbdae408,LONG_B
WP_026782277.1,e79cf987d34ba12f9077150f8fb0772818a683d8140491a3ad8969eac1298c05,MIDPIWI_5ed166cad7bb6cd9,SHORT
WP_026824436.1,a7634460428bfa258f5adef857a0d009168b5965a4d01a49614772d0deac9734,MIDPIWI_2b3ed6ba3e8dea62,LONG_A
WP_026927916.1,2d3b766724719ecdd73acb3a6058e001b75649299c93d8bddbf5e9dcd3e02c77,MIDPIWI_095575ac04155f73,SHORT
WP_026932798.1,67b34dc3cff1c612e2cce2d7e61d5e21174788958ddc90a0f3d3c6db65ed458a,MIDPIWI_ce66ec360ef20f7e,SHORT
WP_027025738.1,787ee08604492531d4717b5c0efb62510086456490cf56b317e72415f34ec5f2,MIDPIWI_e941584f21417dbf,SHORT
WP_027160976.1,55d9e8eea377ad025bf149a9a686619eab5d5304b76100db3b829e800c4ebb5a,MIDPIWI_7ca8f8ac8a6f0b2c,SHORT
WP_027308646.1,3e0c92a81192c3a931129b7a74a6f7d075bbfb8fb2d0bb8414acc4f1e277ef4c,MIDPIWI_f083a291790e8b59,LONG_A
WP_027412346.1,73dfa747c6dfa2eb03755cbaa8039298002e8d40eb8dc83de4af004ba595750c,MIDPIWI_7cbc50443d979804,SHORT
WP_027443719.1,147d5dda1bb44b8570faf92e476fa2986846ebb0c9cfc0684b359e71033f1b5c,MIDPIWI_6252b1efa1b07a1f,SHORT
WP_027844945.1,5134961a703d0ad2b1b2569ae49ce83d3f5f5be22e65da7b25dc4ad3c3fe5166,MIDPIWI_c53c657aa4272876,LONG_A
WP_027853031.1,4fcaae7a417e05b7c093241171d2c04639aeb29242d995872248648eea5d1a96,MIDPIWI_754ddd7eab51cd1f,SHORT
WP_027879788.1,dc7c75ae9d1ebd74acd9900c459793bfae8c7b5985db39504c4adeec0360b356,MIDPIWI_427dd7b1cd2f820c,LONG_B
WP_028031285.1,dd5ea6cf74e98adb8f0e1e815e98b33cd11a92d5bbf429733d4cdd34167fca3e,MIDPIWI_0aa9237ef5f4d242,SHORT
WP_028057924.1,3070f9b877215db403ef379936490bcff81e9afd736d5aace0360359bb6e9b55,MIDPIWI_6e31764575aa3d77,SHORT
WP_028095444.1,f53bf9977fcd5f0a389aca6232f6b775d24aca15d71434d5a4b3e15483ee27dd,MIDPIWI_0eb56b911e1ec74f,SHORT
WP_028223139.1,c38b877a695abd0ecda5502953c40d73f14c56e253f6d6b59cfac6433329a4c3,MIDPIWI_bebb20684ac66b00,SHORT
WP_028306819.1,b27924ec1c0ae5567547aac5a07e80bdb21d036e7d6495a991362d8497d361a7,MIDPIWI_79fc385024d783e0,LONG_B
WP_028343463.1,46f4641caeda9420bc7f9e23cbcb3175b653df661c020ddc8843f9d7f6a228b2,MIDPIWI_399d13ca96076894,SHORT
WP_028359221.1,f5fc237a446c732aedf2530c41df03fd7709cc93691f7ecd20f461d18c5dd456,MIDPIWI_9b9fd5a977f395d6,SHORT
WP_028363061.1,0de6a6e331b24823e358d16b74cf7c526eae804c253a3c15fdf904d7f08cedcb,MIDPIWI_3abadc0b00ab0fd6,SHORT
WP_028663822.1,c1524f1ef815584e8b1846740b4b6af201f4d2454124038bd170072b57c23399,MIDPIWI_cc1a5955eb06ab88,LONG_B
WP_028849835.1,d4d1e33f086168b6fc511cd982f1441f018d91e6e9b11896a98b801d217d0e81,MIDPIWI_41b77454d0cc0f0f,SHORT
WP_028894342.1,f8bee2ddf3100dd4f8dd07d4c2820710225d38b015193642ff9765c3fe20b8f0,MIDPIWI_77998d35a8cdda53,SHORT
WP_028947682.1,7d7ea118d616651111049cb0fb8425a770e1daf25dcb13b454cf19f647160c84,MIDPIWI_c1bf397d90b86bd6,LONG_A
WP_029005632.1,b866eab10ff9df4668b81f1c1056cb3492479826dd235d06fee2d9fb3fa56153,MIDPIWI_94f16e9e849e1d72,SHORT
WP_029134084.1,db868bed769ef803bee7d65d2f8252bf469a3e361b9b0226c5b5c3f3031c8b5b,MIDPIWI_7135b7021d05d9a4,SHORT
WP_029193119.1,d03d9533a3ee13a802ed29768c3f10368c9795b161be326a4aef52fbc3a1609f,MIDPIWI_105569cba2c176c9,SHORT
WP_029585865.1,0406f45feaf2041112d23806e2d0547260a4a7ea787052794f21282d0af772db,MIDPIWI_309844c80b1c514a,SHORT
WP_029630398.1,e25a22421977658f158f7197fa703f9ca6e26bbd17ac982d261f774f17c4faf4,MIDPIWI_17d7a8f28e69699e,LONG_B
WP_030007227.1,5756d0f79319e9fb12a0cc2179c3b6466559efbf611146a7b358ea86910be8a1,MIDPIWI_5bb5da5abdc9590b,LONG_A
WP_030101561.1,753f858c3d9d1649c52c3ce6e3d082f9ecb5da09523e3dbba7d2b71439d28f1f,MIDPIWI_368ea5f2ee22f6c4,LONG_B
WP_030102812.1,c34ef1101ee6986d361c4daa43c9f1621ab3df82d3a537c15d7663c0a6fc8869,MIDPIWI_9b9fd5a977f395d6,SHORT
WP_030421331.1,4ab1277d236fba36efbbbc6a9928bcec399a819606acccd5d7bc0949c7e729fd,MIDPIWI_ab5db1ea92121f6e,SHORT
WP_030443103.1,fefdb84f7da7af4fd1430244449524714c9ae0bfdd236de8620a5d9cded88b62,MIDPIWI_a13be9339e212703,LONG_B
WP_030539671.1,721ea64861825266f2a5253816c909bebe1a2df2b8e963aaa1799ca4b6234457,MIDPIWI_2945461977df4a92,SHORT
WP_031194042.1,9301c7732ad1d15340584cc4f380b1bf6d1e838c723366f655bc56b69e7d4481,MIDPIWI_2851b93add3c6980,LONG_B
WP_031233806.1,fdaa8fd86b70cfcdea9ec2e9336dee1b4542a7db807238324bffbdedbfc00a6f,MIDPIWI_b936b6d409678d70,SHORT
WP_031431803.1,06578c4c591a2578fd4738a6e4717701d79462ad0c3d50b6757951f201f1cbda,MIDPIWI_030a536c9416cef7,SHORT
WP_031431988.1,2803148147d169e9793241de408dc5c5aa6c81ec351a98663c01529b5eff6fbc,MIDPIWI_5190f7c2ab15a406,LONG_B
WP_031452536.1,5ddaf1724ea89d489fa58a0ae68eb354b498471a3ee035cb20d35006be936c8c,MIDPIWI_11b445d833cc64ad,SHORT
WP_031556059.1,028c7170aef7680464e703e24346772f7f5e067b07d6b58d726069ed5845ff01,MIDPIWI_60745a3654ed88f2,SHORT
WP_031656931.1,0774ef00ffc726f2f12489f9f61b2b11ac1a0091de6a6f441fc66365dd9c17fe,MIDPIWI_5190f7c2ab15a406,LONG_B
WP_032135203.1,ca9dde718c987aba26fafa05619cabbe1436c53145cc193e3234ac4a4d362425,MIDPIWI_15f78a9f7a1bcf23,SHORT
WP_032541218.1,64c2d0f8b8d3347fc730545f3a98619ae3a54d48d0fba8554384e95b28c02b40,MIDPIWI_ecb0098d1446c517,SHORT
WP_032939873.1,8235fc1839e2d3a168c84b48e221a8f57f79b37cfa92ce1dddf8e74da40ad59f,MIDPIWI_7055e2ff1ec30081,SHORT
WP_033435353.1,33606c3a8134a7ce22b40fa22954960bd9dd99e8eb6ecbe1583ab517476f07c3,MIDPIWI_e1eba32e065a1a71,LONG_B
WP_033463414.1,8339c24e58bf23805b1c001941e032f5f042964edb0af732eba482366536fa15,MIDPIWI_b335475c72aec239,SHORT
WP_033572516.1,c7fd3c5c757bae3fe02969ed22a43ac9331027f247da914aee0b6d4fdf07257d,MIDPIWI_ecb0098d1446c517,SHORT
WP_033851601.1,898e6cb0f993f4b1ca046f9aea41a9dccf8f2427240d4d85d69ad73e5e91d1a5,MIDPIWI_5190f7c2ab15a406,LONG_B
WP_034345674.1,0fc326418eff854b109f3ecb3400bab9277d612555f9b0a8a9fae664caffe14a,MIDPIWI_2725ac9d9f40adf5,SHORT
WP_034385873.1,9e93a1ab91805e05a6870015f6260a780a04819d9ee5aea2877c668f68503a8d,MIDPIWI_40ea91037396be6b,LONG_A
WP_034404411.1,f9e517157ec2ab804850460a30594604e6514d5efd3df5ec1cdb3410b6f7fa58,MIDPIWI_0d40193e61a3a396,LONG_A
WP_034679766.1,e54dc411c07e9fde597567a56d6468a9fddc3864646a4ad89c3345a3592309d7,MIDPIWI_02406a431cc6cc30,SHORT
WP_034728376.1,2609144da389f4da7e682ee376e696efdeb039c999ae6fd000940ca2d769e8f0,MIDPIWI_6346993704d93107,SHORT
WP_034768861.1,756ca65440c35283133fb94958a0a48aff002ea786aa08c3db55cc725a5e7f6a,MIDPIWI_cebdd809788af22f,SHORT
WP_034806158.1,79ea084f750a2ddd75adbac80ad2286e87cfe64ce72e11e0131d429d449f20aa,MIDPIWI_2b3ed6ba3e8dea62,LONG_A
WP_034824194.1,06ededa2c430da80dcec0242bb65d3921c137272eff3b0ae59200743d2dad890,MIDPIWI_b0458f1f221f9be0,LONG_A
WP_034826052.1,04c2da1288d4c2c88f2d81246d84459341866ffec419ac549728095727d70bae,MIDPIWI_75ca729aa543e200,LONG_B
WP_034870033.1,248fb65d147af0eb198486eae0b31614c277dc4c06c0c8f8ca407a099012fdba,MIDPIWI_02406a431cc6cc30,SHORT
WP_035063661.1,8362240c6c4f684e6002ba90d602ef9ba4031bea65f6eb3c34fcf76574b61cb0,MIDPIWI_16f8a17656cc3cea,LONG_A
WP_035065747.1,9e43bdd9a5d77f6251e22ae1ead34f04894733344ac3b8eb00c7c0e43f89d7d9,MIDPIWI_16f8a17656cc3cea,LONG_A
WP_035133775.1,7c22b5a5570efeef4d56d12e0f10f7809d0b610beb3302eb441ba8f6e06de8b1,MIDPIWI_e8a5711f6065f1bc,LONG_B
WP_035210974.1,42b7be107002c24bfb0f09191bb4e6e55c23caea582556fcad30850b209cc2d7,MIDPIWI_92e142231df80aa7,SHORT
WP_035549539.1,16ccd381d31231af6a179b29416aac2be6f5dea3c14fc940e68151850269d3b3,MIDPIWI_c6fbb9fbd30e3122,SHORT
WP_035619941.1,fa42ed182b9fae50aa62037788dbfaf2e306cae0da9a9b1799d7cf9e9a559c9d,MIDPIWI_5190f7c2ab15a406,LONG_B
WP_035658611.1,39e56e377a30e9290a1283560063ca89a7a3ae605aa94f82f6a52077a90f4a74,MIDPIWI_445972e12d9f5127,LONG_A
WP_036211522.1,d4304df9deb9a697de71fa37cc657a4fbbd4e5a8dcc4ce3809f5f7fd3dd917d2,MIDPIWI_de78cc94b1f0b12a,SHORT
WP_036243660.1,c2c1ff906dd61e11f8e2d3595d8031f83f9ed97716e2a68db5a657e645dac3ec,MIDPIWI_922ba4857e7873f7,LONG_B
WP_036250713.1,d737303023891b86f1ac55fdf2b34e7daf353bd56d9f61f0c3e3f4e3be979e92,MIDPIWI_69c1aca71542e739,LONG_A
WP_036253794.1,541ae87c76bc76dec6d482905b25f371427e432685d81256f9ff1a3e80b8365c,MIDPIWI_ecfb534b0aac58a9,LONG_A
WP_036284033.1,2e3fe4ab44719145a5e7e22d7d0e62ebd698a02119e2116d42c197fd8ea496de,MIDPIWI_08a71e1aa32199f7,SHORT
WP_036294986.1,3664ca7913f5c3f3ba4d592cd249ef6fe3f09639410ef914aad950a2c86e14fa,MIDPIWI_69c1aca71542e739,LONG_A
WP_036488545.1,b72fbb708d8071886aacd6e1428eeda262efd0d57b7675e10c0cedcbc0865606,MIDPIWI_67276f2cf351e658,LONG_A
WP_036632783.1,3d766333bc90befdb5e4e3ff0eddd349b9fa7aea9e9063766da091c57b72a930,MIDPIWI_e9f7b15f43055028,SHORT
WP_036798916.1,b6f6dca1c49c46dd7d467d09fbc2aaa5ed058a1f53c7298d920e52ce36c7eda6,MIDPIWI_d7449478cfaf66a8,LONG_B
WP_036828494.1,3bbd7b6a85529764550084c8ac6cdcd8d5e6b6326f018fbfaaa1963f031683bc,MIDPIWI_a9aee2824b457139,LONG_B
WP_036855842.1,407d58087867e13cb05de514e49611972b6130ccbf810a68d1c23251e686b836,MIDPIWI_5aac3eaa8bfbef61,SHORT
WP_036856560.1,19951553e8a5d5046cc2e0875908415b6d90ec6a8be8a09c9247d6ac7cf86c4a,MIDPIWI_ac2d754c0d192209,SHORT
WP_036883142.1,a223c3f4836ae4fb7e88d81b13252423c74329eeae77e352ad3ada9bb939c9bd,MIDPIWI_f8286ceaa519c22a,SHORT
WP_036958753.1,5c8617ea9afe28ad3b8b02bb804ba9cac4d47e0011c7c91117ecf2f646e5ca93,MIDPIWI_fb96830602857bfe,SHORT
WP_037057030.1,b356f795c2e274ebe57cd8613c9f81212c8680301e0f1cdc576d3021ccc310fa,MIDPIWI_065eda7d97120487,SHORT
WP_037165530.1,b6f33e018b25c5120939feab5c670f8923cc9297fbaf623de11a282e39199b3e,MIDPIWI_3551ab13d87bd357,SHORT
WP_037187053.1,5b1b6fd6485d6ab98d494e452b049757f2d844ee55acce886aa8944dce10607c,MIDPIWI_dbc3385b257ba8b7,SHORT
WP_037474223.1,eee2832d412e534f7197a1d51d5f49bf9ec7ad5f081c0b9667f29eb25c85fd2b,MIDPIWI_929b1b838cb8047f,SHORT
WP_037510712.1,35df1e248fe5a8863813e3c6757cc5df3fe9610c029a3265a674d35a455bd54a,MIDPIWI_929b1b838cb8047f,SHORT
WP_037716572.1,ed1e63f25e0d4bb9133ad588ed97b0a9a7c6bfc07041116557c8cd0e0a4a5e54,MIDPIWI_ab5db1ea92121f6e,SHORT
WP_037994439.1,21c76244deb3cabca8dea94347d52acff8e0b5738f259fc3e52ea37e6463190d,MIDPIWI_382bde9b47781dc0,LONG_A
WP_038030409.1,cf3eca94c65da3faf80f770c2bbd053c98355006c32cd201e6103bd996cdd16e,MIDPIWI_8f62696f35d47c47,LONG_A
WP_038030576.1,8ff2a5649bcaa51d1aa885c185a8b4cb4dc1c16e14dd731b097fd555fdf354b0,MIDPIWI_a7bfe575ea5dc2eb,LONG_A
WP_038044516.1,0f9f6bc2778d4a65d522fe55de21e25e03d7e99c392126d36c46f5daedb39ea8,MIDPIWI_d7011bfae3d5743c,LONG_A
WP_038066338.1,74ff6bc04cc2f7ce5d6a366e385e54bbc29f8374eb9efcb88c8425cc20c28de8,MIDPIWI_40cf45257e222bb7,LONG_A
WP_038205792.1,e5d1a17a0b236a3a010c5cda778506b906cd54da7ff4b21a17fb976cb8fd380a,MIDPIWI_95f9c25e53cd83bc,SHORT
WP_038507007.1,0a85cf71e384dfcf551906f088f03d9d6337b13b1cf02d94d1b229a669bcb9b3,MIDPIWI_427dd7b1cd2f820c,LONG_B
WP_038562081.1,cbe7b9cfd94cc0453d7fe780f4570c3cf68376bf18f43d505cadf8d932efa243,MIDPIWI_4282334ed2c91133,LONG_B
WP_038936587.1,686e5fa02c1736b751f89b10041e198ab5bc19bbd3316b9a4702d81b32f1e351,MIDPIWI_3e63621321edf306,SHORT
WP_038943876.1,4a549ab78f54a92046d56684104a562668bcbbf6b16548bc9e9ea970e042a582,MIDPIWI_dbc3385b257ba8b7,SHORT
WP_039394112.1,36b82b6564a0a6bce843b3c949c6f92a82400d582c6c0c31114d81c9f5135a4e,MIDPIWI_929b1b838cb8047f,SHORT
WP_039442424.1,ec9c4a58d7d9bdfbae4ac789ff6ec75b5175d5203210a245eab3ccf368cda0f2,MIDPIWI_0f4639929da3114c,SHORT
WP_039457454.1,cf3eca94c65da3faf80f770c2bbd053c98355006c32cd201e6103bd996cdd16e,MIDPIWI_8f62696f35d47c47,LONG_A
WP_039925744.1,4fae1ad1d4cfa75b772c81942c2fa635c57b0132320af091fcfe62f13ef42b0d,MIDPIWI_cf5eb17311030937,SHORT
WP_040282634.1,fa32f25cd5a0bdfc62b59363674b0e883fce5627937cb388a3bf48ba0e396ca6,MIDPIWI_8591ee5184712cbe,LONG_B
WP_040311121.1,0b84507b006391246411c6411ba5567ea7148f064ac1b9345f7001ac8ef452e8,MIDPIWI_ba4133f35d70c30f,SHORT
WP_040843044.1,1352fca28f2af1c12d43c2d3e20cc2f9af2def4c18e50da069dd721c8d8c5f52,MIDPIWI_34a0ae60c7e49d2b,SHORT
WP_041081268.1,573cc7fb18466a2d00195428e1056e7ae7a037eba07018b2bb1a0460b157d509,MIDPIWI_d89016830d266993,LONG_A
WP_041339469.1,aa9efa23999eaacefbe73ce2d3385451f0b4ca2a7e8f3d7b1f497de501fe3f7f,MIDPIWI_c02b047324a6ca08,LONG_B
WP_041438497.1,a68e2662db027bfe2ded41cee3530d3408a598f5034f03c5170bdbf3a8532911,MIDPIWI_dd5ae29d2187891c,LONG_A
WP_041440484.1,376c24caad8746a93df9ca80a5c1eeb2d0bf5042aa89c2adc3e0ae74bab686af,MIDPIWI_a99216865b253f0c,LONG_B
WP_041514531.1,ed5da01abd70d4c7b233a49d9a6ed6382adae8973b1621d8e55609ee2d199451,MIDPIWI_69dc7bfe7e87ba94,SHORT
WP_041864519.1,5dc720cbe00451c7a1c4ba5bc393ec895745cdd02b968f434a18f03bf331d05c,MIDPIWI_75cb2607e0318bf2,SHORT
WP_041932423.1,2543041a69ea58254bdc42a7b776e13cf4d4a09fbf4f5196b5df0619ebf4a749,MIDPIWI_9faa5be1ea880d10,LONG_B
WP_041946582.1,f7cb6e1d1e3774d6451f1f513064404a26996798d378818199505f5978273f99,MIDPIWI_1c21314f688d5264,SHORT
WP_042061209.1,5c8318625dec8cf79e85822fd9afa500dc4c1f57b72a9d3933d899b6852fc95e,MIDPIWI_5ed166cad7bb6cd9,SHORT
WP_042087937.1,3af8592331b4bf9d9c5998fc3e225be08ab3c9700b3ac4ef2cc160a0648f8903,MIDPIWI_6b2ea028f6f45820,SHORT
WP_042211195.1,354a34772c457654f9366cce8cb420b9b32f893a99d959c237fc1e433b7a0531,MIDPIWI_a330d10b510c8b7a,LONG_A
WP_042291992.1,c9ef907f0882df87c4234e06b0c219cfc2d69c0e732359c0b13442cc270b7fe6,MIDPIWI_ba7b7699ee709fc3,LONG_B
WP_042343949.1,c39feb8ef19f5db12935817bb9df01131f3916920acb711fb7cdee782b3d1691,MIDPIWI_39a76af711cf6b7f,LONG_B
WP_042383163.1,57d18d26377f27b30d4c137a89284d5efa7375d090603d3249bd456ea5e5ff2a,MIDPIWI_29d5731e6721bdfd,LONG_A
WP_042399050.1,3dcb5d6df690fd1659772213ed6f028cf8964b54c0c7cc11e825d7247284fd32,MIDPIWI_f9e3b9a23e67abfe,LONG_A
WP_042419824.1,3f4dd00836f731672e8ff4d8205d92ae28b6c7cccc465ee7a33f3387b37d8594,MIDPIWI_0f227a35f8a27ae7,SHORT
WP_042565353.1,d6a52fec0d1f4dfc56ec69548af5d4b2ffb747016ab063446c9be0681ac9404e,MIDPIWI_c53ba7c996cff69d,SHORT
WP_042571951.1,9f7bfa737fbe1e31736a46966b0056c714f00b2b37f7df36cfe88abb5c4fd224,MIDPIWI_8fa8115bc324468c,SHORT
WP_042608003.1,7bcb7f4ea3f9f3ecf2318f42db7ab1053abdf29f58d94644c70c1841dd5b2f01,MIDPIWI_1d7720f5919d23e0,SHORT
WP_042619123.1,1010595386817ba32cb6c41e782af7a200049aaefab7cb909135763f47d664f3,MIDPIWI_528dd1723001dd7b,SHORT
WP_042896060.1,4fd25fc41b2515f1a6cbf325ad90936e3b864fb845903dc1141badbde7c68f88,MIDPIWI_16f8a17656cc3cea,LONG_A
WP_043061314.1,9e4ec4392aba67aa86ac03ee63a02f1cb2e5250deafc4f96ce6db8f06f2e514d,MIDPIWI_1a514573e79860b0,SHORT
WP_043087749.1,87480533e99e709fb42479128242e86dc90b887f7b8bb65a8ee244f0dd80cdc1,MIDPIWI_0f4639929da3114c,SHORT
WP_043351599.1,beda475cdd8b30e0c27b97452bf9c67057ce4b050ce37cea808e7da00b17c874,MIDPIWI_73ad3bcaefd2f770,SHORT
WP_044015994.1,784a0b1e4116c05a4791c9c696b91177a0b37c6e656d855f74f2a633d1f87167,MIDPIWI_cf5eb17311030937,SHORT
WP_044171549.1,ca887ece1934823841a223ae3d6fd16997b1017ef1708dd75353c46e8d7e6152,MIDPIWI_1307869cf014a2ea,LONG_B
WP_044264717.1,059b34205d854fd0515f495d3b05e4d6b9a0dc2b63546cea132e5c45d0f96389,MIDPIWI_5054d7c38dd2b869,LONG_B
WP_044272246.1,087d4a5b3bff262b1605e31ef1d16b96d3867fa3edd957b6ac8b7c9acd4be8ac,MIDPIWI_ecb0098d1446c517,SHORT
WP_044394679.1,d3d455df47d355ec912a8e5d611f580896f1f6515d8293c816dadaab6cc246e1,MIDPIWI_5854aae093c15443,SHORT
WP_044394879.1,2045b4fa9e158be8f8d54538f73dfd39db8d308eb0925f5f9f07c76d1419f16f,MIDPIWI_1b97de64e32d8e32,SHORT
WP_044400168.1,e501844be3434e14881ec4c94b575b04d793f48cbfec295f342450ad909a7139,MIDPIWI_3007c553b9c09fa1,LONG_B
WP_044449525.1,a10bf6bd9addff17f56bb34102f156bd6ac4d96ed90af5f98c042ce400fc6636,MIDPIWI_ae1731e3c1d2a7f9,SHORT
WP_044451674.1,39aefeadf80cef697630f2faeeb10947f90c304f614ea207a470668cd1eece3f,MIDPIWI_d58bf30f1aa2de32,LONG_A
WP_044518241.1,9f5337f84e30e63ffca3bf39c959ded9fc3fae462e9ccbd1b555aa8d0966309e,MIDPIWI_62bda6f582a9516c,LONG_B
WP_044549173.1,0b1893425a5518e57ce1111173bcb326f3e8a52dafd6ebfadaa65fcd6c2863ce,MIDPIWI_7644c853c08c59d3,SHORT
WP_044937782.1,524f2d16b2a3655db2834415f0c145f4ccfa0b46e2343d9292f1d3ae1fafdd26,MIDPIWI_fbf7c059661f7056,LONG_A
WP_045054463.1,153738299519fab1878599f8b0d95c927406950a822db13ba4c8500d0d2c8d2c,MIDPIWI_3d7828e6fc8b6e2b,LONG_A
WP_045057111.1,7f2c2ef5b558ebfd910254747c354aac34e993bcdc877b3801c414b40b9a5060,MIDPIWI_896a60d3c78d5e99,SHORT
WP_045124563.1,c8ed8050f55ceec3602caa033fc6cb8a0b860c7daa032fa1f59efb8b44dbcf11,MIDPIWI_5190f7c2ab15a406,LONG_B
WP_045126888.1,38eaa33cb6aa31d8d5bf6279fec411a13be4e1d1b9b0c9bc48b67a590118ec37,MIDPIWI_702bc727f3673e67,SHORT
WP_045143632.1,90a75b6d9303f01e03444a510070338525bf4b7a10f65de0d099750ea57b5439,MIDPIWI_a68f486cede74a58,LONG_A
WP_045167303.1,9b86409f0e851351afa14e64230c03dbae1b2607e43a5c411343a3d8cf87976b,MIDPIWI_ac2d754c0d192209,SHORT
WP_045765666.1,85ed87d594d7fe39b8b4a1c8f4009d3098ddccbc85e35b80e88f3a3983e0411d,MIDPIWI_5190f7c2ab15a406,LONG_B
WP_045834967.1,f50649204136583cb8b1dfa307df03328ab00edf1b1c24e26668fdf414395beb,MIDPIWI_808317a81961cb60,LONG_B
WP_045964484.1,fa79a8d6901dc19049f6bb0ec21290d62f2ebfb9854d4f81a5d9bf410c82be62,MIDPIWI_d76cf3665984cb0f,LONG_A
WP_046101283.1,1c091f0dcd7abf8e37b5494f8e0f033115e2eca4ed0a3927aa10943bb8063feb,MIDPIWI_5190f7c2ab15a406,LONG_B
WP_046237973.1,3a30dd71f31e1ec5af7593ba6fb2427395dd1591d2abab4e7b3d7f5f487e742d,MIDPIWI_1b4013c2dc00d6ab,SHORT
WP_046408758.1,471a255518a592aa792fb647692ac5be683b902744512dc5b788eabc197ff3df,MIDPIWI_269deb3a6a786d0b,SHORT
WP_046756490.1,bf794768dfaf44bb0c907696e77acade26b324974c9ae662f6c81f262fddac56,MIDPIWI_b3d4462dd30ef46b,SHORT
WP_046846063.1,45997ce2c91b70a2a8d17514c8edd56296f2108b7d36a5b04b6f19aefe378e3b,MIDPIWI_ac36e95b06586d73,SHORT
WP_047265940.1,1c5d699b4d28a95365f2fa059dee13202af41e01cbad43a0ab20a834d4621729,MIDPIWI_95a239b342e83cad,LONG_A
WP_047361658.1,7648f2422fbf72aaf25bdc5aef25fd3e4f2fd6e9c91d3472ea59b8c09738731c,MIDPIWI_5190f7c2ab15a406,LONG_B
WP_047388363.1,f74af1d245e591be11ac82d0ccd7b8fd8383ba9c7a69b6e4c60e8b274266699b,MIDPIWI_2db836dfd5699b91,LONG_B
WP_047451873.1,41604008f2e16ab877f8f274e443a9e1e371449052f9caaae5e76a68d5808493,MIDPIWI_e1c4be1fc9c570be,LONG_B
WP_047468664.1,96be0ba04dcb7817fe00f344d19e5adaa72742fb5ea9ca21d2e27dc916cbfe9e,MIDPIWI_3451ca24e001f6b1,SHORT
WP_047479138.1,478f6cc059613102da8123cf05dc02a14d544c9fe59e6457f24ee83d4e55276a,MIDPIWI_e96679bfc0caa1fb,SHORT
WP_047547418.1,b3515de3697a09021c19a7328986141f4f3ca869294005641c93fbc1e9e314f2,MIDPIWI_2b340e04015c4ec3,SHORT
WP_047564308.1,563bc89d795c9ef1fd10bc7a9485dfe7e3f44c82a9c33026e4add74d8ca55aad,MIDPIWI_7ca8f8ac8a6f0b2c,SHORT
WP_047589627.1,d62a76500422a01542614fbcfe04b96b572330e998ee6bb928c04387f0c8ae6e,MIDPIWI_d8e8ef55cc347b83,LONG_B
WP_047618200.1,8c5a9415fbf9210499ce2fc6ec571b6e3f7218ba9386e94cd0b219e576aac7c1,MIDPIWI_ff6fc514811c3f90,SHORT
WP_048090858.1,f390f81cf9cef79e372d9e294657be888f6927564939ba15192fc6564cc7a257,MIDPIWI_4f15d81e2dca1fe7,SHORT
WP_048095815.1,87bf0a36937f5f30853cb3b086edb4d9c9cbfb3c49562f435899f6dad3759276,MIDPIWI_1b637e40e964d7d8,LONG_A
WP_048159825.1,c5414531c38b86282fb0450c48ebf39598d26775cd3813f14bc3c049229b7cc0,MIDPIWI_b6f41fd04b2a1d4f,LONG_A
WP_048201370.1,f7707867e739ba306ff65d84db8e5a7b0d0c3d2b9f70ad70de80b93c5f4c7422,MIDPIWI_af845294d5fc1929,LONG_A
WP_048500688.1,956015a3d95af2d601a938c3303a9f036545631b98e5a4d229e9a315e57951d9,MIDPIWI_1c1012cef86f4915,SHORT
WP_048755579.1,396e34ecce452405ca28ebe642c9b6a91a3a2abcefde12e59a7821594c731e6c,MIDPIWI_93216f4669e5e3c4,SHORT
WP_048925809.1,3a11571d36ab9a241d8ac193b587e7d722042825fee2ac57e7326f7182ccee3a,MIDPIWI_abaef2ee6c2ee8c1,LONG_A
WP_048931269.1,e5148bf24c3edd475d50462846d2266ccc058512a779495ab9ce696c52c82ef7,MIDPIWI_f1a0592a9e0e95ac,SHORT
WP_049284969.1,e5d40182667741a75f73d59257ffe3e6523e42ec2dfb53a0ccb9c194c0415678,MIDPIWI_1b4013c2dc00d6ab,SHORT
WP_049625402.1,78a8db527ff1ad4b6daf3ca4dcc88965828d0edf0d212bc0542ebc94df004e9b,MIDPIWI_29d5731e6721bdfd,LONG_A
WP_049720106.1,e1f2c2303b382d2264dec0a6be555a67c124ff9bacac7d3af192016f9acb7d83,MIDPIWI_382bde9b47781dc0,LONG_A
WP_049724747.1,d047b8860bd51d5754db9418c18ead201ac2e910b2b31061a3e3ef34b1aa656b,MIDPIWI_5190f7c2ab15a406,LONG_B
WP_049759955.1,331483c390cf3262c02b90a66ea53fd21409525b67fb8da43c8ff99458f022ac,MIDPIWI_2b3ed6ba3e8dea62,LONG_A
WP_049772080.1,6106af86b90a78b07a727c14ef3885052a0925cdadce8c2286b3e29a0b43aa83,MIDPIWI_1c715db5de08b414,SHORT
WP_049801371.1,bc1dc1ccca592773edb6abac5415a9428a06b5bc4edfd39d867d97be2047398e,MIDPIWI_c1011fde1a5cf7a8,SHORT
WP_049858649.1,29504a404fc9bc2931203697462887353b875800f63e7a1ab0d6b52ab64a51a1,MIDPIWI_f00f8e7bc1f10d16,SHORT
WP_049907365.1,0351b222f4ed005eec2d74ad9df7cb95b7f32d44a746c56ce4f32eb2a8f5dd8a,MIDPIWI_1261d5ab6af3c92f,LONG_A
WP_049912037.1,87275f602a75c5668345d44db31e150def8f1554fc4e35740c935669c100b83c,MIDPIWI_58c58931d1314be6,LONG_A
WP_049917000.1,5644b0edb36046ae57342e2aefa42927f66f62c7a6bd35ac995844f0063e2e59,MIDPIWI_0fbd9a5cadd1a0f7,LONG_A
WP_049923881.1,84b692c51fb17d1a609e492882fe538c0e24cbbac26e0f8bbd05fe3ce05c2478,MIDPIWI_9c57692bfd4753c5,LONG_A
WP_049934199.1,4eb3e6062915c9508d58553ed26c01bc7897e8ece52935f4133b70db3226ad30,MIDPIWI_b29e55a97cb81a54,LONG_A
WP_049938490.1,720a686b275726207ffc24c5000df8fc5588690804c4ef1e5389bcc3fda3e945,MIDPIWI_12a0cdebdc7f010d,SHORT
WP_049943687.1,d0efd6951c85b01056dfd1274d7f39fd2b981eb39c837b201c0f7de3d4fb2d13,MIDPIWI_12a0cdebdc7f010d,SHORT
WP_049969002.1,ce1d96db330ad53f4a5ebbf7a83352e104484f4e3f52a4e0bdb94032d489c9fb,MIDPIWI_0fbd9a5cadd1a0f7,LONG_A
WP_049982463.1,d9763674811cd1fac0f34782180bbac3ac6adcdc91d0ccb152f6c058bef77b75,MIDPIWI_76202a0c74eda382,LONG_A
WP_050002102.1,7a0bc27e666e532a8f9f5b2fa8919e304770b65e98a69fa98bdaf609647f9481,MIDPIWI_4a43f61a07ed9c4e,LONG_A
WP_050117363.1,c1a799216b3de68a915a725c1aae4fac789ce7dff99deb5ca304ee7dad0f26ab,MIDPIWI_5190f7c2ab15a406,LONG_B
WP_050399988.1,9f944a5a1d374e62bfd8f3c2367b1a7034850782646c1e7fc113ac6520a4f69e,MIDPIWI_3e63621321edf306,SHORT
WP_050403924.1,f113ef2e9676b3dc935e7a4dfa6fa45733d7d06b853244e9abebbab41562a3e2,MIDPIWI_b0d5a84e9f10586a,SHORT
WP_050475206.1,964a819ddf55693f92f0b467e4380508eeaf320a5b11571a4e2410c8db35f3d1,MIDPIWI_4dd00ccfddadcc4d,SHORT
WP_050617980.1,548df00e8d589dcfd7c43ea043853f360c248b3b541785baba5c3e7316dcf0b7,MIDPIWI_fd770eb1b3f6981f,SHORT
WP_050783877.1,b0e86e4d9ee275f7b22c0a32fa6333ec9180a7f5a5f69d131719577e5b93cd47,MIDPIWI_d29320a4a6f7b09d,SHORT
WP_051044347.1,3492e435de701ce9923018e2c26ff3a82352f9ff2466ac20d95d6f430aabee6f,MIDPIWI_94f1d06e4196f1a6,LONG_A
WP_051050569.1,e55cd89c5cde443fb6b73da9cfeeb0e31a10eb62406b4811874b2202c647fce0,MIDPIWI_725a2d945ee5ecdb,SHORT
WP_051144000.1,23d56226da18cbe406ab752cfc87bdcc7f0529eb5ea7683b3459fdc79c427763,MIDPIWI_c04318a2e68bc077,SHORT
WP_051168181.1,4b96e6683463eae997ef1185535a0d0d0d6a245af40447f4860f42669450b80b,MIDPIWI_27ae6c620e88c24d,LONG_A
WP_051227128.1,f7057045ee04add14aeb28ccd0d739188eb867b963308d59e82bc6c11e30900d,MIDPIWI_bb772459c74d4416,SHORT
WP_051444181.1,387da672f175bfc4e4a0a6ac9002b48929282c9964067d2ccd2460eab4b277a1,MIDPIWI_c4a4d17cb797992d,SHORT
WP_051458318.1,83cc58e131c641ae47cf40d04b9dbb93456ba1e225b68b1e9fb30f719be5b999,MIDPIWI_56a0eaa58582d1f0,SHORT
WP_051559024.1,f29d944978f945e702311873068d2071f79327172b36afdd8bc8d2f4ab87fbef,MIDPIWI_109d9ca08b8e14fd,LONG_B
WP_051642935.1,9d3cf37b7fdfc8ce60d313cb6c907e1cb31c7c8b9c6854b37b8f1ed79fd56b72,MIDPIWI_78d33713b1a920b2,SHORT
WP_051645823.1,81897edbf9f69049a0c63008e93e2c3c44e331dd448d864ccd1e7f98badbba1e,MIDPIWI_fb4f3cc1d5777f04,SHORT
WP_051660779.1,4dd243fb3f1fb28d05f1a9d5f7060667fdae36895ca0be9449a481ae4c192303,MIDPIWI_f7d9c99a45ea4db5,SHORT
WP_051761427.1,1054387ee7dd7b44cb0d294ae577606a59a3e79bd64b33e6199955d59b7fc889,MIDPIWI_56a0eaa58582d1f0,SHORT
WP_051880056.1,75b26e5a36524d52371d96eeabfcce931f79ce1b82100983286861b6eb0b5b71,MIDPIWI_9da9af5577491ef3,SHORT
WP_052067485.1,4c9dc723d0f66f33151b1b63ecb7bc73326c800bf116ff0e5aebff0e6c156dd8,MIDPIWI_9eac76e62fc89675,SHORT
WP_052142878.1,28060c5a815417c5c8d6f4ad4f11e936b62554149ee8b7209bbac2f36544baaa,MIDPIWI_f404aed597ffb069,SHORT
WP_052192192.1,a14a4e49cdb9cca11705bef70dcbd69975e0b3e16014938f7d6baaeb652670df,MIDPIWI_07733cf03fc7d206,SHORT
WP_052287949.1,b94e0675a586fa110ed765b1ad20562dd3ef25a8d092a0362d2815aa31271ce6,MIDPIWI_85e49c74f37c567e,LONG_A
WP_052303232.1,15a779f9e76ee051861c7bda1ac81d93753350b075c8d0904efefb4b7129f705,MIDPIWI_bebb20684ac66b00,SHORT
WP_052334926.1,8f1c813af20a68106b2f27c29ba23019cf867d496def12aadf69d5af726b3732,MIDPIWI_c001ef051de1b9de,SHORT
WP_052368014.1,4592edf5d59c81ffd977872fcf9b836110f0af2ddeafff4aa22a981403aa427c,MIDPIWI_1acdcd5dddf18095,LONG_A
WP_052564896.1,4d9576a0e9593b2ccbf153af7cfe3e637d6ccff7b0b2e79eb36b5da4c3881f09,MIDPIWI_459d39e5409cf9e7,SHORT
WP_052696789.1,edcf4e0143e20ed376d2dfa4e6857d8448a6427197a7fc19f6f47e4cec92193d,MIDPIWI_59187778eb45c15a,SHORT
WP_052698403.1,9ee663035d1549050d18b6a08c39d35694c77253030f9b97187f19224ffced99,MIDPIWI_4f319225148da75b,LONG_A
WP_052744931.1,72b8728b316c037eb4ec630b37a3af1db518e74c21ad27eee0ce0848ddef0ca7,MIDPIWI_26821bf7d1e39c97,SHORT
WP_052755409.1,9234093828f53a5ed0d314fdc41b58d08fbdd08e2f0a4915dc30c61e0152d64b,MIDPIWI_3fb6a6bb9478347d,SHORT
WP_052846682.1,bcf9e2ee70cc95bec0303b4800e096c419bafe704a55bef8c6e41eda447b1b20,MIDPIWI_0d52c74354374133,LONG_B
WP_052886194.1,42b3ece73450bd97dafcd265650f72b6f44599f7fe13e3fb66f05cbbedc0ec79,MIDPIWI_24383a583ff09086,UNRESOLVED
WP_053058140.1,5e68b1071689b3ba03f3bc3fd51089e8db6ee65a3291a61d1e8fe580834147cf,MIDPIWI_bc98c6b3739b61f5,SHORT
WP_053224305.1,cb46f0b42935709a1ac86a04dfbd63486773b7f4861d423d25e21bb72171b3bf,MIDPIWI_aa2c9932daffaa8d,LONG_B
WP_053244068.1,4341fcc518909ce1a65f1a9c36c71f37ba48fd620c97871edd5f0649a766e030,MIDPIWI_1b4013c2dc00d6ab,SHORT
WP_053299209.1,b30b2ef6e0ff1d5eb191cda38e95d0815c0828a8bb97d455061cd99c0e921cf7,MIDPIWI_6ad1bf875c6944c9,SHORT
WP_053326747.1,fd124f0074b753dc45e1924870bd62cdfeedf34d66fe64898addfc3a402627db,MIDPIWI_a0b79323e5d23f00,SHORT
WP_053381024.1,f870ec5188ca8d2315fdb368d81a522a29a3a47ddfb7daff35c58220bf8482dd,MIDPIWI_4b9bc5ef27d7d83e,SHORT
WP_053471386.1,61c8f78be93a6c18dcb7ab309d682eda6b6fe95f2b4a495559c66eef343a06f0,MIDPIWI_f762dba611974017,SHORT
WP_053571899.1,666190e5a839aab0f4cbcdeff78604aa794816943835aa378d023984e83ead7c,MIDPIWI_2f2f1155e2d495d9,SHORT
WP_053772880.1,0e37eeaa2d050294d62a0d23ca6d91e2205f68602f72904e813fcc11197cfd2a,MIDPIWI_c001ef051de1b9de,SHORT
WP_054163257.1,cecbe22ef72e0f7cad21b6dec3ea2a2cc18e0ed490f958e2088305c6781066ff,MIDPIWI_6ab5e631c275c49f,LONG_B
WP_054211399.1,7f7c85184795c6b796025833741e2af81bec887700915e525d5f9fbce38ee47e,MIDPIWI_6f1393fbf2c2746c,SHORT
WP_054407042.1,67d59b9f0b16eac0347ec75c0b64680816d6158f4f277b9efb1f7115c831d041,MIDPIWI_6797810d355566b9,SHORT
WP_054435361.1,824ca0ead87a2b15e853e4c02bf3313a4d94ff341500b465b61c47593da90ba3,MIDPIWI_24bb39a29ed4f6f7,SHORT
WP_054724085.1,2f67018783cf38d4083dc807bc17fa8584ed6a82f772a0620e0c9e639d9270c2,MIDPIWI_427dd7b1cd2f820c,LONG_B
WP_054725864.1,ce9681f34edbb0f7b0e6d0dab6070f087934f599b5459f4970cd4796d43acadc,MIDPIWI_6252b1efa1b07a1f,SHORT
WP_054851363.1,40cc5d25afde51ad0723bf7784b7b9d438a1ab458a73346d804d0b0e24987037,MIDPIWI_427dd7b1cd2f820c,LONG_B
WP_055075777.1,3ab0f32a51a10f3fe0532769469c0e486e2d0cecb5e6a024267e5560c3541b76,MIDPIWI_7e914b8eadcfc50b,LONG_A
WP_055087491.1,ef33b3ec3f30d80ca2fb9a7e58af8fd1af4fbfba4cba5bcba98df266adbd0e45,MIDPIWI_abaef2ee6c2ee8c1,LONG_A
WP_055111997.1,b672c942ee7f3401a3d1ba6106e53dfba8b396a7cd86465ddcc0c8fd727c7dc3,MIDPIWI_c509984d3b5e8a92,SHORT
WP_055133795.1,e7a8a1b183c05c0d1104cbee7e2dab3c7224584326424813b68eee35c693ef4d,MIDPIWI_35652e3dd11e7aa9,LONG_B
WP_055143320.1,8c588e08d2eb47ac90ab59556bfc8c61db09d612d83ee223cf2d7e2a2af213bf,MIDPIWI_b4f65eb8b8fcedc4,SHORT
WP_055152023.1,d906d853c24627eb0373ef7052994e53c6866137019954d342aa72ca99e27507,MIDPIWI_c44807855fa0c054,LONG_B
WP_055195547.1,d85617e05d69292f48a9ac5bfafc158d09814265686876efd9444a67cafb380f,MIDPIWI_006d4d26a3a42f8c,LONG_A
WP_055268308.1,a01b1b0ca9b930593435d0ddac0aaaa90160cbbacacbf4f8a956894d231b3047,MIDPIWI_ede409acf6ce3288,LONG_A
WP_055276084.1,9eae9e6c0b5396a3b26f4323f4dead541391297d7fa5fe2acd9a35d747984f1d,MIDPIWI_825d491f4e8594a7,LONG_A
WP_055429304.1,f74ccfc433b4732efd3bdf3c1f1bf36aa68fde231fbd20cfdc00ab48e3cc9066,MIDPIWI_31d2abbd12054d81,LONG_A
WP_055441081.1,1f1b240f615bb7abcacede440dc79de0dbade82ef01ec687d141c83cceb76648,MIDPIWI_16f8a17656cc3cea,LONG_A
WP_055808193.1,dd64e3dfd7475cb3aa217705c8a0061459409f949af288cd29b944f71e9ad717,MIDPIWI_5fff8df96dc4bae1,SHORT
WP_056025367.1,faf10c4662541015f3d85c8293382ffa51c3205c2c29943f9ef46c97321c825a,MIDPIWI_78b5ff0f2fa15ef5,SHORT
WP_056034460.1,07934f500caeba1aad0b97380fbfca78f74da6e4a8b165931f647373d1d3bbd1,MIDPIWI_a55d52f1cba720d3,SHORT
WP_056152151.1,a53475164b52b15c620ac77527abd652ca37b9a5900b2dac65e08d2b08b4fd57,MIDPIWI_5986a1090783c145,SHORT
WP_056160044.1,1d02468916dca60d9d57b5301f1e44638cd8d6237bb65798968fc7309b37b887,MIDPIWI_b32d634ad7cad37a,SHORT
WP_056176878.1,067aa5441a1c317bbe81a453bbd973c4480acb45ea90d615b7db4c1a554fdd57,MIDPIWI_236a69bf56e16656,SHORT
WP_056186123.1,7da467a1c9a1bb2a00fd0a28b815e471983e815fe2a98a50fe737cb39402cbaf,MIDPIWI_fb06e4caacb764d8,SHORT
WP_056209640.1,c9e0cde3e12020b1ac43244f6cc47ec1eb423d21171305d88e969adefea72091,MIDPIWI_f762dba611974017,SHORT
WP_056240734.1,3b972c1055e45edec01c93c26264e386a2190e13634dbbfebc3ce7a40d02e01b,MIDPIWI_51897e4c0e9dc5c9,SHORT
WP_056452252.1,0ab9fdb432529bea4892607ac4042c52a0448384aede3b7a5b94fdd2e1d98165,MIDPIWI_5ac8dac88686e0d7,SHORT
WP_056466663.1,292af90fb572136715e1f9e6220ffe5bd88dff06e49c47981078f383f78bafa7,MIDPIWI_3622c89b4fefa11a,LONG_B
WP_056495446.1,adc7259d8b15b02d56d51dfbda381e5cd54e0df53ae38c377f24a551d92f069d,MIDPIWI_ed8346e39dfce681,SHORT
WP_056695929.1,0f4ef1a5b1d33cb70efa0cf0ea55166570c1ed62abdf77f505a230fa87158b90,MIDPIWI_a8f74a7ce2625cbc,SHORT
WP_056888902.1,75e9e82d27cf02f1136e9bcf4386b571ae8745cabe74b3481d93bbff8c7f4fea,MIDPIWI_a739b74acb5a466a,SHORT
WP_056934506.1,ec38e435dd392e7235224443a7626ced23556858470a55c3176fafc07b491362,MIDPIWI_a0a590d0d09485cc,LONG_A
WP_057026386.1,64667aebd8cbcac75df8fdc01bfb3de4ce81bd30eabff51ab0f129ff3fa1fd95,MIDPIWI_4c0cd2b257b8383f,SHORT
WP_057221538.1,1a7a7604f397943b6605e2748df4a1b43bd2aa7bb620caf1a574adf7dd1d7ad4,MIDPIWI_e228f94fb60414d3,SHORT
WP_057280934.1,1a07c2bfd4aae3e218c02dc40e0aebf6e31f6b4c3fa0bba68b308a1777fffe52,MIDPIWI_78d33713b1a920b2,SHORT
WP_057482736.1,a5e7723aa1b468604a5b3555a7821e245cd4430ef4e2542b06622c3b661bcdd5,MIDPIWI_643fb52f2620b7c7,SHORT
WP_057498726.1,977b62f4c4e68dcebdff2cd4719aa840597fdea64cecd0f5fc68e8e6eafad12d,MIDPIWI_0f4639929da3114c,SHORT
WP_057502543.1,1dc21bf672023b356d70d7a9328a3b15f0526c53f519797f76fbe9b7f393e815,MIDPIWI_0f4639929da3114c,SHORT
WP_057834161.1,65d6f9207f04f88eb5341bf9e9a6d30667a787d45b3c8e1e4dd76a8fbc5f29dc,MIDPIWI_ebf530461938f41e,SHORT
WP_058195190.1,fbf40d2bc63e34b62b353d21153645df849e426c04df406592f3a67bd585cf01,MIDPIWI_0ad414b1213eaf42,SHORT
WP_058282028.1,4df8b9ede3affa95298b2e0d9d8d824682e93a52d8c768ce0412bb80d4e4caeb,MIDPIWI_1b5a2e4ae98594ad,SHORT
WP_058316939.1,5d142698ccfc6b34ac552c3496b6c45bba3243debbe9c91d745b5c9776f89999,MIDPIWI_17711c22b49b49ee,LONG_A
WP_058453976.1,e25f24fd5bf4906a28c59c26952d4e7044a0d2504757308de56e3aace1b7afb0,MIDPIWI_929b1b838cb8047f,SHORT
WP_058568616.1,49b7705b37f27bfd5117700f5ce168bb04638f1267e27c2273492654f72aa6ae,MIDPIWI_122ca674f6bf141c,SHORT
WP_058572808.1,342b3447026b617d658c2c16f384124c7147bf7137924174593d7fef2ed082a4,MIDPIWI_e059c57309a30c5a,LONG_A
WP_058745239.1,4367953d818d4701b90db1e17a77926c3fd95754f35ea2f26973ef517ba2d335,MIDPIWI_78b5ff0f2fa15ef5,SHORT
WP_058751935.1,7bb367e8994fb148785a9d0a6fa5da3fce031b0f44c85fce38140104475a8838,MIDPIWI_5501a24bf4806936,SHORT
WP_058870690.1,604a7320070f66406072d59d7f399f90e2f7f8f73e503fe6bf509f9a772ff010,MIDPIWI_5190f7c2ab15a406,LONG_B
WP_058963777.1,1793cf617b0661a82fc9a6831143e8732704f2eaad4e0c140f71274d6e303425,MIDPIWI_fd770eb1b3f6981f,SHORT
WP_058998822.1,800bcf02d873b7fe69e6523ca067c46b07bb7287937e315b6e5175554104bd32,MIDPIWI_7d18ce0cafd9f4e3,LONG_A
WP_059000177.1,23af4f8b69ee158409d2918a8fda34356170ae8cc7e22a6046593fc91ca90065,MIDPIWI_3b6a64f8a6aae61e,SHORT
WP_059333817.1,e7a8a1b183c05c0d1104cbee7e2dab3c7224584326424813b68eee35c693ef4d,MIDPIWI_35652e3dd11e7aa9,LONG_B
WP_059401470.1,daafaebd1594c4d00ddfd167ce289527bb1c8c24f496fd109b6f2f06e78e6d0b,MIDPIWI_af00abdb4e56030e,SHORT
WP_059598007.1,26c23ad5d5b8a8bb09450de7a2f3a939dabb3cb6ed083bb6d2bd31608d1ffc0f,MIDPIWI_9b9fd5a977f395d6,SHORT
WP_059622980.1,d81f3e005aee87f2dc1758b7deef7355db096c16859f5d1a52c6b02e28ac16cb,MIDPIWI_f404aed597ffb069,SHORT
WP_059848415.1,96dd51f5bacda2f3ef58c53cbe62d5d0c29537a0ebc86053fbb00dc88dca4209,MIDPIWI_b8c570426d74547b,SHORT
WP_059875185.1,e80d9658cd5cffa1ef585b5e801fbcf25b725889b74446332030c7931f0df7b5,MIDPIWI_9b9fd5a977f395d6,SHORT
WP_059945304.1,235f80cc79a1df90a652aee869e4af236b824d1ddc9ce48ed2014e320fd2cd72,MIDPIWI_18a7d59355075779,SHORT
WP_059982501.1,8989a901221e82d292a90cf50aaa97fadc642230b625a1d31fb2a992443812f7,MIDPIWI_bb772459c74d4416,SHORT
WP_060074291.1,8d164abf835e166deb130d52c0d72da9b89b9fd134e0a1eb9b28b020a0469b53,MIDPIWI_9b9fd5a977f395d6,SHORT
WP_060274988.1,27ad9b4ba4b0e2bc4ab77f911057da2b3422d93774bac500a8ca957b59a6f120,MIDPIWI_b8c570426d74547b,SHORT
WP_060408162.1,52330b12cafce07b6f1c9732cbab3d171fff8d8263ccbe9102c2d83431c6e2e9,MIDPIWI_075f9e1973f878ca,SHORT
WP_060422788.1,7648f2422fbf72aaf25bdc5aef25fd3e4f2fd6e9c91d3472ea59b8c09738731c,MIDPIWI_5190f7c2ab15a406,LONG_B
WP_060527926.1,1eca622fa8373210c72aed62f1f91e3548f815a08c676086a98982be181058cf,MIDPIWI_5190f7c2ab15a406,LONG_B
WP_060847087.1,6fea2f26faafc763011012957135f00bd42858ec1a258e747aa0f8f283c7979e,MIDPIWI_fb06e4caacb764d8,SHORT
WP_061048385.1,f89987700a54b5c7423cf0747e0c2ee8380c0101ae053b201042e2ad76549d3c,MIDPIWI_4d9dae1364c1bbfe,SHORT
WP_061096135.1,8e413231d584e394c9e3131ca030e676bed73a0a820ba7977cbe6beff176f77e,MIDPIWI_16612ea6d4784f06,LONG_A
WP_061247661.1,fe7bd127d22c0961f1bec95d3aa858f43477160d41d87322cbf89ee8d43aaed9,MIDPIWI_850252f2bd7e958a,LONG_B
WP_061254329.1,1e5445dd79681c7486c0d8f909d49998a00a6715646a25eedee6bfd025496ebb,MIDPIWI_850252f2bd7e958a,LONG_B
WP_061307001.1,2034878efc28b62c96a312aa31f0464846279e7da40aab2aa166883e027dfa68,MIDPIWI_5dc06f89f5dc993b,LONG_A
WP_061437684.1,aae21e62a511583aebbb2c0ed5a9c6d284f4d6eb8cb7770a58708f0c43cc3983,MIDPIWI_57d7ec7d0e6b36e8,SHORT
WP_061516783.1,b93cc795126833cc1d829148fbf09d3d195abc9e90666a80a40dae07fd00fb66,MIDPIWI_46fcecc2fa34919b,SHORT
WP_061532998.1,3d9b93eb04c72dd7c994901d585ba78cac2e711fe8beac88a4bf28a2242956b7,MIDPIWI_3a2cd1213673b02c,SHORT
WP_061880232.1,23361dcad830020e8c865da0745d6b96dcddd8ec8b6d53fa25759b421b66970c,MIDPIWI_f6aba3edecaaef4f,SHORT
WP_061934618.1,c1fe98a83cd97a9f6eb371159eeee34493b3d7a06d6ad8cbddf7b75d78881126,MIDPIWI_ed12fc3562f658f6,SHORT
WP_061958300.1,a09e132a458240f17acfe1f2d535ac50e4f2090cd47c957b50d116fa337e7b6f,MIDPIWI_065eda7d97120487,SHORT
WP_062081643.1,fb0b206007b03aa1f43123c87bc4eb8f767917d7f32825d7a6a82d7a01073358,MIDPIWI_a877e2df50c4b208,LONG_B
WP_062128845.1,33eed230e99baf359b2cbd699ec0d22690d9e3ad9e1a17f96ab04fbdcfdc3b9d,MIDPIWI_0e8f6a716aaa1d26,SHORT
WP_062171242.1,0d5577e48d327dcabf990948d95a3179cbf5f6e84a8e40e8f535b90471ea1162,MIDPIWI_0f4639929da3114c,SHORT
WP_062303332.1,755ad173e7acc7ae887114b061fbba43b1f985c6c1a66e2cc37c3f74c006de35,MIDPIWI_5a16da5ffa401d92,LONG_A
WP_062341845.1,59cf56bc4f23ef2c63fad53c430f6ffff6dc6adba86613ed04c190ae6fbf2f46,MIDPIWI_7913b6b5505e5b16,SHORT
WP_062365450.1,bc5ceb6a2e33b0bc3bbc70a2b1f4fa1dd62c8d8cb931a84b2458e4f5bf016b50,MIDPIWI_ce4142788d82b566,SHORT
WP_062422190.1,b5b95a2cdbf87df2db67e1d3b72cf84ccb2c9b3a3a176484d378cb456be9d63f,MIDPIWI_1741fb4abff012da,LONG_B
WP_062436241.1,220eae2da35edd88887ed742806d6d5cde7dc90699178844a9d8e85d85313365,MIDPIWI_61cd1371a88d7e5c,LONG_A
WP_062480250.1,bc5051a210b656a53f4e17c93a4901e6d6632993ca82e29f5a4eef4804722b56,MIDPIWI_5190f7c2ab15a406,LONG_B
WP_062486948.1,b83773e4e5f06cbcc503c0d921cf96f85bc6e5c68946ca5e0439571aa0ed6f76,MIDPIWI_9ed087bc86431b79,SHORT
WP_062547851.1,012a1dd3b7df4222da4aabe8f93ffa8e9d09f766067a183b087083d002cf6fed,MIDPIWI_4bd8de1f12ee01a8,SHORT
WP_062548533.1,ca92dc4fd56a2ee596d9fa1a767f580c37428704f3fdfd56315600abda1088a4,MIDPIWI_393058759cae04b2,LONG_B
WP_062618762.1,a6e3db71905b246bb2029011aa90cc9ae46abd3f1c0ddb2a757ea9e0a96644ec,MIDPIWI_69476944a744ba0d,LONG_B
WP_062649003.1,ee75ffab8464e13b249803d36c31e5fe5e1c466fe1c6297c5cfebd6dbc1f0ab9,MIDPIWI_ab5db1ea92121f6e,SHORT
WP_062680197.1,4753f961fb6586c8e6396a96e739b4abc300bce5661aa4d880c4eac4c04c2597,MIDPIWI_4d4e01a108301b9e,SHORT
WP_062755455.1,244d92c2d25ff3a080c62ec8e5c06e20a76969525db4a48abef47ed95f265444,MIDPIWI_29d5731e6721bdfd,LONG_A
WP_062769735.1,2a0b4c147df0a6a377a25bcbfbe33c44718d7cd8825162169e6571f98fe84d88,MIDPIWI_640602d684686aa0,SHORT
WP_062785620.1,c53ebebf3c7ccf803de00784078912bd60212ce1bbcc59e7daec95adc119f4f4,MIDPIWI_d1a6ce90752f0ff4,SHORT
WP_063002580.1,f543879556183935ef6f53084e909007a6df77375ba336ebafe1a8186af7ac32,MIDPIWI_525babc9bb5ef304,SHORT
WP_063059159.1,6ebe1b49991aa770279b6a4b45b4e6cf848be9826d13cfa78cea3b9178a4ed57,MIDPIWI_6ca2f80deae677c2,LONG_B
WP_063415881.1,80fdf434f708cf6a2279c03e67f353fabe723e68b0f8933fa89f34e30ff62a11,MIDPIWI_5190f7c2ab15a406,LONG_B
WP_063460619.1,f6f916d3ab2061ff1207535190aa9dde64582064dcc6bc13ad4d58f7259cfae3,MIDPIWI_95f9c25e53cd83bc,SHORT
WP_064030493.1,fb8fba2eac0b9c65d6dd9682a0f0421972d0e3f273ebf15586ee82b4dd87f804,MIDPIWI_b7a15a239ff2007d,LONG_A
WP_064102502.1,9cd4cd7fd445e73c8765ba4c63d0442b7a10d94bad3299b43eb51e645cc84f99,MIDPIWI_702bc727f3673e67,SHORT
WP_064221217.1,e838e70f104010464e149f697a5f36e673fcc3d1b82d7e8c41117c38d2e015e7,MIDPIWI_29d5731e6721bdfd,LONG_A
WP_064665417.1,d6a1266e3da0ee4c3e2d70c43b013291617cbd741b0f26d5313268d66a81937d,MIDPIWI_075d5502fca55f74,SHORT
WP_064683282.1,afc4cac18ed6c5389aa653bd9fa92a591cbc91ef1a9462062214be82eaa45930,MIDPIWI_5f332bd2e619c882,SHORT
WP_064790850.1,015ccef4b39cc006b839aaabb3b497388a3373ebe3604d1c5dca26a77c0e29e8,MIDPIWI_3429df8e2d482f61,SHORT
WP_064801520.1,9f06b163052f49401a1443ab49851522b0968c25314a6fafb5e28dc42359f9a5,MIDPIWI_6ad1bf875c6944c9,SHORT
WP_064835081.1,c126e8add583327bfd885832bfce8d19db299361d66c831eacd2a7ec0d6e4545,MIDPIWI_861fa912d4e302c4,SHORT
WP_065006788.1,d501945419e6d7317fe1d263d6089b4f09f67cab8569bbc942df9ad27ef9b5b7,MIDPIWI_bdd95f5dcab164c2,SHORT
WP_065010824.1,61baaabf0ddb0bb1140064c20ac515ee39a3c8c8170dfea9067e7b63dca3368b,MIDPIWI_fbd4ca8d3e527d90,SHORT
WP_065061705.1,3073b5059eada1e33dc551388103c9b7e52ec464e2122e0b1d5fa1e101f88159,MIDPIWI_3a044bd78201d5b3,LONG_B
WP_065383217.1,e27bbf67dac491a0479a969f79197b285dee494788428a0f08ffb30120517593,MIDPIWI_18168757e4cb9689,LONG_B
WP_065578026.1,6573f705f1336195fa4f375db4e4487f90317731ec8a739ec8455d80257fa42d,MIDPIWI_fb96830602857bfe,SHORT
WP_065656394.1,4c4e1e69a212b9c14b8419585069cdef292021114e8af39aa01090d1d97d2b52,MIDPIWI_3780b55c2578dd84,SHORT
WP_065664089.1,6b08f94a99fc46fbca1ac7a50322e3d480993f09f5a490b5042cd0a2f8f96a4d,MIDPIWI_cb8093b35bb6be84,SHORT
WP_065715042.1,e2c4a8f0ccf1588c41be45cfb2e35f130aac39a6660830d84917cbd889441f3b,MIDPIWI_61cd1371a88d7e5c,LONG_A
WP_065720110.1,d3dc7caf8d4e087c6927e50ca7979bf18655f8eed2cf83840456b858e19c1aee,MIDPIWI_2c56cac13743b717,LONG_B
WP_065818629.1,bdb4da9346521f27670c2642c1a7387eff4afc306f1dfcc17e4cb8362bcd1df1,MIDPIWI_aed7e77795f738c6,SHORT
WP_065998850.1,fe145cf0027ce21716878b4057d2b766a69926bf1f00cbac0198abe796f0058a,MIDPIWI_72cbd79254aff00b,SHORT
WP_066219549.1,2cb04cce9b2cb94f6efc8b0f700ff761194fcd17de81b7e4c71adb61012d22b7,MIDPIWI_5fecd0000ece654f,LONG_B
WP_066419254.1,59714d6a49ac656bff9e4fa8bb7d70bda85da09b03abd21bc46c95441b93e3db,MIDPIWI_122ca674f6bf141c,SHORT
WP_066514271.1,033fbdf8b3ccc251a9f7f64380305abfb2dbce0452e1d8e6818216eb4325ccab,MIDPIWI_6252b1efa1b07a1f,SHORT
WP_066548972.1,51bdb54517d0b95eca5abd40df517b451cd27b1d052e2e92aa4ed368c227cfd6,MIDPIWI_0a4870732b68821a,SHORT
WP_066624034.1,370667846fa988a1f5ae55fad1eb1628f96443d34421dae37694d158d393ca0a,MIDPIWI_6059c63417b186db,SHORT
WP_066664216.1,a3196cd4e58efbafa2ae5d28e767c1a80ad29b49b8cccbfc5d130680619f2ef5,MIDPIWI_6dad7f087375b4e1,SHORT
WP_066752989.1,ee4f2e5cc5d2083b8a4a6068bf986c6c0c4c5e94ab8c7b03399bfe8bb807b443,MIDPIWI_420ca9a6d3eb9d69,SHORT
WP_066798582.1,b6cb000bef809a7d5558d94b1f5bcb4f35f1d08a1794c937f95ea892a2831f20,MIDPIWI_d1a6ce90752f0ff4,SHORT
WP_066978564.1,94b38af7136ecb212544995f3ce59545f3411d71019d519d3b095edd4dae466d,MIDPIWI_260053ecd23c0205,SHORT
WP_067182979.1,287084aefe1c3f84d9687831b17a28602b1b428799bdc189e0b1356fef8747d7,MIDPIWI_d1a6ce90752f0ff4,SHORT
WP_067325603.1,0f8e8122e8d6569440213f99da1f6c2b67fe210d38aa3a4afc348c459c050f6f,MIDPIWI_7ca8f8ac8a6f0b2c,SHORT
WP_067527441.1,fd31f511b400b500e645305efa273e98a6e29e53c95b1a82e833939b67a5506b,MIDPIWI_e6933c269af6dafe,SHORT
WP_067673144.1,7308fcc2055ef620cba87bf835a9704ced7179b456eaefc3225ac8fdea1dcf72,MIDPIWI_3591f2e29f3689c4,SHORT
WP_067714880.1,201711380251e29f424040e9081972fb626a0abbaa5b611cca25903196e3b54b,MIDPIWI_47aac67b81f778e1,LONG_B
WP_067969883.1,a919a0dbe8e0c0ff62e4b1750d94e37488472f5926afea397bffb7996f7cb97d,MIDPIWI_3495114eb58db8c4,SHORT
WP_067970430.1,2aa095607fd8aefac4268514ddacb6ee8e18c7782fba01af8e6d0ed3b6beca5d,MIDPIWI_cb0ad81af1b2c966,SHORT
WP_068094634.1,d16a5bc5740ee29780119459a91f24d6d2f1cdbea9189faa141cbdf8d8dcc87f,MIDPIWI_0ad414b1213eaf42,SHORT
WP_068133589.1,83b9054e7c7f5f3aa0a70869576c1c1d1db670f5d308b18c72597fa5cdfd45d4,MIDPIWI_3109dc82eacb9193,SHORT
WP_068185907.1,d860269d26e3981d040ba832ac4043614fb045a5ef65929787f9a447b16eee38,MIDPIWI_2dd4df0a67384ace,SHORT
WP_068222130.1,81b10642d40785b914e5dd7c7bc0a66f883c2f26602ef35a138e01872b0cad64,MIDPIWI_d6fe44259362ed29,SHORT
WP_068240872.1,770e4935232ead5c00faa2370147edaad63a893932e36f670de5a17e6b28ff25,MIDPIWI_24e98f4553ab28f8,SHORT
WP_068394128.1,84f27b2ef04383d166dfea0a2c9e64b665376b51c4129dc30894e8b5d76d391e,MIDPIWI_447ef97cbaed7360,LONG_B
WP_068463428.1,f1b4b3de8c5bf9438e74fe72fbd4e823120739040eb47ee5d6a2b80ab9d33960,MIDPIWI_9a539f4db3dcbee0,SHORT
WP_068488195.1,16a450e7181be4610cb85c2536695c8766b113ba20588dfef78d250bea17af68,MIDPIWI_cd27364f38bf828b,LONG_A
WP_068616618.1,ae7f8fb06a117bdecd28d74cc0a6b361895e0c72341d84ac9273078661b9c533,MIDPIWI_ef7fad2b3be4f94d,LONG_A
WP_068768973.1,09be8d88cc6764a500420c31dbc8ff4619319f17492e0d05926066ef1fda5338,MIDPIWI_377c06580350c213,SHORT
WP_068818384.1,3f4fdf91161082823d66a842c4104367206744e54ede6816d1d73b39311e86bf,MIDPIWI_665fc65b6a6624bf,SHORT
WP_068847674.1,ff5f8c807a91d29d764c179dc8cf399a828a26bb24a32ac6c35c16aa811b1720,MIDPIWI_2e1acd92587c2486,SHORT
WP_069020258.1,3768745d12acaf05ae8b108495c9ccff8230669131e25d72fa4590fe5c51c687,MIDPIWI_e98350ddf146b2d0,SHORT
WP_069133529.1,824ebb305ed622455222713b59b1af4cb5b49086eabfa4dddc28be60a10911f8,MIDPIWI_e0410de79cc0d61b,LONG_B
WP_069211835.1,32981bcd1f210e44cbc3935eed2f6809833b77d6e0f299d7f85e0867b8ca7f3b,MIDPIWI_7f1c8c74a3d22083,SHORT
WP_069293923.1,e49ee7f714b51fb6c649d7b3048c0b20a15aa4600c44b19c7cd8d7a7f4213458,MIDPIWI_8ee4961bcdb51ccf,LONG_A
WP_069438049.1,0749a020126405a43e3ba7518a24873b0eebaf9f250e3e2b9d2d9c08810e285a,MIDPIWI_537a87680612fe52,SHORT
WP_069674097.1,8e30574ce1ac3432fff079ff2bc09a6afe073b4d0b6eaa352372fa028c7aab02,MIDPIWI_427dd7b1cd2f820c,LONG_B
WP_069709177.1,1e939c5882cea54a892b43600e7486d499de563c47ebc194ddc62618a63af437,MIDPIWI_e849eb4b06b7a840,SHORT
WP_070097871.1,54408e0f0932119bd2d2eacccb8b4a105a6622588585302242c64fb28d83f71a,MIDPIWI_e3dc7ed5301e6fe7,LONG_B
WP_070235713.1,b52854e79c55cc1154cfb0cce5c0f8a8f8f1333250d41232b992ad6b4a171043,MIDPIWI_ac061ecc70d22c90,LONG_B
WP_070666724.1,41fca987ba1f5c12feaa319b265ae7a3e6f17a53b6809e80a519c1fccec4d5b0,MIDPIWI_5aac3eaa8bfbef61,SHORT
WP_071036708.1,3414f7c13215e5b9b10216ed160b1f72de64de6c60f24539f76e684eba3870ee,MIDPIWI_2aacf649f35a90ed,LONG_B
WP_071068901.1,9f10dc72e7819126e72bcd1c82b919df04017a90f404816d960e9137f6384c4d,MIDPIWI_9b9fd5a977f395d6,SHORT
WP_071069330.1,dc2fb58a685939907b424abcdade9691135db255a78de518db3c6e5d50547f8c,MIDPIWI_2aacf649f35a90ed,LONG_B
WP_071145652.1,e7e2c770383b6b7c4e25545c62aa86fb5e1c9819d54b928e2c33918ecb5f49db,MIDPIWI_c3b82e97008bf293,SHORT
WP_071240728.1,e261ed91bd48c94dddfab86072313668a9c5d55a09d90a52e50d403dd7a5ff3f,MIDPIWI_ba581f8528fc8fcc,SHORT
WP_071455425.1,6b4ace6fbc155d936a2a424bc7fc6f5ccd5e2e5c59b5835dcdcb57ffc7cfc3fc,MIDPIWI_68d7a16dec50b7e1,LONG_A
WP_071507487.1,cb67ff1fe309029722dc5a649957279d4179ff452852af50c165125f7fe7327c,MIDPIWI_a349d4f4227e4606,SHORT
WP_071516134.1,caef2be605b91281e1cd2541ff64fe44b2dffe28afb1ebe5b62cc9794571e86c,MIDPIWI_f4a58130e47762a7,LONG_A
WP_071678161.1,7910da983b0775d4511d77bc51d915951cf1dddd67d747a5c06f77f69ea493da,MIDPIWI_3dc4aa7ffe73ac30,LONG_A
WP_071970086.1,e186bdbe697aa43ad793abde6c0f37a066489f8603be53e40424aa5d203d463a,MIDPIWI_9a1327105ad7d852,SHORT
WP_071980016.1,065506eb5f96681e5cfaab9931bdbf8a59f31abfd610f405fa213997948de94e,MIDPIWI_51749c8bef1e8558,SHORT
WP_072017558.1,44d94aa11d9acc9944e161637166e782d1ffa80c5bd22e2c5cc46c2ebe493d56,MIDPIWI_2727cf1da339e828,SHORT
WP_072261297.1,fad6f13286dda0d88090ac143a25f736746ac032bd4f496d65fa50304149b3a6,MIDPIWI_ce1b2e776daf8464,LONG_B
WP_072319133.1,5989bfd6a30dc3b9befd3f1ad51e79d3e16d881e76da3349a10dd8fca6efe61a,MIDPIWI_e8a5711f6065f1bc,LONG_B
WP_072349419.1,11fd30894a7c6cb4191fc19184a583d2330c4ab71fe6d471c171690b54cb1387,MIDPIWI_69476944a744ba0d,LONG_B
WP_072554966.1,7f73f5832b46d647b44cfadc3126ae9b107bc44ebe62f76de21a78bdce921298,MIDPIWI_0b4395374b85c285,LONG_B
WP_072559536.1,7b1348b840467cd47b8e855b1d496281a9ac7127755278e902ab676e7f616763,MIDPIWI_4a144b4e45121391,SHORT
WP_072598063.1,91bdde5f8bbcfcdbeac60e3512e2addc1898ef0a7765c821dd59b7386308e6fe,MIDPIWI_6252b1efa1b07a1f,SHORT
WP_072761037.1,567174a96b7e1a5afade37468131a9cee2901199ef1193eb529d9972a9d6e94e,MIDPIWI_8cd71f8bb8b3007d,LONG_A
WP_072766083.1,eabe6f66a06b7aa89091b64bffed5b8fa20e803399d054ba1807b73531e0a62b,MIDPIWI_7cbc50443d979804,SHORT
WP_072865986.1,326b956925179831bc68338c371de91e0fb600b43abd0a0294c09030d2e836d7,MIDPIWI_95a239b342e83cad,LONG_A
WP_072885920.1,c6792e370de97f04c23d1deb0af2b564e41c28fe7bbd444ea39c36e1e510b681,MIDPIWI_e062d05c8025d957,LONG_B
WP_072985233.1,a1eb9006a1ec97b104c69419730742827dd035bff3493dc46950f4b26aed2d6a,MIDPIWI_cde2f8f1a5673ae7,LONG_B
WP_073035635.1,065fd906c04b55a144b37b281479f9c50914ab7a49208a47755905858fedb5bb,MIDPIWI_85ca90befcc02057,SHORT
WP_073067334.1,252b39332031f075ac6edb38e6299f2c8a03b0605ee9f7e50d89143510464b2a,MIDPIWI_a2f6ce925c931353,SHORT
WP_073099829.1,54f33343215570c41422b898e18c7112ac791f3ce40885236cee3a8f12b95b84,MIDPIWI_50e2d47ae8e66012,LONG_B
WP_073132933.1,27230fc4940fcee41ccb7019113cbe6347fa585ac548d92cabf7029886dc4e4d,MIDPIWI_1de07bcaaa948c50,SHORT
WP_073217643.1,0323c8987a6e9b3405ca7b1a389e4ac4544b74fb765df9836004b25aa43bffca,MIDPIWI_a70fa1f1138d1149,LONG_B
WP_073243758.1,c17ec37785374ae4fea15d8e7b88ae5416e6875e9f0b2a807182d15e4edf5bdd,MIDPIWI_f762dba611974017,SHORT
WP_073288094.1,ca37572fbabd0978d739bd7500406baae52b5db5d483f3f9d8ce537eef86aab4,MIDPIWI_53a3bd681bba1b98,LONG_B
WP_073409929.1,afa4f14a9b32775e19abd1930c0e056570a8302a6854959e35a6c60f6b198a26,MIDPIWI_4edcb51f007d5c8c,SHORT
WP_073555659.1,36654d28cbde990bd905b045963f0c395d6ab2186f0aff0e9929d936a118d857,MIDPIWI_d58bf30f1aa2de32,LONG_A
WP_073904485.1,42df42ecccf5b36f2fccab9a1161125f268b8707868587873021810afb714594,MIDPIWI_277c199b142a14f6,SHORT
WP_074100515.1,ba224afdf1336ac1bc4f476b302ece72fc20cf64b0574ccaa7c26a029a88fb57,MIDPIWI_a330d10b510c8b7a,LONG_A
WP_074121856.1,579b1f8c2a390901bfcecf7a3c209da73f9ebb305228ce9b5c7ee331bad0a28d,MIDPIWI_3f1e4badf5b64be0,SHORT
WP_074129928.1,f3df9d5aa47536f49637df2091d25726da353c2774a4b79318195342e4213416,MIDPIWI_d4179c9bae67d854,SHORT
WP_074270847.1,59e6ad3093d43103a1eeb1d2b1db24de4c5285971a48e9bec3868a8e880c5d84,MIDPIWI_98dca90a571e6d2f,SHORT
WP_074290364.1,1aa74617f4a8194d55deae4693c9882acfb75f6a386126fab7d9f26d3a13f898,MIDPIWI_b947e9a08d857960,LONG_B
WP_074343050.1,04a78b9ee378d8c7d5136743c5e512250560c9995f120c93e5421296ecf83175,MIDPIWI_3457a9cd45456ff0,SHORT
WP_074487304.1,271b8391c4f60d3b1fa2274b6f5fbf06591e7121ef80a1e272ee306f2bf121b6,MIDPIWI_814a76c4861dd39b,LONG_A
WP_074487308.1,f51f90abf5a86d44bbaac87d955485b1ced4be720ed447c1a8ad46377d49ac57,MIDPIWI_721cdd3913e1a55d,SHORT
WP_074637371.1,266dbb796a60443f25466f6ac9b396245c75c0b0cd020aded1954f6c48c070b4,MIDPIWI_aed7e77795f738c6,SHORT
WP_074671526.1,23d5a7901a74691e47760c0afe56ce7e0f577cced5b4eee3e3c07de89f3ef5b0,MIDPIWI_b8a19c1fc03ace21,LONG_B
WP_074724477.1,473706dfcfca5c3157212c79de8079ae9a5e76ef11b0cdae572fa4e723aa1f65,MIDPIWI_2b340e04015c4ec3,SHORT
WP_074796062.1,c5b51653958eb77c449b0fb309d0e17fd6aaf14a8d5fffc2d447d7a91d3191bf,MIDPIWI_e059c57309a30c5a,LONG_A
WP_074856960.1,6c0ec3b6fec73d02d42ee9cf2dfdf4a1a94a4624973734b34881056633676511,MIDPIWI_0a5ef9605f23eb0e,LONG_B
WP_075054206.1,1c5549e7204a8b69c2f580cb4c63cdb555ba5b4a6884175ee8ceb93c3aa65e20,MIDPIWI_645ab43e22e7e138,LONG_B
WP_075061402.1,4db6fec4ec7bbf5bb45ceaa6d51e5e0e3a0c297e2e8a163b9a024bfae4b9f46e,MIDPIWI_8d25372a986457d2,SHORT
WP_075225804.1,aa9048a5f8fa2af9525a4ad881fcb7ebea9be3e7410d4f644c8648c7350a425a,MIDPIWI_cb8093b35bb6be84,SHORT
WP_075256236.1,73d016bcbac524f75a1fd669affb7ec056dc36aaa3eea8cd67c8f4328c5f69ad,MIDPIWI_a7e6dfa461270c45,SHORT
WP_075598738.1,bba1b4fd842991349afe70ad340e9e290833cdbf83ee37407b3f54ddab2391d6,MIDPIWI_c1458d06eb867fb5,LONG_B
WP_075600998.1,552f7e2e1a1e721e747d3a3da1dadc94b5f3c289a53796316cbebb1d0781918a,MIDPIWI_ce046f83f190b8d0,SHORT
WP_075628771.1,6be0222c2f27b6d7f6bef7a0bdf95e0e178f3b8f13f60429e8e4490d9226a0b2,MIDPIWI_0ad414b1213eaf42,SHORT
WP_075634049.1,460bb1c6e4a7314b092b976dd573bafa73ced25a486e98861de7ad058cd2d089,MIDPIWI_0669a0bab5d4842a,SHORT
WP_075666638.1,c7aeb48168a5056d6bbc151c958e469ba3aff539c1b6a8d01a429bcd91bb9ce6,MIDPIWI_2791302368f9f9f1,LONG_A
WP_075780265.1,be65bd169065e35f15dcef361c510bd4c9c0f477929406c43c3765648f997ba7,MIDPIWI_b8d283cb00a93b8f,LONG_A
WP_075793711.1,d7a66b55e370c2e2184f306957b6eba7673c989142e5fca4738702249a79a6bd,MIDPIWI_fb9721c0d5f7eb42,SHORT
WP_075800933.1,943cc941ec738a4b55d2ea55f3375e4390b90b5b5ff89e59b82542de88ec5fd5,MIDPIWI_bb0f96165fcf9550,LONG_B
WP_075892274.1,37a984b4c22220b3579721600e05ab7bdf86d141595dec34fc85702be9130bd2,MIDPIWI_96327c46c5f8e03a,LONG_A
WP_076305724.1,f95a394be51fedf600b52371690fe396a58b8f61ae7477cd2ab74b8e8622afae,MIDPIWI_a330d10b510c8b7a,LONG_A
WP_076523956.1,f72cf9929e486138fb293fc0014494a3d00ad3d254ccb874070fed1be923cfab,MIDPIWI_8655e74f6a2f3186,LONG_A
WP_076626087.1,c08243fc8decdc0d2adb5c68a658dbd718174cbcf0b814ee625c923ad71cc5f5,MIDPIWI_560b16d0c14ec302,LONG_A
WP_076628695.1,e17c3974c0cb4b786180e0b9b32cced18e3ee6e3a5c3d87e829c0f3b7584a47b,MIDPIWI_fd46813dc2001412,SHORT
WP_076701676.1,ae500fe5e39eee87173842bf57404478f78fe69543ea6a17c31662bd44f00724,MIDPIWI_d0bab6321997fe28,LONG_A
WP_076783222.1,84ec7564a09e8bc47bcff17273c922017bb5a9e3f2a28b119b2a233c1ebd9050,MIDPIWI_2c56cac13743b717,LONG_B
WP_076815490.1,f5acf93c29c58ccdef4c02b04c9f69094ae757dc2e2023a3ffdccec2d541264b,MIDPIWI_4ebd7931225af5d2,SHORT
WP_077026978.1,9629e15c398dc2c4c8dec30328c4da2ea6c868efc7fac29257ddcf7012120ab0,MIDPIWI_0fa11ebaa669f6f1,LONG_B
WP_077067832.1,b85232dd052c46fb4a8f143f62d73ec38684829408fd3506ad6672c22377d57c,MIDPIWI_6a217a83ffa8c0a2,LONG_A
WP_077117441.1,f34ede18f4ddab9de47ef1cc285e5e5a39b7c8183a1dddb432a828b55dcb2666,MIDPIWI_153c759b8da55c36,LONG_B
WP_077198807.1,c4d307fc22b961454ebdc0f1d5976b0d3cb8656fa454c9950d885dd6ee24c217,MIDPIWI_2791302368f9f9f1,LONG_A
WP_077208232.1,35fd48b76997726ade8ea0ec4bd281055d70aee1d1e1dd63a7e73dfd644a43b3,MIDPIWI_ea51c6ef50c2c4ce,LONG_B
WP_077292070.1,c3133f74fdcb60c3343af4af7e02c0d36b3373a5cb5280c84e3cea004bbdf0fe,MIDPIWI_dbc3385b257ba8b7,SHORT
WP_077292091.1,6185205a2fb606b619a5096855602ac2853427260d5f031b100a22930572cbfc,MIDPIWI_8bab77dddbd5f0f2,SHORT
WP_077684788.1,55925651965020384f70668ec01f01cef0702396ff15fd299a145ad7f70b57b6,MIDPIWI_095575ac04155f73,SHORT
WP_078350477.1,5365d897723a2d4e8a885eb0537f090600e830bed794695a534b687897184de4,MIDPIWI_ba6f57750649df5c,LONG_B
WP_078365264.1,b402a750378b9a86f7b57e3dc6f1474de484d667acaba5dec4058c31a89a61c5,MIDPIWI_025d1021ed1e661c,SHORT
WP_078690884.1,6d44130d77e33c6eef9badd883ee781bf90ac26db9d26fe1a2c44392da7141dd,MIDPIWI_e062d05c8025d957,LONG_B
WP_078792595.1,179d12b15f26ef0a458a31f07b718c6d7d8ad726d67ebd59db61b56b413203d2,MIDPIWI_6a14d48ece6e6745,SHORT
WP_078813595.1,d6f0232808201b2f8251e78df0b5998ac46855612affaacc2d4510247ed596f8,MIDPIWI_b426af9654e6de11,SHORT
WP_078814669.1,87155ce4da94b2ce3c6481c3fe08fc1492ab45e52ed582e993e776dbb254328c,MIDPIWI_5d96662524790b14,SHORT
WP_078924280.1,aeec504aa69e07ebe05e13da6767af830e47c107773d2897bfcbf7dfc8947ae7,MIDPIWI_ffca7eb2be6ba34c,LONG_B
WP_079083882.1,c74473db24cd1bacc88c87fc2b176a56138dfcbaf3abf3ac78376ab778df2593,MIDPIWI_65a5e9c182ab390d,LONG_B
WP_079235170.1,b4baedd6dcdf40e97bdf0e7a3d1941820a81a13966086dd4da30eba0ff14e32f,MIDPIWI_9bfea3b1d30b53e6,LONG_A
WP_079365507.1,eaa3d2d3e61532b9f7a640c10f9c147bfb68c6e33dbbb1ebefd5ae4d411594b7,MIDPIWI_12efb04b39d360e5,LONG_B
WP_079392071.1,7be2085100202f82eb41497a1bf2fb523048ae60cd28ad16bbf0b37e06b9b674,MIDPIWI_f00f8e7bc1f10d16,SHORT
WP_079605749.1,d44b78e029cb9a6b81596a0b029d8d63d110c637acd9aec370489b463f05cd0f,MIDPIWI_41fa0cd299c8c4b9,SHORT
WP_079685318.1,4b2852099a845d98fad04341fe5fd90c0d6a9caa38f6f0dcc52063d37634d14a,MIDPIWI_469b7f27c1b3b839,SHORT
WP_079731543.1,76e9c20dea9fc802977476c600f79ad2a5ca2f9a2045319f21530d5db76e8e9a,MIDPIWI_5efb57af2187cbf4,SHORT
WP_079759401.1,7be2085100202f82eb41497a1bf2fb523048ae60cd28ad16bbf0b37e06b9b674,MIDPIWI_f00f8e7bc1f10d16,SHORT
WP_079791393.1,87771676b2437ea5984a156cf11d2bea32ccb9b3c73755327ab5ce3ebbf33ada,MIDPIWI_b550903bea4eaa95,SHORT
WP_079980881.1,40a86b448a96aa3773b6ea1a5abac9330ec3d724b3c2bd345e7916406aa13357,MIDPIWI_bd64faa12b139780,SHORT
WP_080458312.1,1dd868d14d22f8cdcbdbfd0a93e0a0703c544fdb10932758554626baa84fd24f,MIDPIWI_aed7e77795f738c6,SHORT
WP_080466871.1,ee7e6bc19a9803e4b601ee15712e550fd8d9f2f5dd880ad63e3f548bfd04a4f0,MIDPIWI_9b9fd5a977f395d6,SHORT
WP_080498849.1,a867ab205cd2baad049471e8faa91072799b8a81c8c25a25a94ba241d77a4f3b,MIDPIWI_f404aed597ffb069,SHORT
WP_080509724.1,1738cb66924f0377abcc882968399648bf8f186e0e48dc23ee00ff825be6aa58,MIDPIWI_e0c1c2dfc479ca16,SHORT
WP_080523304.1,4fc336b008ac9ab1e5f2307d8bcbd1d20b0c5eb3b2357cf1e271e1a93dde0224,MIDPIWI_649bb6c3f2eb505b,SHORT
WP_080564575.1,33898e620fd57b3f8206ef1d6dda53d99aa2e559293073bf0091883e064c596f,MIDPIWI_ba6018f1bb6ba600,LONG_A
WP_080700177.1,1595c15b6136c903bf4953fefc83f2332a64576762e3434edd81a6a20541c66e,MIDPIWI_b335475c72aec239,SHORT
WP_080807610.1,ad714aa34f55bde34c7cc9c893d8900d3b9f875327001757f155f0cd8c2a38de,MIDPIWI_f137d4c5037ebd2a,LONG_B
WP_080810445.1,bdf823fdccec3385c49dceae4a5fb11eca0082b64fe9bc9f07d438f9e936627d,MIDPIWI_a941b3a18f12f07f,SHORT
WP_080811274.1,a61431602604b95d7d5352ba39b8b9120a5fcd0930a39ba22d6e5836cdb164a4,MIDPIWI_ad5edecd7aa9eb4e,SHORT
WP_080826257.1,157e9d9e00a07771ac50bd3f90e0b7a2b018b7196d4fc490d85571df11961090,MIDPIWI_3780b55c2578dd84,SHORT
WP_080840602.1,b13e7b368b1d5e9c939d7a0e10be2b3c0b6d5d4b10820d66efdba133cfd084f2,MIDPIWI_ebbf543784c2b4e3,LONG_A
WP_080977504.1,027288e0938d315de32a6a651a0f7cded2e7bea9ca61d75caab92852073b08cf,MIDPIWI_19482f28ddf25f2a,LONG_B
WP_081057482.1,2faf40cf351009eb5ab84afb170961f14522633c465fe715b5416d2624642aa5,MIDPIWI_216605e791197a2c,LONG_B
WP_081144923.1,b23ee2fea0ca0548bd0e6bdc9f08846b0fb7bcc62f5f7d638e862c51955f27d8,MIDPIWI_dc5e13ac01891968,LONG_B
WP_081147617.1,d21bcf9cd906ef01d70f469e70580044acd59c0397fbd3bf65ef4c6498bd80a8,MIDPIWI_8cdc2a687ab38e68,SHORT
WP_081295151.1,97fed56ee4473fee1b9ed4eb9d8c50438d1cdcb9af2c20204581ef801a34bc8f,MIDPIWI_385d4abf8c712e85,SHORT
WP_081295619.1,aed55dcb1239c821d1408df4efb8a772804bc3871c3bb07a1956dca1735ed95b,MIDPIWI_cf91ce58497aef11,SHORT
WP_081441952.1,6732c7dc3667356db8df03f022792b2ba9617b294901ef5137de66e690b83b64,MIDPIWI_e7786d6030dbf259,SHORT
WP_081444939.1,8630933c67afddd14be066966a9a0d57a17eb6c95b0607e8833fab1bdd284c74,MIDPIWI_1e0da772173d098c,SHORT
WP_081599527.1,520c28cacefff58748b034539e0baeb7805658cfad922bb2f980a0faa7284507,MIDPIWI_21bdf193c9a592b8,LONG_A
WP_081699304.1,21feaac68fe7b8e700ea3bdae7493aecae25676b1772f131f96ae5f741eede53,MIDPIWI_c2d50064b00ae48d,SHORT
WP_081743200.1,d14560bda6d7f22a5805fbd8fec3d48d6107a1f3202b79dd54e56d1a9cc6c995,MIDPIWI_d0d91a6490debdbc,SHORT
WP_081892299.1,5ce6975a79e2856ffabdebc36a2034df5a966af07d45401af5227edf7c8d77a0,MIDPIWI_2f19d8db01921c82,LONG_B
WP_081892706.1,f7165e60a26f2116cdd586b6de6e3eb1eb6ddc7aa4006ba1e63506df4c8fa389,MIDPIWI_a6f08c8870b09b81,LONG_A
WP_082240375.1,36d8d28c6d9b5959e045892a41969787f34bb5323003b84b0958c435609fe6fe,MIDPIWI_1c715db5de08b414,SHORT
WP_082340613.1,c203c314aa95bc1dba660d76d1af21f73c90936a61fead2a660488a580ab5489,MIDPIWI_0f4639929da3114c,SHORT
WP_082382784.1,97047b07ae907c7ec18ee6b09fd148577c16833a8d8eace64a723811e6c278a7,MIDPIWI_3d319c8ae905a728,SHORT
WP_082735923.1,46946051ba26fb93d69a5faa89385c3a6ab7ab664d1fce48eb5259afe7bc9952,MIDPIWI_d26fc79b40f6563d,LONG_B
WP_082755986.1,3362c803960ff4b6b71d84b22454e013f4de0b9478abb9fcd225e8fb21ae214e,MIDPIWI_b3bd542599c0e0a5,SHORT
WP_082773600.1,815b22ed8d59351425e1cd4723392057d402fe158f4a0c454cd10d46dc17c534,MIDPIWI_c365cea55b173258,LONG_B
WP_082819762.1,6e12afd9b7ffd0f7e4a5137879fd1b433221f749d08215be2d6f7f23b8878bec,MIDPIWI_6d0b1ed5485111b0,SHORT
WP_082839051.1,3b1cdde602d60ba6f1d5beb2554e86d9ed4ddea4c334db09121406065b4ded48,MIDPIWI_774952a8cfa87633,LONG_A
WP_082905585.1,b52a05e625fdd754c19541cee07197ff6a3998e66c5becaba6c0dc3372946225,MIDPIWI_853afa4b115bfdc0,LONG_B
WP_082934345.1,1ed78b887023de02660f3b68b9e2cc5038870489591f255603476b2d76fd99d7,MIDPIWI_9276862dcc2c5ea8,SHORT
WP_083396642.1,c216bb03b838ab60f287527c860694de5f293f62f9fe9fb6536c9a8eb2637e3c,MIDPIWI_d3b4e73b29124a88,SHORT
WP_083461754.1,ba1a18e59c7294eefa4148a562d122dbc19c9cfb424ea1981c499db6f98f1c64,MIDPIWI_c1e6e7d879c45c47,LONG_B
WP_083592923.1,a4ddb4357dd34df8eb1ee1958d05ea0037b53938098f030d1401c7e8d8d13109,MIDPIWI_d1a6ce90752f0ff4,SHORT
WP_083600058.1,7a4774b34993da6bff9ef7d039c5cd9a2d5322d9235173cc5c04d7e956105ff2,MIDPIWI_2b3ed6ba3e8dea62,LONG_A
WP_083716754.1,aef53f8f371db289b2bf204e5705b63f0ffe1e7aba2ac50381ee1e49beb24ebf,MIDPIWI_0b1adb1d7baa904b,SHORT
WP_083764430.1,da1c06b5daa37c9c6ff3c91764c40f5ee35d9e51cff12f052ba88dc2e876afda,MIDPIWI_ddafbf141e025e3f,LONG_A
WP_083783314.1,24132e42f095ca066c6e0c010ee9f787e6fb7675c3202e9e506472b2386bea2e,MIDPIWI_9f96f56deadb2801,SHORT
WP_083829967.1,c9bfd45f7084770085edbb46aa37a7a1426cc1b3e18469e557673c639f76413d,MIDPIWI_4f335d64effcb73c,LONG_A
WP_083842423.1,801f6f234096f01cdbfd9bc918de2e220bf5c5897fba5d5dc78ae09782245830,MIDPIWI_82b08cff421af525,SHORT
WP_083862946.1,46945c3075e3cec46e2f6df922fd049e21d9198e94ee33d1acbe437a1570d1db,MIDPIWI_ddc8fe70e89cf313,LONG_A
WP_083871010.1,829be47a456e317fcde0a543b430e3295b4709975c99217e5bf0cf14788bd059,MIDPIWI_603c479fea8b23fb,SHORT
WP_083930349.1,7874e5d06e4aa25cd99f3b089d52ceacef79dcaf90b49717be348ebac184b206,MIDPIWI_5338b482dc017e17,LONG_B
WP_083967189.1,c1e1ab8bf78792b8b9156641e7441e1cb2f7997645b9a3428e32bacbdb1e99e1,MIDPIWI_0c9753f6d72fed68,SHORT
WP_084097100.1,8b52d15cfcffdb62e553ec8b8c8f1eee91f8264d46fa18f98e0db73adebe5ed7,MIDPIWI_3df5aab46a0d0eca,LONG_B
WP_084106721.1,38576a4cead52e15972010e5829e775c212db7642f062840115346209533b560,MIDPIWI_f083a291790e8b59,LONG_A
WP_084176749.1,47821d48423a4afda400054af5ba346f3b5258b85264d8326008db6550e2b6cf,MIDPIWI_427dd7b1cd2f820c,LONG_B
WP_084234542.1,dbdc99b87a7fd83906df9632b8f5c5c388b5596a6ad145d47ca21fab225e5bd0,MIDPIWI_e0d843ab56fc4eff,SHORT
WP_084238347.1,4840f64331136688b231a063528f072d251cc125f8f37afd1196226454bcae62,MIDPIWI_7e06ebfb8b50fda4,SHORT
WP_084286803.1,0a1dcddd4f456f8d7b4224339d301ddf9f149703dbdfad3aadfaa4666d1876d9,MIDPIWI_143697ad68f03424,LONG_A
WP_084316793.1,8f382f478899372ee3adc45829e4fd646ae0313c2559eafc60ad82b39b0a8391,MIDPIWI_853a45118a1ccaa7,LONG_B
WP_084326285.1,fe0076574ad213a8ed2996bde2c1125786bb292687419c536d6b9a9f63a19177,MIDPIWI_4c9343115328de1c,LONG_A
WP_084462763.1,2e9a19ab682c37de526b2a9573d5750c6994273df449e8e4e1c9a971909a237b,MIDPIWI_40d15f324fe3c370,SHORT
WP_084602981.1,604fc14b06ca7db16f2d952b37da7b6ad2cbb0211a5b9a7b8719fdec5a39e2b7,MIDPIWI_4d5891b8b2ad7728,LONG_B
WP_084668949.1,5dfee7a44cb357038f8e1bbafdc454b322d07980a4e47bfea8014b915de5a5a8,MIDPIWI_4d8a6c8acbb65de8,LONG_A
WP_084739342.1,0ea5de437098ca019b630b9eb73410c8e10b9bf344467500358b02812ce2687d,MIDPIWI_c110e44acef7b35e,LONG_A
WP_085354659.1,b26c654fc3c47a7759b92817eca987accc25286752e2288c4e48cf669cf066b9,MIDPIWI_6b37ab234db9db8d,SHORT
WP_085471791.1,3f0087d5b2594787463330e3b1da1aa984b05185cc891e4ffe953608d8eb91cc,MIDPIWI_e062d05c8025d957,LONG_B
WP_085474560.1,c8662f6281abd544542c2aac8b6149caf862a2ed33958b66097d2bd4b136adcd,MIDPIWI_745d60f2beb62f23,SHORT
WP_085482892.1,d0ead2e5652a20e3695d00f69cf76f606ff70d5fc051efae7ceeb4091ca584cd,MIDPIWI_18a7d59355075779,SHORT
WP_085772138.1,42ef705d1279c25c48f62e2a29e2c50ac3a914d1baedb17bcce5b6f11ec51807,MIDPIWI_b23f33131deb3d0a,SHORT
WP_085789107.1,4297f6e23a4942d2ffc62a6d6aceca0d0e6ca4f3e45a7e662372a4301070b71a,MIDPIWI_16f8a17656cc3cea,LONG_A
WP_085809852.1,befacd6efc0f8b21aa52b5a761d3224225e02dd327887bba2f62a6ce0d209c09,MIDPIWI_97e3a61ea941c3d3,SHORT
WP_085870579.1,0d70c38cce297df54946489c26bc88252d11f9af423067d6d8b886452018f0af,MIDPIWI_cf92d8a6841b7483,SHORT
WP_085933357.1,14448c78b287e64fc7fc1064bc8280ba3bc6fcdd2c682c609a937d00d91cd4f4,MIDPIWI_397718921ba14cd9,SHORT
WP_085936214.1,4882c310641fb215d8bf99338139e4de423193ebbe3dd50beaa4cdeadbc0c4cc,MIDPIWI_6671a8089d7b8d1c,SHORT
WP_085937813.1,364c61ea887abf9ebb00bef29c1b738741a172cbe96cec1bd2304b5eceedcf64,MIDPIWI_0700244e5ddfa102,SHORT
WP_085938215.1,ddc362d1208ab0d1a9ba6d169e2fe3af0402150a256e7d1ced93509724adb667,MIDPIWI_beb5bccdaaf11aa8,LONG_A
WP_086023002.1,acc8272fb78dc0e3aa57b096688b779e865a2421c1ff1acc37c4eb29c1ee5081,MIDPIWI_dbc3385b257ba8b7,SHORT
WP_086102656.1,d91e7053674bd6f514ede4b864ce7da6a69af5f9e6f7e9e4276e33a1fa588b61,MIDPIWI_bf1ba18781c28fb9,LONG_B
WP_086549030.1,ef24d94c7d6fc3bedfaebd85a6fffbb77ccb3985577d5487fc1990cf447c614f,MIDPIWI_623815c1b8e2657f,LONG_B
WP_086833853.1,f22d04c965facc61128e45a1d5c528ac6d4f0be1e3e16fc9ea6b38502136d698,MIDPIWI_82fae1a13db47cd6,LONG_A
WP_086904404.1,0d0a67b3bb3c0a1cc951a2cddf2ed727f9cd8020ab6e55b382e9e2e2a3de879a,MIDPIWI_5190f7c2ab15a406,LONG_B
WP_087252836.1,b36d8fefd6578e1aac8151c2428b203c76c451ea5c284fc24f43171d27ec9528,MIDPIWI_291e2216100525a6,SHORT
WP_087287470.1,0da8bdf421e8d7816eb88d78e183dd1fbaaf2a4c5007d368d101b88f0cf0c62f,MIDPIWI_fd770eb1b3f6981f,SHORT
WP_087292483.1,1f231fad9396d714b48d8cb0d3500293a06e1ad4178e5e1980bba15e1a557798,MIDPIWI_fd770eb1b3f6981f,SHORT
WP_087337819.1,952e1a4d46d494e961b06edc1f8ba5a7c99532adcc21c5a023c1c39e556740da,MIDPIWI_db56ed71c60514eb,SHORT
WP_087406053.1,5f0c31721246ea0e9cb362fc6f47827c7caea3509223959c6ab9cd30bf64a484,MIDPIWI_e9ccd7d222fae623,SHORT
WP_087527547.1,604a7320070f66406072d59d7f399f90e2f7f8f73e503fe6bf509f9a772ff010,MIDPIWI_5190f7c2ab15a406,LONG_B
WP_087738801.1,312c37c1b700a90c76d6a993db93699a4ec1ff3fae9e1bde07f76aa4736691b4,MIDPIWI_02d5ad8761218efb,SHORT
WP_087838767.1,792a5111eb73c483bc91106129809269a58731a7f4d58626789a3a35a714f860,MIDPIWI_f0578329006d4cab,SHORT
WP_088100472.1,44e373e0c975373089614f55851cdbabcae566c37b8598077323ff47013999c8,MIDPIWI_0f4639929da3114c,SHORT
WP_088193538.1,039ab27c00b67a7a62ac67e4805d4755379a2d0a761100919eb7265def89ce77,MIDPIWI_f00f8e7bc1f10d16,SHORT
WP_088194762.1,4a04ce45af1b84c2337381b71fc25557d95372069e87c53f32af6e271bf17951,MIDPIWI_0669a0bab5d4842a,SHORT
WP_088257333.1,8a2a6c36afcc41d223d7bab5b77a6dd51979fdc015d3b9085be53ac73f77a17d,MIDPIWI_011be70c20da42ad,LONG_B
WP_088264063.1,c6792e370de97f04c23d1deb0af2b564e41c28fe7bbd444ea39c36e1e510b681,MIDPIWI_e062d05c8025d957,LONG_B
WP_088326165.1,5466016c01067f1e0de3360edae7b11b010ea42bda3d62fe29453d74df7bc169,MIDPIWI_1b4013c2dc00d6ab,SHORT
WP_088347300.1,dd97fa959f2fe71f0cf68b798220bafb3766b940c91ed7bfe126dbf186e59af2,MIDPIWI_e70865668ebbeda5,LONG_B
WP_088492884.1,7b84d9da39fc0aef15f88025dd25426f848a811cf7fc213e6f2f7cc3598e3663,MIDPIWI_f8286ceaa519c22a,SHORT
WP_088656112.1,4724346275640e4c1630f288ae368dca134b1b9bc9d4a475bb030a12739328e4,MIDPIWI_0a6aa042c8aabe2d,LONG_B
WP_088664286.1,685f60cf3b5430194b9793083feab4cd4c7ce82a105c60ebac25151a95f0ce86,MIDPIWI_aed7e77795f738c6,SHORT
WP_088696231.1,40cc5d25afde51ad0723bf7784b7b9d438a1ab458a73346d804d0b0e24987037,MIDPIWI_427dd7b1cd2f820c,LONG_B
WP_088712621.1,ed6a5e0a561d4c90057a0d8c711cd9641610483b7f12f6c9a61c29ec88df6a33,MIDPIWI_6252b1efa1b07a1f,SHORT
WP_088891256.1,88bcb1393bba11cd6428d82b65ac6323e9dc7151e75f2f0056755673f6091898,MIDPIWI_08b37b6a20f49a29,LONG_A
WP_088892392.1,953fbd1484160d162cebac4e858214f5954778094da4cd8036894cd60acf7b46,MIDPIWI_3a62f90e8b445af4,SHORT
WP_088912163.1,4df4f7b3aec501b3a47d64c66abafee67c1c2d841b1303d594ddd9ac0aee0e9c,MIDPIWI_5190f7c2ab15a406,LONG_B
WP_089215968.1,e1e3e39d2922fc065a1b738fb486d28949d7d087ec859261340d611cb7947a78,MIDPIWI_d58e13f8c367c5c7,SHORT
WP_089230993.1,7f8d82bdca4e1aa853305064890eac0b19a0293f17b6fc3e1caf470fb06a1f43,MIDPIWI_fc9b16fd574561d7,LONG_B
WP_089318527.1,472b57e5d24ebc596f8f7c230b8b45d5b037b5fd4eb6c196b85763a10e3d64db,MIDPIWI_6601d2f9039aec19,SHORT
WP_089320882.1,60e08b7ec726658bbe484a236b8d9c6a31bfb4c6af6b3658460f24c1e2a69e9f,MIDPIWI_37f2361f902ab979,LONG_B
WP_089334213.1,7809356c791bdc01c3af878320f47a416520a078d8936f19fc029b57aaa29634,MIDPIWI_a951834454c3b6aa,SHORT
WP_089355803.1,dd051837e9170a75827497e15f58dfe2588a45f1e7f3765a53ab58bbde647e2f,MIDPIWI_0ead8626a4e2a417,SHORT
WP_089408463.1,4e6e1cdce774886cd7d900b2324293383e923b15e24466703621c3e6c4ba62f3,MIDPIWI_e7feb5701e70ab76,LONG_B
WP_089457547.1,e9d2cebc69cf1179c4305c6d16a8fe48aa2290fb4ade37b69a4b82b4afacc095,MIDPIWI_18a7d59355075779,SHORT
WP_089668176.1,a7bafd7e0d6a4ec7fb6c93e6f8b6991f0d7fe4c251d254190c75ead054fa7cc9,MIDPIWI_c956562fa17ed765,LONG_A
WP_089699122.1,da4258c8a416e0f9c66a4f6eef83033eb910a87a4f0c6203465476c74b348e48,MIDPIWI_122ca674f6bf141c,SHORT
WP_089708808.1,550a09d03f9ff5e773b192c1773ffb97c3920a9fbf4cdf2057195599f1c5850c,MIDPIWI_3c1219e67c374112,LONG_A
WP_089764886.1,70ea4a9bdb03777e3dee73a79bfa05b36fb60320ae3b7bd1932df4c3c60d2961,MIDPIWI_23bf69bf2cf72af4,LONG_A
WP_089765999.1,35c0e761dcf9ef372780fd616fd3877e22ae812c8e665cf541f7a88c501bafd9,MIDPIWI_151a1db53a012e1a,LONG_B
WP_089769894.1,ff518b2c5276186033deb300d5ff36f4a339abca1032097ee22f18eebb327253,MIDPIWI_3e9a3be24c67b90a,SHORT
WP_089880661.1,40680b270ce43f1a8510baeda07c0173e98a0970f844cec5b20b69e18c98c858,MIDPIWI_e059c57309a30c5a,LONG_A
WP_090072729.1,e9217404ea45dac491602b8f484919d4c0802156ff9d5530ce4d9ae434465849,MIDPIWI_71506bfe7deef259,SHORT
WP_090164194.1,07d6975d93d0811f7530c28a3eaa055af249894922b3d2efa4f1e4ffd0b45d18,MIDPIWI_3bd4611c2d1603c1,LONG_A
WP_090229045.1,08cb62546783a3532e99908c70f8411b2b41731825205c373a5f4ecb62f29aff,MIDPIWI_f73907ec85971e18,SHORT
WP_090270686.1,147d680ff97a18468037ba69ca49fe4a8a820d91f6fbcf5c12f18ab0c16154d1,MIDPIWI_30930db8d39168f8,SHORT
WP_090525847.1,04bc0a95c9fbd956c4094e666969b3037574eeb913bced04f84514f30f5f7c5a,MIDPIWI_fb56a1fed8b75e65,SHORT
WP_090548054.1,b9bebe96303f84611f41e0b962a3802bd22f8d0967094da57508f13660def625,MIDPIWI_9b9fd5a977f395d6,SHORT
WP_090603244.1,6e41b0b5b9be600acf88f19a9e9344b1d2115b98ad17e2e81cd4f8ebbfcc2dd2,MIDPIWI_9af05f6a01edc5f5,SHORT
WP_090604190.1,5b687feb31d690ba5002ed9f5434cffdbe4267920e3aec7659f8985ee0079e1c,MIDPIWI_e2acef84ee7a045d,LONG_B
WP_090624110.1,11e969cd63c1fe088e12097d6a6d348c2029a93f223694f977e481f84711cae5,MIDPIWI_0e5a841267a85668,SHORT
WP_090634261.1,28d3fc96776306570c614305cb344d5dac7237a7c902812629cf4583450cc502,MIDPIWI_8bd5dfb83e2f7f2c,LONG_B
WP_090674307.1,18442594cdfc7a70dcddcca758b3fb00fd7cdb4b97c3653f93732adaa976e9e5,MIDPIWI_ed12fc3562f658f6,SHORT
WP_090828644.1,ed5fc12164a3596ce78bffe80778c7f903c4f9f57be76e82383b920512d5177a,MIDPIWI_77504aa215f75e46,SHORT
WP_090949002.1,1841fbc43af90fc1d2de54e019af71a3afcfd64438d350034f343b92e88574eb,MIDPIWI_29d5731e6721bdfd,LONG_A
WP_090979254.1,98efbefd096b05a0f0241029f7f4dbb674464cd32396281081df9523af3e0869,MIDPIWI_6e1820f2c37c7771,LONG_B
WP_090996333.1,2ec7e4e06cec757d468685fb676dce525a8390ec70e027eebf5ed162d7399df1,MIDPIWI_14756af0c97cdf5e,LONG_A
WP_090997755.1,953bc67386b52f84c80c39fc1665db22fb283b3c530d89f3cb6b30a56ebe15c6,MIDPIWI_36ae0530be158186,SHORT
WP_091097633.1,c57bce28ede4d78307ac08bf03f5a11aea752d071c34557f16652643dcca647e,MIDPIWI_97b96be059af09d5,SHORT
WP_091126758.1,1f311f805da9f698ea82bfb4b1d93b0de8b1fbf6cc065f8906c7ab539e1d0d06,MIDPIWI_a739b74acb5a466a,SHORT
WP_091133620.1,3ebaf839d11e1546ce60fd7faee3dd9be5a96b5cc3591562746270c3678c1469,MIDPIWI_bb649b2be2207fca,SHORT
WP_091170676.1,de90894c5efcbaad8a27cb450dd01c7cec56be75a5172daaa5dd95864e85c5b8,MIDPIWI_d092ff7a1b80bd83,SHORT
WP_091374193.1,be600857193e7c6a94913787c88065a5dff4d0df2a3dce0feb87154f3e61d168,MIDPIWI_ed1e47be46ee2887,LONG_B
WP_091379925.1,7d251d430d6d4a9a35883a9fc463bc3f78f4f5fd0ceba229dba0c5cab5e3d85e,MIDPIWI_c04318a2e68bc077,SHORT
WP_091471580.1,89276875b5eb5a28ac8c886ddfa15cc8b9111775fb5af6d4b13b02ab86f02278,MIDPIWI_8c30c1b681a0f928,SHORT
WP_091516915.1,8d9af0259024799f48f09af5a2ff3254c324ed01373e97d56c06c26e4700d8d4,MIDPIWI_6b887d23967e0eac,SHORT
WP_091535645.1,5b26477b837fd723a3036438e632df09b9d61e29b06fcec69c8259aa4fea7df7,MIDPIWI_15f78a9f7a1bcf23,SHORT
WP_091639651.1,284404461896aaeccc92bdd25627537684dc58a882520cc349768b6a9350c2d9,MIDPIWI_dfa2696e6982bd3b,SHORT
WP_091781164.1,427ce8047ead53ff4549e5ff83d94cc5c0102978bbd62236723c9f57b909e4e7,MIDPIWI_c3aa9d8a43b3fa4b,SHORT
WP_091823002.1,49c11d6fa58c22e604ebd0e214c3dff08012cc7a8f336ce78b3586e6c79348cf,MIDPIWI_7f73b5d4e26e131b,LONG_A
WP_091870084.1,6ef81f230e03b819ed05309ff4807594a8f760f199de0058d114be39e44f9853,MIDPIWI_622fa5c13b531105,LONG_A
WP_091963793.1,35ae8169a6ba37a28a2fca4079fa7f38a94ca83fd24360c3a4000ba0c028f5f8,MIDPIWI_3d7f1c3efc957b0b,SHORT
WP_091963850.1,d925a9e65e114e1f21d9ed59b7cf6fc7c298125cad038059da0b112d59de9d89,MIDPIWI_3e63621321edf306,SHORT
WP_091970176.1,5f46da9a4c4b2cc650ba933a904eebbe081e40ec2cd3efdc05e1ec432f94cdd9,MIDPIWI_93f194e078f8c65d,LONG_B
WP_091979398.1,81b254cb52b45e2b8ab353393183e754fb104343eabdfe01ca9cc1af9d963528,MIDPIWI_5202bed9ebf4d717,SHORT
WP_092022087.1,c128adf43e2dbe3129b1e5f598a96353b62c0770ba3df6c35aee2d2fc305178a,MIDPIWI_de78cc94b1f0b12a,SHORT
WP_092037576.1,13621d7e5c9dde40fdc2c1767879c4813224e5b98fd98911c2150a9e3ef738d8,MIDPIWI_b575436c539a4d03,LONG_A
WP_092048391.1,fa773b0da4718583aa1ac7281d49f77c4dd517714ac7ff2fbed78f6c96dc80d2,MIDPIWI_27d3bd8315f6e87d,SHORT
WP_092119516.1,28da8a283e47925f4d0ee46cd0f86a0c671289fb1b0bbe1bb027161cdaaf9d27,MIDPIWI_188cc84173fb3253,SHORT
WP_092177586.1,3a552a47f17d7055dece28f262577f32f535dfab682fd167f822e88a9963d7d3,MIDPIWI_33915330593e0fa4,LONG_B
WP_092208436.1,515911676699dbfee74d5d38f4cde76c086eff571f9c1ddc084283de4e89c2f4,MIDPIWI_427dd7b1cd2f820c,LONG_B
WP_092226355.1,f1bda7ee7c8f2e0c4ffae5bc0c6c8224d470998bc7ccfbbbe155eeed162d3dab,MIDPIWI_0853a3995121cffa,SHORT
WP_092265422.1,3384bcaf09416613e7b38aa9c0a768933d98333ab44bf5d518f3cbf1a2c1752e,MIDPIWI_e494bea22e92b112,LONG_A
WP_092282753.1,ef2973b9410697d79eb8bf97f3d1daca22bdc2713cb1a959ba5db39da274d9e6,MIDPIWI_182495ebe92d6dd8,SHORT
WP_092395190.1,a7bd9b565bcbf049826ff572227e6152deb1d91f567bcf1822f162f69b8ba7c5,MIDPIWI_2e3df5d386bd7c65,LONG_B
WP_092416777.1,b1c3352757de6ac21a9d401a28d84e4a4bb82e9eb5e6b7e0f40d5c015affdc28,MIDPIWI_b8c570426d74547b,SHORT
WP_092447190.1,c75b14c9341d3e34302c11763f21f699c58e60a0fa8ad1f1f343b2011e17e0c5,MIDPIWI_427dd7b1cd2f820c,LONG_B
WP_092459742.1,bcf57f31bef5a084319666b965bbb6596a392440e3475e988aacdef72fb5ee3e,MIDPIWI_a3cd6b2255ec056b,SHORT
WP_092468852.1,2f67018783cf38d4083dc807bc17fa8584ed6a82f772a0620e0c9e639d9270c2,MIDPIWI_427dd7b1cd2f820c,LONG_B
WP_092569305.1,11437b01f865f4bc814abbf6b8d41a838a41b7c0d3d8452b9c3d46dd9bd140e3,MIDPIWI_5190f7c2ab15a406,LONG_B
WP_092580646.1,5f53b68643161fc055fb5432b19eb8878fe2c1d3feac330b276baf2b185f4692,MIDPIWI_427dd7b1cd2f820c,LONG_B
WP_092662338.1,b40ffe8c5aa053caf5110c3d7bad02156dc08ec361e9404a3891fd7fdd966776,MIDPIWI_4bdb1f7d59c5ade4,SHORT
WP_092684838.1,bfbaec0ad32ecb04cfe84349448289e7e7d0b957ff8ccad4c994317ab22131a8,MIDPIWI_4e6a4abd75ed3993,SHORT
WP_092694377.1,bf04dd3c3ca59a4de02615177db4775c4a0628daaf4ea191b89f71a9ba5af5f0,MIDPIWI_9c5e3d0c8d795661,SHORT
WP_092721547.1,4df2966e3242ef7552b9b385ea4425b6223563ca966d1eed54708806b6099b65,MIDPIWI_fa66281e0c114943,LONG_A
WP_092820763.1,c2874453bf4d7e593bfa2e04f569fdff96b7e92037975293db94ce418b96f5a2,MIDPIWI_dbc3385b257ba8b7,SHORT
WP_092838824.1,c522e1464866b80bc90c96ee8449c3b370418ff56afba791b28a538e13bf67ce,MIDPIWI_fd46813dc2001412,SHORT
WP_092907645.1,4f7982ed973ba4b9faa761cfc34c240e6476190e9321263798babd71d8b4f828,MIDPIWI_122ca674f6bf141c,SHORT
WP_092910137.1,eeba910b90a60846a4988fe987a6a63206a7ee74372c9079ba71414ce008aedd,MIDPIWI_732eb3deb86d3cc8,SHORT
WP_092996166.1,b4b0cdfb5bcc9c2dc4111b09f8ea255ea5b7624327330b8d8c98be8319a17522,MIDPIWI_5202bed9ebf4d717,SHORT
WP_093007728.1,bb5cc624b8554a492bcc5969ed46829894ad544c8a9a67550505b85f3efa47bb,MIDPIWI_7feec70ffe64da27,LONG_A
WP_093026608.1,f9e16c0c9983483f2ee26bca569aa852e2b462fe1e7836fbce56ee20f4236a6e,MIDPIWI_922ba4857e7873f7,LONG_B
WP_093039140.1,722c89653ee4eba83750221f6b4f0eb0c82507864a58ee4228039770b37d7608,MIDPIWI_6353cc1cee26b953,SHORT
WP_093081848.1,3a63ffa2d72312a28238b9751328f3d11068fe208a007219aa18095fbba09a8d,MIDPIWI_0ad414b1213eaf42,SHORT
WP_093153062.1,d6e702fdbed069bfcfacbf3ffbc318d845d404edbbb6ae388acf512530859227,MIDPIWI_510a9513470d5a6b,SHORT
WP_093163280.1,4d51ee52e7d49e201c0ea082780e22c8a5b3e61d0d533a7164344852b04063d9,MIDPIWI_68a1134bf41a4077,SHORT
WP_093228074.1,6b18a2bf624318ad8a513f2ba6d9106a3f7d05021d6ebfde78822afa603c497f,MIDPIWI_e6159c63cbbb3231,LONG_A
WP_093281619.1,a1c3fa198cb1b6450a1b580346349c474ea8dc92fc6dc093983fad753b672818,MIDPIWI_2d7c75fbb87b3cde,SHORT
WP_093307953.1,bc0f09eac140fa935e61dc685c46b4be9a96861c9b1d70254acc57e1e71c3f2e,MIDPIWI_3a2475046377ecdf,SHORT
WP_093590748.1,7c64fbe6d0c645b17fc5f64b1a703de05dad688cc4d183075e51a78e5d2c3f99,MIDPIWI_9eac76e62fc89675,SHORT
WP_093736218.1,ac40699afe7a004647ee701694cdce2eb7781c3df8eca8c1eb50bbbc7ddb1e95,MIDPIWI_ab5db1ea92121f6e,SHORT
WP_093831857.1,9b47a6f51dfa27696d2c5fd5841da5827b2f5f055322aca6fa78bb4e86f7c50f,MIDPIWI_c682ba0948670eb8,LONG_A
WP_093896622.1,877d7541b450f49757cc618f57416ded9c05b8897ecfdf1c2716aa3ef5d7a653,MIDPIWI_d2ed52bdd0b479f8,SHORT
WP_093920437.1,ca03f138f44cc8c249c8c0b8623652f3fa219a25d22a69709655165b26cec631,MIDPIWI_9241802d1857a747,LONG_B
WP_093992233.1,44e6f0e71b50835f446bd000440c7ff41420f896d217d08e4f825056a7524efb,MIDPIWI_fad8b428a437cae4,SHORT
WP_093994043.1,c6c5a1555d8c7d5a2e11e5c9424d7cdf6068ed2fe860069fe6f3445c776c6f31,MIDPIWI_fd46813dc2001412,SHORT
WP_094023191.1,2a0c887b2749a64b5b399f9a7b38bd9b7a8502397862844cd1319b748c0bb068,MIDPIWI_fd46813dc2001412,SHORT
WP_094072910.1,0512a0eb28c1614f6470cd53724b1458bca2b49216bbea6c723f5bfc2758e609,MIDPIWI_1a3af7ba992ed0c4,LONG_B
WP_094134973.1,f740470fc439f5f2ae7277630ea9421418a7dedf554e552d29aabde01dd0eca1,MIDPIWI_deaa409bb7283787,LONG_B
WP_094214393.1,6221cb96eb3129e702e259cddb08011bcaeb529aeb61f5fc07d7714038b7aef6,MIDPIWI_d2ed52bdd0b479f8,SHORT
WP_094238542.1,51affe7e1a4e4bbedfd9e934c9a53dd8d430ec6763846a626e1e5f3988eae265,MIDPIWI_29d5731e6721bdfd,LONG_A
WP_094264667.1,982e6132d0dc783c92bbdd17aadf65e06dba48b2597852d9b2d0b31aba79f83e,MIDPIWI_75d11d12411a098c,LONG_A
WP_094291738.1,6c53ab14d0b0c3df98196008b022a5c5bfb75e3ce8ac66c128b62dd29d255d30,MIDPIWI_07959f09f108fb4e,SHORT
WP_094382636.1,5d314b502a40a08515eded6b2cc269babb47049d9c2a7dea4f35c1dff117b7df,MIDPIWI_4f342aa99a10ee38,LONG_A
WP_094530881.1,d528f4e9e53f444fea698a550d13365fd291448fb213ed978430ff2f8db1a475,MIDPIWI_521e0627b2bc1a6b,SHORT
WP_094551617.1,2dedd183e896e742cb1dc1e32c52d80dff710f274cabaf2f684e50780d65d612,MIDPIWI_f8ce5859b5c5d9ae,LONG_B
WP_094590818.1,2884854df9311567a76eb8291c6b5fb18ef04dfd05b4130f9645da612b407ed0,MIDPIWI_dd5cba059cada187,LONG_A
WP_094593095.1,c0cfa2266c0d183e70b8f2bc4b5d9a358e8f895c28a4edac044838ed8befa168,MIDPIWI_b29e55a97cb81a54,LONG_A
WP_095387428.1,681201b642d0883aead52b2072b1feceea069ee2f6ddbd702c5bbb217c359c90,MIDPIWI_6d0b1ed5485111b0,SHORT
WP_095447451.1,cc92d3edf8fc51451b568bf775af5ac17cd7db6daa1253e97e032bdc1b7b5458,MIDPIWI_6ef183bd794f8c06,SHORT
WP_095565912.1,47c88131543e8704adb17a327a05784ba0eb6d781a6e1d36f5864f85b93bd563,MIDPIWI_f01ef3f9fa55f9f5,SHORT
WP_095832385.1,fb8f5cde005d331ece41adbf66afa689206ac2b3508fd3f877012ea49f29a26c,MIDPIWI_c7a7b4721edbe518,LONG_B
WP_095840539.1,bc63b8b9213481c62383b386ee9d94757b556b647c7d255c24127f7728b8e90e,MIDPIWI_af0e343c87d7ce10,SHORT
WP_096078421.1,ae5b290bad0b2477d308d78686d5ade65b615b5f19ce9ce3bcbb69fbf2f30d73,MIDPIWI_8fa8115bc324468c,SHORT
WP_096354083.1,0ffa1613a833b578782b422261f3da4bb0a5695b066a53e3113d6e8009c3b221,MIDPIWI_2508a2a8ec23ac08,LONG_A
WP_096386367.1,3284df95783e6258130e811cff239b581ba4fc8dc62b181a914073757e281d6c,MIDPIWI_04cf15c85b9069c5,LONG_A
WP_096391836.1,5508633f0491c979ac53fe223e38b11590323aa1e689c3433c34af8022ec257f,MIDPIWI_714303bdcef54a4a,SHORT
WP_096462201.1,85cb0e423cab66696388d942d1eb9fd12f30c3c6eaa103de545d5447fd274bc2,MIDPIWI_54d1909993056242,SHORT
WP_096483473.1,b9710fd63363684896908201837edb6e3bd1b8ca8baadb868d23d65d64a509a2,MIDPIWI_ab34203eb750d4f9,SHORT
WP_096534863.1,f6d15875cea6cf1095afa73cd7de478fe336f8b94e9e646eb3c71ed00ef50729,MIDPIWI_ddc8fe70e89cf313,LONG_A
WP_096581191.1,73bc89d8bbc664d86194906df1ff3791307d84bf4814ef59c389eb48c942981c,MIDPIWI_82fae1a13db47cd6,LONG_A
WP_096644251.1,ecdb598c36cd4e3e76ad079c549f53bc75592fcaf715b8895465480fa7d35c8e,MIDPIWI_ddc8fe70e89cf313,LONG_A
WP_096683444.1,ff9c0ae51db9666f31d6c41819e356cb178a89dbda945907b6be71491ce25982,MIDPIWI_6ea06b5d4a49227b,SHORT
WP_096732917.1,85dae3859b4a5eab428849527644c7e107231ff3d0ab4702c8193542d7581a41,MIDPIWI_467bd33f59fb2e2d,SHORT
WP_096861749.1,6560ffed0700222f1e291725aa87a30b6d2d04d4f17f669bccc3ac7bed0398fc,MIDPIWI_b947e9a08d857960,LONG_B
WP_096885432.1,839084063fe19dd0e38e3a1f6b16dd713c5db0c0bd6a78759704e1d681931e6c,MIDPIWI_cb065fbccc29a919,LONG_A
WP_097007364.1,0f80ceea81c1e427fbf4cabf16307e4d7c771c9e77ffa1c84e84cd1f12475e56,MIDPIWI_76202a0c74eda382,LONG_A
WP_097031605.1,e0dbef7bee63fed00b4657a51a465e5ff0b66a5a12ea0fdd24ea9198a70e76c6,MIDPIWI_b9350eed9afd2334,SHORT
WP_097082795.1,685c6843d725f95c6285052c0115239ba8376c238a51dfc7a59e769eb9a4712a,MIDPIWI_fd46813dc2001412,SHORT
WP_097200709.1,8ff6a483d238749fd1c7517a50690e8da3ecaff8790af4f83287f4c093008e4a,MIDPIWI_1c21314f688d5264,SHORT
WP_097378604.1,2c23f4e880d3d3cd19fb968b8ab43b846ca30add20b3ee386a8bfa87e8f9cce0,MIDPIWI_9217584098e4d7ce,LONG_A
WP_097544715.1,f075a5da5de09a0dd95364814ef6872b8313b0ccccedb974e1df2c56bf78e7d0,MIDPIWI_0669a0bab5d4842a,SHORT
WP_097613865.1,674871e60a578869ff93ffa010a756893a9087b02d19b7d8e863f94499d8fa49,MIDPIWI_385d4abf8c712e85,SHORT
WP_098063474.1,0f089ee442bb6f0067c7c6a0fd4728904c96c83fb0e71f09a3c7847018ea8d45,MIDPIWI_8f275c1301f730d1,SHORT
WP_098075782.1,4d7fa9f443efc07def00f16d868b192a269bd50354757f0708776a05064a0eaf,MIDPIWI_74080913622e8e13,LONG_B
WP_098195163.1,2c9d0c5eca066edbacf28eff19a71b7eea7516d611f2755a98dae6527a913ab9,MIDPIWI_23e5826883a76c93,SHORT
WP_098195322.1,47d49cc3d1df10c7e6af899230776eb4f2239ff5f1280d4c0fd525c8ac9b3dfb,MIDPIWI_dc0d8bbc0562dac7,SHORT
WP_099009389.1,5bba347170f7c3ca24c9b63b9928eca4a4c2c5e0596878e6f7d3ef3544c0bbeb,MIDPIWI_ba5a7f6978dd6b80,LONG_A
WP_099070251.1,47edba89686198934bf896843dfe8ad7e995917004ef4a5f36c4fe4dc7265f81,MIDPIWI_c29387d5e54eb22d,LONG_B
WP_099084822.1,c6c43664ecc2874ab7f9c96c7a1d34077ccd3f707d836f056db6b8171e1913bf,MIDPIWI_67c179707788d6a9,SHORT
WP_099215415.1,ecbd13b1e48b72abb8c0130aaf47f2c64a0bc33afe7a18d5a73062c09a0bc654,MIDPIWI_922ba4857e7873f7,LONG_B
WP_099290241.1,19cc1b35a18c62de3c9f7e23c27a222b95bbf2035cff959bd88b9fc697328063,MIDPIWI_603c479fea8b23fb,SHORT
WP_099325248.1,79bb2e0dca8a27f3f107e827e47426988aebaef533caf60d4a24a583dba19152,MIDPIWI_3d59ba62450579d1,LONG_B
WP_099372365.1,f805a8006cdd7233c29bb0304a814c321ea0c79dbf52bfbfcf3485d3fc9251ff,MIDPIWI_6797810d355566b9,SHORT
WP_099412865.1,f1a66e5796040a703460e3388f6aa581adda7c37abaf2ad60902f5b18fda13f6,MIDPIWI_9d51fa871e35a81f,LONG_A
WP_099434566.1,9b0d0839f1ec9019271ce86d54948c3e9e380f27644f51b1e379e255c9ee97ed,MIDPIWI_16d7c62064efc8d1,LONG_A
WP_099438430.1,f41540442e1d4d6ade50d456b4c1eca7cf1fe1a04b1d6a4b35eedd1fa3c50f9b,MIDPIWI_dbd7c4177420ba40,LONG_B
WP_099463422.1,844364c2c1eb01238c6d58df10318a518a0cd52e3952aaa3b1d5b9acf965fc04,MIDPIWI_93c59c2c6d6b54e2,SHORT
WP_099503353.1,ae605994fc343af9701b2d0f96b654a1654e4d079958cb25d975224183ab74de,MIDPIWI_a6379d4f81ecf981,SHORT
WP_099531684.1,ab271a319e059d7d3ae64d245b9fcb5da4266e6d738a62c88223cdda91fd13e0,MIDPIWI_141bb4f9d2a4c4eb,LONG_A
WP_099701147.1,962a495bb02fe4108800b65e7b754c1c81a66f59457d31dececba414b763cdf9,MIDPIWI_d7cc2e93f1080de3,LONG_A
WP_099746951.1,daab10262765d0f984bc71b716f96fe64d320495fdc43531e894a497fff748a1,MIDPIWI_702bc727f3673e67,SHORT
WP_099799291.1,509a04caa4e510d09084ef10bad251053e1f7c321b3dd281c31b1272d9a3178d,MIDPIWI_552e61051f9847ef,LONG_A
WP_099799494.1,d6a3664fa133609e44112afe19ca94ea78435f191492fa5f2dd2812abb28c10e,MIDPIWI_10a10aa135d3273b,LONG_A
WP_099812941.1,9901d00366ba9dc789f7cfe0c428af10e5c21b63dd46414a4765e62b93d07631,MIDPIWI_e024b3645a1d9ff9,LONG_A
WP_099832012.1,4f1d1f498f398df3d4e293dfc6e06e9673df46c788d0da71873743baa4f27168,MIDPIWI_08a71e1aa32199f7,SHORT
WP_099834802.1,04d53d597dbef214f4c5da10be3c2c32218adf90b6944bcd692d32a2930725bc,MIDPIWI_dd5ae29d2187891c,LONG_A
WP_099966378.1,17da8cbbc62a6141ef4e1f09352bf9cddb5d4eb624152f8f1babfd883be33ad0,MIDPIWI_65a5e9c182ab390d,LONG_B
WP_100085051.1,96d6361381c4887d2832e7e4f9d1f39a66fbd480b2106c844c2201c43ecc6e36,MIDPIWI_18a7d59355075779,SHORT
WP_100161590.1,be6402d4dc6ca37f49143769ad659e718c4f8e90296826e189605e0e100dfabc,MIDPIWI_213baed6a61e6361,LONG_A
WP_100217698.1,6589edbaf2dadd451b06428c38413372a2025401c84807af68e9c533ed5d2e1f,MIDPIWI_7f9fbfe6fa686a4b,LONG_A
WP_100228132.1,06658a9096e1c5d0afae922f585986f0320f62551d6c8530ebda1433b1b850fe,MIDPIWI_7d460934c20d682e,SHORT
WP_100239904.1,cf0dd00330397a1583720b51630a0328928823edf0330cd3f53671e32d7e8db3,MIDPIWI_640602d684686aa0,SHORT
WP_100241429.1,cacd75e810c0feff7675d1858954d87bc401f4b667a7f3bd161744b643d8434c,MIDPIWI_377fbf586bee95ce,LONG_B
WP_100402176.1,0ba0e9fd4d1da9d731af0839057e1f9c1722f0dd7d3e64f477c34a2ac39ffe11,MIDPIWI_78292413d8d9eeda,LONG_A
WP_100483095.1,5797bc7d7c40f9cb97e296116e2a996f350ed9e855a4a9586f881789f560e988,MIDPIWI_744578de4eaec6dc,SHORT
WP_100572090.1,7844328be8d59c3695576b930c267d9c85e8eda4d94f311be6531e38aba07072,MIDPIWI_d2ed52bdd0b479f8,SHORT
WP_100626894.1,377169db2fc077cd7fdd2a6ade482045c5cde23430eb5edf350775fd1e583d31,MIDPIWI_3e8f50c0ba6930f1,LONG_B
WP_100787857.1,4f6358370a0c1763af3391cc7f9aa59efc4fabec82e48a0d259cb76b7d3c397a,MIDPIWI_8ae4db7575fe9f9c,LONG_A
WP_100788469.1,ca96f71db7861fab33b5766aaeaed64b24b0cee74f8c13f9432d96aa7ff6ecc3,MIDPIWI_603c479fea8b23fb,SHORT
WP_100990083.1,a5d3c73e3a1f4692d05ebb0d7cef7dd316afe64135981d066fb8836c24a7ce35,MIDPIWI_1fc97cc5288c60f9,LONG_A
WP_100991967.1,a4e89eac017b3f26e3fe18d545fb40024dc4e5df7cbe930c0530ed3824f0d4e0,MIDPIWI_d89211ecd3028c3b,SHORT
WP_101018292.1,1c1d17ddd88c1ae6c6c5476532974b349707c0b6123a8072c487d2253689e13a,MIDPIWI_2b340e04015c4ec3,SHORT
WP_101237571.1,7a5910856ba98d446124be64c2c144264c6930db30d0be8a9cf721b9094ec5a8,MIDPIWI_46fcecc2fa34919b,SHORT
WP_101294153.1,0d35c5f2a4bb91a6356304f5d8ebf8208165948845d32cec2f275cc1ce8449cd,MIDPIWI_1cbee3a94e153e27,LONG_B
WP_101603479.1,e54c5e76aede5edca328024b0b1d5525807f29afcec6cfc6d9fae6e74a1b511e,MIDPIWI_57d7ec7d0e6b36e8,SHORT
WP_101726682.1,be041b8c60362f486c167f546e15ab18d42517569cfbea5b421018b734b9d7ff,MIDPIWI_e062d05c8025d957,LONG_B
WP_101944481.1,70c7d59f223b0d3f81b8b82a7c71b1fc594ed67b96d97ab6fd888009baa1bf39,MIDPIWI_752f068ab8d3b903,SHORT
WP_102073886.1,2a52d0b9180eaf52443f7e391a44786b343383052cd9d857861cb0e24cbe7a71,MIDPIWI_4ebd7931225af5d2,SHORT
WP_102182189.1,920fe6eb13be59782cb0be670ca8e20f1b6dc9e804af0e1e906cb4b7d06b2ecb,MIDPIWI_d58bf30f1aa2de32,LONG_A
WP_102206006.1,8d3bcc1d54ed8119cb1a22a1fcfb00910fac9c283a5c4ffb4fefe57fc3ef1afa,MIDPIWI_467bd33f59fb2e2d,SHORT
YP_001314988.1,d94fd01b3b38de4dccf453e07adb2906e84d8de43f071484e97549a6825e6014,MIDPIWI_0669a0bab5d4842a,SHORT
YP_145307.1,c9fafa645aa297e9b8b3b26046889c2fd6b6ee1a7b758fa19111eb421a5e3742,MIDPIWI_8f62696f35d47c47,LONG_A
