accession,homology_cluster_id,split_group_id,partition,class_label,subgroup,evidence_level,source,source_sequence_id,sequence_sha256
NEG_PF00367_008626e00a815bd14c2b,EIIB_008626e00a815bd1,EIIB_008626e00a815bd1,FINAL_HOLDOUT,HARD_NEGATIVE,,LITERATURE_EXCLUDED_FALSE_HOMOLOG_FAMILY,Pfam_38.2_PF00367_seed,A6VPN2_ACTSZ/280-313,11e49f0b1893e0f972dfd96b7bd7aa8df7676bad5bee68e3b519b3654b50cac8
NEG_PF00367_0121e314aa292b7e1337,EIIB_0121e314aa292b7e,EIIB_0121e314aa292b7e,FINAL_HOLDOUT,HARD_NEGATIVE,,LITERATURE_EXCLUDED_FALSE_HOMOLOG_FAMILY,Pfam_38.2_PF00367_seed,C9AB17_ENTCA/455-486,1a1a0dd4f69d272043d451965ef4e07c28b93e51b9526255fea3e5c0d782c4b4
NEG_PF00367_01d804010f1d3ab4f115,EIIB_01d804010f1d3ab4,EIIB_01d804010f1d3ab4,FINAL_HOLDOUT,HARD_NEGATIVE,,LITERATURE_EXCLUDED_FALSE_HOMOLOG_FAMILY,Pfam_38.2_PF00367_seed,X5DHL2_9CORY/12-45,24a9c2e8e1b8f6c8c647026c5a694061fdfb9f6df172eb67c3e3c8741551babc
NEG_PF00367_01ec31ed0ed2865e6713,EIIB_01ec31ed0ed2865e,EIIB_01ec31ed0ed2865e,CALIBRATION,HARD_NEGATIVE,,LITERATURE_EXCLUDED_FALSE_HOMOLOG_FAMILY,Pfam_38.2_PF00367_seed,G0VLH8_MEGEL/466-499,67d44cab0e13ca9373af9cb3a23af6774ef2fa304cbf0f34483245eb7b72d686
NEG_PF00367_024573c29db27bf4fbfa,EIIB_024573c29db27bf4,EIIB_024573c29db27bf4,CALIBRATION,HARD_NEGATIVE,,LITERATURE_EXCLUDED_FALSE_HOMOLOG_FAMILY,Pfam_38.2_PF00367_seed,H6LKQ3_ACEWD/489-522,49c3123c8fd3dc65731c614fecf16d4e9a521c32b00841eac5aee3fa049421c2
NEG_PF00367_037a01549db92eafdd93,EIIB_037a01549db92eaf,EIIB_037a01549db92eaf,FINAL_HOLDOUT,HARD_NEGATIVE,,LITERATURE_EXCLUDED_FALSE_HOMOLOG_FAMILY,Pfam_38.2_PF00367_seed,C4LKZ6_CORK4/30-63,08f2358d4ed7e04d30cfe8a24e73393dd6e6fb9809549b794c13df8d51da19c8
NEG_PF00367_03c51568b002b1e0a123,EIIB_03c51568b002b1e0,EIIB_03c51568b002b1e0,FINAL_HOLDOUT,HARD_NEGATIVE,,LITERATURE_EXCLUDED_FALSE_HOMOLOG_FAMILY,Pfam_38.2_PF00367_seed,C8XK55_NAKMY/580-614,701c8e08cff83ab51a26f3718eded24e549bd3a870773f5d255509e81f063f9d
NEG_PF00367_03d2d2b5fe7e9d1b689a,EIIB_03d2d2b5fe7e9d1b,EIIB_03d2d2b5fe7e9d1b,CALIBRATION,HARD_NEGATIVE,,LITERATURE_EXCLUDED_FALSE_HOMOLOG_FAMILY,Pfam_38.2_PF00367_seed,D1ALE5_SEBTE/464-495,345aae415c36988c9672313e66a9ddabc758a7de34a705462f59a26c6dea79e4
NEG_PF00367_044eb8a37c0e382997dc,EIIB_044eb8a37c0e3829,EIIB_044eb8a37c0e3829,CALIBRATION,HARD_NEGATIVE,,LITERATURE_EXCLUDED_FALSE_HOMOLOG_FAMILY,Pfam_38.2_PF00367_seed,Q8ESL2_OCEIH/9-42,5a879dd4a2b547cb81c0652a30dac5f362ae5ba1785d589a149221f807b75654
NEG_PF00367_0467c9bcfb55749162a6,EIIB_0467c9bcfb557491,EIIB_0467c9bcfb557491,CALIBRATION,HARD_NEGATIVE,,LITERATURE_EXCLUDED_FALSE_HOMOLOG_FAMILY,Pfam_38.2_PF00367_seed,Q9CK81_PASMU/375-408,d41b0c5a68af4a23ba9fea25236a688c60ed06e988a3ad0901b7187bcd9cf5b1
NEG_PF00367_04b74a6d1012fb7e6d38,EIIB_04b74a6d1012fb7e,EIIB_04b74a6d1012fb7e,CALIBRATION,HARD_NEGATIVE,,LITERATURE_EXCLUDED_FALSE_HOMOLOG_FAMILY,Pfam_38.2_PF00367_seed,Q7N8Y0_PHOLL/8-41,1798123390f7763f2fcc88c731606171c9cabc7086e4a540f44edf05a3227a5a
NEG_PF00367_060fcf86b1f04addf0b3,EIIB_060fcf86b1f04add,EIIB_060fcf86b1f04add,CALIBRATION,HARD_NEGATIVE,,LITERATURE_EXCLUDED_FALSE_HOMOLOG_FAMILY,Pfam_38.2_PF00367_seed,Q8EVV5_MALP2/202-234,c025af00008b8769f2eba817cef1ce181f1063c7b1588b4c1e0398ca2c11ff63
NEG_PF00367_075a49559896e2e16ecc,EIIB_075a49559896e2e1,EIIB_075a49559896e2e1,FINAL_HOLDOUT,HARD_NEGATIVE,,LITERATURE_EXCLUDED_FALSE_HOMOLOG_FAMILY,Pfam_38.2_PF00367_seed,A0A3N4DKR6_9ACTN/5-38,e0278af81a8180f163f902682f3bdbed0e2d60476dc5012848b728957a2794b8
NEG_PF00367_0795b18efe1124fc998f,EIIB_0795b18efe1124fc,EIIB_0795b18efe1124fc,FINAL_HOLDOUT,HARD_NEGATIVE,,LITERATURE_EXCLUDED_FALSE_HOMOLOG_FAMILY,Pfam_38.2_PF00367_seed,S5M1E7_9MOLU/614-647,edbf46d667f37559fc1359a0cf87141184605c3fcf0034cea1e88f26787e86a9
NEG_PF00367_07a0c2d6f24fe3d6ea95,EIIB_07a0c2d6f24fe3d6,EIIB_07a0c2d6f24fe3d6,FINAL_HOLDOUT,HARD_NEGATIVE,,LITERATURE_EXCLUDED_FALSE_HOMOLOG_FAMILY,Pfam_38.2_PF00367_seed,Q7P0K8_CHRVO/387-420,941e30258f4297f1bfae306607b6e2ce45b9ab46298c68306c2db3c0fb13304e
NEG_PF00367_0873e7f86a4cf37d0752,EIIB_0873e7f86a4cf37d,EIIB_0873e7f86a4cf37d,FINAL_HOLDOUT,HARD_NEGATIVE,,LITERATURE_EXCLUDED_FALSE_HOMOLOG_FAMILY,Pfam_38.2_PF00367_seed,A0QU86_MYCS2/456-489,161904184b97372ec7ff6d7b5ad66e8814fb2bb3ccc83e2712417df7a3a34005
NEG_PF00367_09224c3a967e74d23468,EIIB_09224c3a967e74d2,EIIB_09224c3a967e74d2,CALIBRATION,HARD_NEGATIVE,,LITERATURE_EXCLUDED_FALSE_HOMOLOG_FAMILY,Pfam_38.2_PF00367_seed,J7SLD7_MORMO/444-477,dece96cf0c89062e5b8a559900931fc087f0a4fd09b3118cd375ee1f5697aefd
NEG_PF00367_095e34008bddfc210f1d,EIIB_095e34008bddfc21,EIIB_095e34008bddfc21,FINAL_HOLDOUT,HARD_NEGATIVE,,LITERATURE_EXCLUDED_FALSE_HOMOLOG_FAMILY,Pfam_38.2_PF00367_seed,A0KMI2_AERHH/8-41,5524da6561a59f6bfc908843a759bc79339dbbaa7f712344942384af2bbcba2b
NEG_PF00367_09f2b403e7626ab4fd09,EIIB_09f2b403e7626ab4,EIIB_09f2b403e7626ab4,FINAL_HOLDOUT,HARD_NEGATIVE,,LITERATURE_EXCLUDED_FALSE_HOMOLOG_FAMILY,Pfam_38.2_PF00367_seed,SACX_BACSU/7-40,915cdb952e6d2ac80c92577ee7f433e1cd3daedff1592874890248c0909a15bc
NEG_PF00367_0a6c557e21f631bb1232,EIIB_0a6c557e21f631bb,EIIB_0a6c557e21f631bb,CALIBRATION,HARD_NEGATIVE,,LITERATURE_EXCLUDED_FALSE_HOMOLOG_FAMILY,Pfam_38.2_PF00367_seed,V5RI51_SPIAP/176-208,ca5c6b5d530c8de924e3fcd6797a46b94b0badb6ece9655f9cb4c86a2e1d5b01
NEG_PF00367_0a7a1cdaaaf301cb9ac5,EIIB_0a7a1cdaaaf301cb,EIIB_0a7a1cdaaaf301cb,FINAL_HOLDOUT,HARD_NEGATIVE,,LITERATURE_EXCLUDED_FALSE_HOMOLOG_FAMILY,Pfam_38.2_PF00367_seed,I0JIW6_HALH3/394-427,131861e90822c156917545fb16b22c2a221dde9cf16f70e4b01c3227c61715a3
NEG_PF00367_0a8552f9983b0bc6969e,EIIB_0a8552f9983b0bc6,EIIB_0a8552f9983b0bc6,FINAL_HOLDOUT,HARD_NEGATIVE,,LITERATURE_EXCLUDED_FALSE_HOMOLOG_FAMILY,Pfam_38.2_PF00367_seed,K8E2I3_CARML/454-486,5a03fb0860472822e0df2d1fdc2a517182fe1b29eda3739742bc5eabf0207fbf
NEG_PF00367_0b593fe56fd2fe836715,EIIB_0b593fe56fd2fe83,EIIB_0b593fe56fd2fe83,CALIBRATION,HARD_NEGATIVE,,LITERATURE_EXCLUDED_FALSE_HOMOLOG_FAMILY,Pfam_38.2_PF00367_seed,C8W8G8_LANP1/9-42,c623254824e57ed9cc343ef94b6089a3473972ee7146b85947c317d1562deec4
NEG_PF00367_0bc7a33268ab4d406038,EIIB_0bc7a33268ab4d40,EIIB_0bc7a33268ab4d40,CALIBRATION,HARD_NEGATIVE,,LITERATURE_EXCLUDED_FALSE_HOMOLOG_FAMILY,Pfam_38.2_PF00367_seed,A0A396KB15_9CLOT/450-483,1d9d910f260da8d31ac1a019b45982fe4f7f48bcfbd82ed005268e5fc862635a
NEG_PF00367_0c296cf1c5c137cb3854,EIIB_0c296cf1c5c137cb,EIIB_0c296cf1c5c137cb,CALIBRATION,HARD_NEGATIVE,,LITERATURE_EXCLUDED_FALSE_HOMOLOG_FAMILY,Pfam_38.2_PF00367_seed,M1MWZ9_9CLOT/8-40,f342a2987af5df6b84c5188c22598732ed63a1c06b42a327c3573ba8c266da74
NEG_PF00367_0c412daba4d09a61e981,EIIB_0c412daba4d09a61,EIIB_0c412daba4d09a61,FINAL_HOLDOUT,HARD_NEGATIVE,,LITERATURE_EXCLUDED_FALSE_HOMOLOG_FAMILY,Pfam_38.2_PF00367_seed,W6A711_9MOLU/179-212,f92fd66c39f223a87a432b8ff5e2b6ff6a7f5772c8ba4c92fb9d36724b76a8a5
NEG_PF00367_0c5625d35900723dfa97,EIIB_0c5625d35900723d,EIIB_0c5625d35900723d,CALIBRATION,HARD_NEGATIVE,,LITERATURE_EXCLUDED_FALSE_HOMOLOG_FAMILY,Pfam_38.2_PF00367_seed,I5AXA2_EUBC6/12-43,4d3cdb13a217e4f2aedd9f491052ebd90c807a7f2c8d36c1a6623248a8e39435
NEG_PF00367_0c7947732c6483b5a9e3,EIIB_0c7947732c6483b5,EIIB_0c7947732c6483b5,FINAL_HOLDOUT,HARD_NEGATIVE,,LITERATURE_EXCLUDED_FALSE_HOMOLOG_FAMILY,Pfam_38.2_PF00367_seed,Q8DUF2_STRMU/10-43,c4d3db50d7a9c9aebe7179acde5831d581cb6e0f8fe571ef1fea676f3865df80
NEG_PF00367_0cda07e33e995967e3fd,EIIB_0cda07e33e995967,EIIB_0cda07e33e995967,CALIBRATION,HARD_NEGATIVE,,LITERATURE_EXCLUDED_FALSE_HOMOLOG_FAMILY,Pfam_38.2_PF00367_seed,PTGCB_BUCAI/404-435,9cfc92182981596e4570e5595487cb7d1eb378a7cbcfcb570c95bf28c8b98179
NEG_PF00367_0d8b6e970a7bc4086ad4,EIIB_0d8b6e970a7bc408,EIIB_0d8b6e970a7bc408,CALIBRATION,HARD_NEGATIVE,,LITERATURE_EXCLUDED_FALSE_HOMOLOG_FAMILY,Pfam_38.2_PF00367_seed,A0KPR6_AERHH/42-73,5e6ab697f717b8951a32430f7b856d5fd1410cecc3175079e809ae9078435620
NEG_PF00367_0f7cdc43ff65bfec32bd,EIIB_0f7cdc43ff65bfec,EIIB_0f7cdc43ff65bfec,FINAL_HOLDOUT,HARD_NEGATIVE,,LITERATURE_EXCLUDED_FALSE_HOMOLOG_FAMILY,Pfam_38.2_PF00367_seed,Q2FVP0_STAA8/8-41,2817cc62b979f6f64ea96ebf83c09cf7dcd41801fcc1681d9ce4e410b486701a
NEG_PF00367_0fe1bc4d84428f9583cc,EIIB_0fe1bc4d84428f95,EIIB_0fe1bc4d84428f95,CALIBRATION,HARD_NEGATIVE,,LITERATURE_EXCLUDED_FALSE_HOMOLOG_FAMILY,Pfam_38.2_PF00367_seed,Q07ZS2_SHEFN/410-443,a2ad08cb641a01cede4de4f315c459285dc6681c7d8c23c0fc8031c970727dd2
NEG_PF00367_1015bb26587b0d8257ec,EIIB_1015bb26587b0d82,EIIB_1015bb26587b0d82,CALIBRATION,HARD_NEGATIVE,,LITERATURE_EXCLUDED_FALSE_HOMOLOG_FAMILY,Pfam_38.2_PF00367_seed,B2KEF3_ELUMP/410-441,08819446c65595f901c40826db39a23efb0cf5d7dc5f40117b0e3c2b558bcfb6
NEG_PF00367_101d8e08cd7ee42e1d0b,EIIB_101d8e08cd7ee42e,EIIB_101d8e08cd7ee42e,CALIBRATION,HARD_NEGATIVE,,LITERATURE_EXCLUDED_FALSE_HOMOLOG_FAMILY,Pfam_38.2_PF00367_seed,C3PJW7_CORA7/445-478,c24e854cc1b880f9e31ee6e64627000ccac033bb8b6c9ad4a00edb58543eb855
NEG_PF00367_10b369f636cebb68990f,EIIB_10b369f636cebb68,EIIB_10b369f636cebb68,FINAL_HOLDOUT,HARD_NEGATIVE,,LITERATURE_EXCLUDED_FALSE_HOMOLOG_FAMILY,Pfam_38.2_PF00367_seed,C9A5B4_ENTCA/8-41,2a1cba323fae720941d866b7d075678fd22083aace2feb0847a4cfe64fdd8647
NEG_PF00367_119a7fb9bc11fee34280,EIIB_119a7fb9bc11fee3,EIIB_119a7fb9bc11fee3,CALIBRATION,HARD_NEGATIVE,,LITERATURE_EXCLUDED_FALSE_HOMOLOG_FAMILY,Pfam_38.2_PF00367_seed,S5V581_STRC3/10-43,e7818f30dd641dc3e6d825f2f4ecfb68a39b60d23b1e0a30190d3a9c1bacdd2c
NEG_PF00367_120b4a2977275b257ab3,EIIB_120b4a2977275b25,EIIB_120b4a2977275b25,CALIBRATION,HARD_NEGATIVE,,LITERATURE_EXCLUDED_FALSE_HOMOLOG_FAMILY,Pfam_38.2_PF00367_seed,K8E2Y5_CARML/8-41,6245bba79be0760bc15a15a554b186aa9605ac159446de4d8a56a511b08e7078
NEG_PF00367_12773debf86d74b11e13,EIIB_12773debf86d74b1,EIIB_12773debf86d74b1,FINAL_HOLDOUT,HARD_NEGATIVE,,LITERATURE_EXCLUDED_FALSE_HOMOLOG_FAMILY,Pfam_38.2_PF00367_seed,F2I468_AERUA/413-446,fa8a8704e21f53a4a69a5fabfe0f9a85ba2f80ae1489f6ec381d451cce4ba42e
NEG_PF00367_12cc05ac8ed16ae1c57b,EIIB_12cc05ac8ed16ae1,EIIB_12cc05ac8ed16ae1,CALIBRATION,HARD_NEGATIVE,,LITERATURE_EXCLUDED_FALSE_HOMOLOG_FAMILY,Pfam_38.2_PF00367_seed,B9EBW2_MACCJ/443-475,d8032dc1c4696e7e77456cbb226b715772f4ffabefa8792268b40e2e86831a19
NEG_PF00367_13f02388052e92c0b39a,EIIB_13f02388052e92c0,EIIB_13f02388052e92c0,CALIBRATION,HARD_NEGATIVE,,LITERATURE_EXCLUDED_FALSE_HOMOLOG_FAMILY,Pfam_38.2_PF00367_seed,Q8XIG3_CLOPE/432-465,15fc5f9ceab949f4429bf7ad740c77f8aea951186f3dd65197e5d899e79ae8be
NEG_PF00367_1400733df7d5f24ce069,EIIB_1400733df7d5f24c,EIIB_1400733df7d5f24c,CALIBRATION,HARD_NEGATIVE,,LITERATURE_EXCLUDED_FALSE_HOMOLOG_FAMILY,Pfam_38.2_PF00367_seed,B9EA21_MACCJ/10-43,99ed0fc3567f4ab9adb11d2bbe39dd7f093440556fa8b4528534361384088b58
NEG_PF00367_152c05717a65ea7c3b49,EIIB_152c05717a65ea7c,EIIB_152c05717a65ea7c,CALIBRATION,HARD_NEGATIVE,,LITERATURE_EXCLUDED_FALSE_HOMOLOG_FAMILY,Pfam_38.2_PF00367_seed,I3Y5R4_THIV6/622-656,e6c26444cdbdb366be8e8e282fa95f0482db2c060fd6f23b6b45f944eaf913ad
NEG_PF00367_153fd648e78347e1908e,EIIB_153fd648e78347e1,EIIB_153fd648e78347e1,CALIBRATION,HARD_NEGATIVE,,LITERATURE_EXCLUDED_FALSE_HOMOLOG_FAMILY,Pfam_38.2_PF00367_seed,D1AFF9_SEBTE/8-41,a3be2db50de1748a688e3666a83286be1db48211e205f19bf0bc3ac716b40a62
NEG_PF00367_1578acc4bb703b8f9004,EIIB_1578acc4bb703b8f,EIIB_1578acc4bb703b8f,CALIBRATION,HARD_NEGATIVE,,LITERATURE_EXCLUDED_FALSE_HOMOLOG_FAMILY,Pfam_38.2_PF00367_seed,Q04EB2_OENOB/11-44,f4b537242fe4a9a0153db9b6a5ce9c647c671c31ff1ba17c8d41f3a1679d1af9
NEG_PF00367_15b6dac0a7aa0ca07867,EIIB_15b6dac0a7aa0ca0,EIIB_15b6dac0a7aa0ca0,FINAL_HOLDOUT,HARD_NEGATIVE,,LITERATURE_EXCLUDED_FALSE_HOMOLOG_FAMILY,Pfam_38.2_PF00367_seed,A0A0H3GQ78_KLEPH/394-427,5f16b518383f6c95eb2765db80394b0017f827f13310f7ee9d1a82b6d6da2939
NEG_PF00367_1668addad35886c751c0,EIIB_1668addad35886c7,EIIB_1668addad35886c7,FINAL_HOLDOUT,HARD_NEGATIVE,,LITERATURE_EXCLUDED_FALSE_HOMOLOG_FAMILY,Pfam_38.2_PF00367_seed,Q65MD8_BACLD/8-41,d3ff2362ac9947e2a73bafebb0292e6f4625ca9384ca844d9621b3e18fc0d33e
NEG_PF00367_1746c8e1261ba79ccb0f,EIIB_1746c8e1261ba79c,EIIB_1746c8e1261ba79c,FINAL_HOLDOUT,HARD_NEGATIVE,,LITERATURE_EXCLUDED_FALSE_HOMOLOG_FAMILY,Pfam_38.2_PF00367_seed,Q184W5_CLOD6/10-43,eb350b68f999c389ded8596d550be2cbe99f652e7ad2d9d941f78fec33670617
NEG_PF00367_17cc17696a282e3958db,EIIB_17cc17696a282e39,EIIB_17cc17696a282e39,FINAL_HOLDOUT,HARD_NEGATIVE,,LITERATURE_EXCLUDED_FALSE_HOMOLOG_FAMILY,Pfam_38.2_PF00367_seed,C8WAF0_LANP1/8-41,0dac877ef8af76bb23ce1e4ea10c80056b143fe5d9dbb737f0ecaef619637ccc
NEG_PF00367_18115b490417cd131f4c,EIIB_18115b490417cd13,EIIB_18115b490417cd13,FINAL_HOLDOUT,HARD_NEGATIVE,,LITERATURE_EXCLUDED_FALSE_HOMOLOG_FAMILY,Pfam_38.2_PF00367_seed,S5LXD8_9MOLU/604-637,3a8ab50eba7e6540d223dc838fba7fa247ce10c13d5412db1c6c48f478b3947f
NEG_PF00367_181599ff30c531d17bbc,EIIB_181599ff30c531d1,EIIB_181599ff30c531d1,CALIBRATION,HARD_NEGATIVE,,LITERATURE_EXCLUDED_FALSE_HOMOLOG_FAMILY,Pfam_38.2_PF00367_seed,A4FBE2_SACEN/7-40,687f148cd70517b7c112b974aa90a2827e248bdb57e7f0844a03c933e9f1e3e3
NEG_PF00367_1839889fe312475ccb15,EIIB_1839889fe312475c,EIIB_1839889fe312475c,FINAL_HOLDOUT,HARD_NEGATIVE,,LITERATURE_EXCLUDED_FALSE_HOMOLOG_FAMILY,Pfam_38.2_PF00367_seed,M1MGC9_9CLOT/10-43,9463f0641f2eaf4fecf4b0f35aa47a5e4d5b76412ae97d53c86a3dd5fe82ed8a
NEG_PF00367_18a0f996fa9f73aa9a82,EIIB_18a0f996fa9f73aa,EIIB_18a0f996fa9f73aa,CALIBRATION,HARD_NEGATIVE,,LITERATURE_EXCLUDED_FALSE_HOMOLOG_FAMILY,Pfam_38.2_PF00367_seed,R4K3W6_CLOPA/431-464,96435df55e6546eb018622f8b3ff40aa1e0371e83c02549636ac6a7b36b7c29d
NEG_PF00367_19972b45c468714cd4d4,EIIB_19972b45c468714c,EIIB_19972b45c468714c,FINAL_HOLDOUT,HARD_NEGATIVE,,LITERATURE_EXCLUDED_FALSE_HOMOLOG_FAMILY,Pfam_38.2_PF00367_seed,Q04GZ8_OENOB/8-41,001e78c95bfa61b7d0dec876d4580bc53e1804963ccfb2bec6acf9b9742ef8d3
NEG_PF00367_19d32239c97436fc8e2a,EIIB_19d32239c97436fc,EIIB_19d32239c97436fc,FINAL_HOLDOUT,HARD_NEGATIVE,,LITERATURE_EXCLUDED_FALSE_HOMOLOG_FAMILY,Pfam_38.2_PF00367_seed,D3FS80_ALKPO/384-417,34ee40bbd41490b9d8463f9c2efc8607c7cff27497d9823502bf93c779b6092e
NEG_PF00367_1a9947fd7a68f2f98da4,EIIB_1a9947fd7a68f2f9,EIIB_1a9947fd7a68f2f9,FINAL_HOLDOUT,HARD_NEGATIVE,,LITERATURE_EXCLUDED_FALSE_HOMOLOG_FAMILY,Pfam_38.2_PF00367_seed,D7B5N6_NOCDD/6-39,da4129a0f9d32850b27276f21059526f54838493d240679f2ad6edbd00a94d78
NEG_PF00367_1aae34e1b6e13545fe4d,EIIB_1aae34e1b6e13545,EIIB_1aae34e1b6e13545,FINAL_HOLDOUT,HARD_NEGATIVE,,LITERATURE_EXCLUDED_FALSE_HOMOLOG_FAMILY,Pfam_38.2_PF00367_seed,D1AWS5_STRM9/465-496,1f9fb73cb987d2f1a25e728e512b3f6fbf8b92db1cb23e3304cfd2296f1259b7
NEG_PF00367_1ae51c018299d1a3d529,EIIB_1ae51c018299d1a3,EIIB_1ae51c018299d1a3,CALIBRATION,HARD_NEGATIVE,,LITERATURE_EXCLUDED_FALSE_HOMOLOG_FAMILY,Pfam_38.2_PF00367_seed,Q6MUH7_MYCMS/506-538,abdc452213dd35829a5a9144874c8ff94aeb0cb9d49ede72ab723cb594c6600c
NEG_PF00367_1afd0d51b313ddea2364,EIIB_1afd0d51b313ddea,EIIB_1afd0d51b313ddea,CALIBRATION,HARD_NEGATIVE,,LITERATURE_EXCLUDED_FALSE_HOMOLOG_FAMILY,Pfam_38.2_PF00367_seed,D0L9W0_GORB4/7-40,7a00f5a01922645f4b3853e2b3a8876d47d93a9689e6b126b9430d035282d90c
NEG_PF00367_1b129a08f06d6130a4c4,EIIB_1b129a08f06d6130,EIIB_1b129a08f06d6130,FINAL_HOLDOUT,HARD_NEGATIVE,,LITERATURE_EXCLUDED_FALSE_HOMOLOG_FAMILY,Pfam_38.2_PF00367_seed,L0K8R8_HALHC/425-458,2a19d6708914d67d23de8299b31a90aade2dc3acb7a8b1219a171c8fad943afa
NEG_PF00367_1b30634a717f54f08b29,EIIB_1b30634a717f54f0,EIIB_1b30634a717f54f0,FINAL_HOLDOUT,HARD_NEGATIVE,,LITERATURE_EXCLUDED_FALSE_HOMOLOG_FAMILY,Pfam_38.2_PF00367_seed,D0LVP8_HALO1/412-445,ab996f77138ba7361744cb6ed7a76345e0f6736e1d3b4b4a64cf1ae9ca0180c9
NEG_PF00367_1b3195bceae7260052e0,EIIB_1b3195bceae72600,EIIB_1b3195bceae72600,FINAL_HOLDOUT,HARD_NEGATIVE,,LITERATURE_EXCLUDED_FALSE_HOMOLOG_FAMILY,Pfam_38.2_PF00367_seed,F7V3Z7_CLOSS/8-41,1c8aa27012979fad062887b5dd5b023a4b5d6482237a2bc99c6d887d60fe9de0
NEG_PF00367_1b682fdfda5f3a70ce51,EIIB_1b682fdfda5f3a70,EIIB_1b682fdfda5f3a70,CALIBRATION,HARD_NEGATIVE,,LITERATURE_EXCLUDED_FALSE_HOMOLOG_FAMILY,Pfam_38.2_PF00367_seed,A5I5I8_CLOBH/417-450,99efeb68e5ee27dc932bf87c22f7466e08c4f98f9ca35b1fb0a20e473354ea9e
NEG_PF00367_1b73f4a33dc13fd6e990,EIIB_1b73f4a33dc13fd6,EIIB_1b73f4a33dc13fd6,CALIBRATION,HARD_NEGATIVE,,LITERATURE_EXCLUDED_FALSE_HOMOLOG_FAMILY,Pfam_38.2_PF00367_seed,PTYBC_PASMU/12-43,fcc12ccb040c517e4b10264e768b6839850b1d126201a96a4f639a4f55a98903
NEG_PF00367_1c6f92f0e232ee5259ad,EIIB_1c6f92f0e232ee52,EIIB_1c6f92f0e232ee52,CALIBRATION,HARD_NEGATIVE,,LITERATURE_EXCLUDED_FALSE_HOMOLOG_FAMILY,Pfam_38.2_PF00367_seed,Q6KIM8_MYCM1/12-45,d46b0536a0b89d71faf74c6759b7ceffd0701849bdf60029672f529504bf4e52
NEG_PF00367_1cf8cca52ec6dffa43cc,EIIB_1cf8cca52ec6dffa,EIIB_1cf8cca52ec6dffa,FINAL_HOLDOUT,HARD_NEGATIVE,,LITERATURE_EXCLUDED_FALSE_HOMOLOG_FAMILY,Pfam_38.2_PF00367_seed,E1SU09_FERBD/400-432,eda1c3266a798792e9f2994aee26b4d7563372bfd94f5d21a5408af11294db96
NEG_PF00367_1cff4c700cc698e61172,EIIB_1cff4c700cc698e6,EIIB_1cff4c700cc698e6,FINAL_HOLDOUT,HARD_NEGATIVE,,LITERATURE_EXCLUDED_FALSE_HOMOLOG_FAMILY,Pfam_38.2_PF00367_seed,D5E602_MYCCM/562-593,7e45c8a40e81bef12c8332b9f49324efe83903f46e389ea5e2362cd84809fe56
NEG_PF00367_1d6228c9bc055cdfa986,EIIB_1d6228c9bc055cdf,EIIB_1d6228c9bc055cdf,FINAL_HOLDOUT,HARD_NEGATIVE,,LITERATURE_EXCLUDED_FALSE_HOMOLOG_FAMILY,Pfam_38.2_PF00367_seed,A1SWB1_PSYIN/12-45,7590728303e9b1fc7b2a703443245fe33bd91d94069004ba34dbaeab48e75cf8
NEG_PF00367_1dc40ff74b1c812e9e2f,EIIB_1dc40ff74b1c812e,EIIB_1dc40ff74b1c812e,FINAL_HOLDOUT,HARD_NEGATIVE,,LITERATURE_EXCLUDED_FALSE_HOMOLOG_FAMILY,Pfam_38.2_PF00367_seed,C0CKC1_BLAHS/9-42,3ab91c4113342242ed3ad77bad4f86998a7f1dfd99fbe4c8639bde3a17365ae9
NEG_PF00367_1dffa3be89a92fa2da64,EIIB_1dffa3be89a92fa2,EIIB_1dffa3be89a92fa2,FINAL_HOLDOUT,HARD_NEGATIVE,,LITERATURE_EXCLUDED_FALSE_HOMOLOG_FAMILY,Pfam_38.2_PF00367_seed,B2KDM3_ELUMP/8-41,824fdf2f809366fe1869fb7dffa3d115ddea928c49b798ee9849b073606c6342
NEG_PF00367_1e1a82c3d8eeaa7cecc2,EIIB_1e1a82c3d8eeaa7c,EIIB_1e1a82c3d8eeaa7c,FINAL_HOLDOUT,HARD_NEGATIVE,,LITERATURE_EXCLUDED_FALSE_HOMOLOG_FAMILY,Pfam_38.2_PF00367_seed,G8PBT2_PEDCP/414-447,5672e8fbf4988a1fa4321e0f76bb28339b4f173555f46aae4b58d65329d9d699
NEG_PF00367_1ee1932bfc9bb30e3600,EIIB_1ee1932bfc9bb30e,EIIB_1ee1932bfc9bb30e,FINAL_HOLDOUT,HARD_NEGATIVE,,LITERATURE_EXCLUDED_FALSE_HOMOLOG_FAMILY,Pfam_38.2_PF00367_seed,K8E7N1_CARML/9-40,bf8aa91e1cdb7aa4a6dfa2d85ff5cb69147dc2ae533bc12061dfc9181a3127c0
NEG_PF00367_1fbe94d7030990fe7a57,EIIB_1fbe94d7030990fe,EIIB_1fbe94d7030990fe,FINAL_HOLDOUT,HARD_NEGATIVE,,LITERATURE_EXCLUDED_FALSE_HOMOLOG_FAMILY,Pfam_38.2_PF00367_seed,I3Y5R4_THIV6/512-545,435386c8341c1c62346007f8c89392fa4b6ed491bab685756f5804f6e60290d0
NEG_PF00367_200bb67eeead1c671ffe,EIIB_200bb67eeead1c67,EIIB_200bb67eeead1c67,CALIBRATION,HARD_NEGATIVE,,LITERATURE_EXCLUDED_FALSE_HOMOLOG_FAMILY,Pfam_38.2_PF00367_seed,B9E8X7_MACCJ/20-53,37905d387aeb643795859c70e22f652e46fb694faf96877f0213339e81489ae2
NEG_PF00367_201fdffccf5673de2210,EIIB_201fdffccf5673de,EIIB_201fdffccf5673de,FINAL_HOLDOUT,HARD_NEGATIVE,,LITERATURE_EXCLUDED_FALSE_HOMOLOG_FAMILY,Pfam_38.2_PF00367_seed,H6N8T4_9BACL/431-463,eb806960d636296882e05a48448ef4634f649e0aa0504631583246f8686466b2
NEG_PF00367_21de0fd9d956af51bce5,EIIB_21de0fd9d956af51,EIIB_21de0fd9d956af51,CALIBRATION,HARD_NEGATIVE,,LITERATURE_EXCLUDED_FALSE_HOMOLOG_FAMILY,Pfam_38.2_PF00367_seed,E3HBB2_ILYPC/433-464,aeb574bd66331bf791d06c597df4efa0b70c42f3900a4d43a00c15765ad4da9d
NEG_PF00367_22ea03a50fa1d898a7ff,EIIB_22ea03a50fa1d898,EIIB_22ea03a50fa1d898,FINAL_HOLDOUT,HARD_NEGATIVE,,LITERATURE_EXCLUDED_FALSE_HOMOLOG_FAMILY,Pfam_38.2_PF00367_seed,L0KBD8_HALHC/418-450,ec4984bc7e2fef0f5822e166ac117a8220bb4861a14fdf8dbb6d9262e3358b64
NEG_PF00367_23c63e9b8f554cde2aff,EIIB_23c63e9b8f554cde,EIIB_23c63e9b8f554cde,FINAL_HOLDOUT,HARD_NEGATIVE,,LITERATURE_EXCLUDED_FALSE_HOMOLOG_FAMILY,Pfam_38.2_PF00367_seed,Q6D8W2_PECAS/14-45,b61ca1ddc81684ff1544d4a81f10473fd6bea60a569435bac2695ed35ea9cf67
NEG_PF00367_2416afcb79d52ec93cfb,EIIB_2416afcb79d52ec9,EIIB_2416afcb79d52ec9,CALIBRATION,HARD_NEGATIVE,,LITERATURE_EXCLUDED_FALSE_HOMOLOG_FAMILY,Pfam_38.2_PF00367_seed,W0HT37_9GAMM/456-488,a3f2747f53285dc70640167dcce4c33438d8bc8e9be37f183905998986a8d311
NEG_PF00367_245760a4984af5ffa459,EIIB_245760a4984af5ff,EIIB_245760a4984af5ff,CALIBRATION,HARD_NEGATIVE,,LITERATURE_EXCLUDED_FALSE_HOMOLOG_FAMILY,Pfam_38.2_PF00367_seed,Q5FIT1_LACAC/8-40,649b303e34efd5c788cfa98bc467d50cb3aed0479ce1afd84ffad83f64a6689e
NEG_PF00367_273ea39a8d9d63b34242,EIIB_273ea39a8d9d63b3,EIIB_273ea39a8d9d63b3,CALIBRATION,HARD_NEGATIVE,,LITERATURE_EXCLUDED_FALSE_HOMOLOG_FAMILY,Pfam_38.2_PF00367_seed,B0N3C0_9FIRM/457-489,a03527bd666b57d60e20e291a36f8f942321213835f3eb6891eaf7535176a370
NEG_PF00367_276eb23135c2373dc45f,EIIB_276eb23135c2373d,EIIB_276eb23135c2373d,CALIBRATION,HARD_NEGATIVE,,LITERATURE_EXCLUDED_FALSE_HOMOLOG_FAMILY,Pfam_38.2_PF00367_seed,Q819D5_BACCR/442-475,00d89bc73902324ff6b60feec4f52287a88813ab54a7cc58bbbeffe6419f0add
NEG_PF00367_27c97da00be2b73848b5,EIIB_27c97da00be2b738,EIIB_27c97da00be2b738,CALIBRATION,HARD_NEGATIVE,,LITERATURE_EXCLUDED_FALSE_HOMOLOG_FAMILY,Pfam_38.2_PF00367_seed,C7QIN6_CATAD/5-38,29cf8a1f86562bcec2aece98b9c18f7c48b0a4b7232234b47c2b2d6ea2139a44
NEG_PF00367_282a16ab588bb1a55974,EIIB_282a16ab588bb1a5,EIIB_282a16ab588bb1a5,FINAL_HOLDOUT,HARD_NEGATIVE,,LITERATURE_EXCLUDED_FALSE_HOMOLOG_FAMILY,Pfam_38.2_PF00367_seed,Q18DC5_CLOD6/8-41,78436d38271f304d261298e34cb59293bda66854804396cf296d55aefae562c1
NEG_PF00367_28d7c75cc1f69a27911b,EIIB_28d7c75cc1f69a27,EIIB_28d7c75cc1f69a27,CALIBRATION,HARD_NEGATIVE,,LITERATURE_EXCLUDED_FALSE_HOMOLOG_FAMILY,Pfam_38.2_PF00367_seed,A5I073_CLOBH/8-41,347eda8cfcde1ab1b9d6d66c2470927f6bd4f07e36495de05c9d02a8c0e54480
NEG_PF00367_28ed65fc487011440fe0,EIIB_28ed65fc48701144,EIIB_28ed65fc48701144,FINAL_HOLDOUT,HARD_NEGATIVE,,LITERATURE_EXCLUDED_FALSE_HOMOLOG_FAMILY,Pfam_38.2_PF00367_seed,Q5FKB3_LACAC/174-207,e32e6bd6e61466954d5d40fc1cf75490ac44589f501c483cf0e60283bd2de56f
NEG_PF00367_29039ff627776691f304,EIIB_29039ff627776691,EIIB_29039ff627776691,CALIBRATION,HARD_NEGATIVE,,LITERATURE_EXCLUDED_FALSE_HOMOLOG_FAMILY,Pfam_38.2_PF00367_seed,F3Y8U3_MELPT/11-42,7ff61a7fa44c7ebedfcf62b9c9a61c529dc54ac999bdba7905842e402b74d738
NEG_PF00367_2914dc39dd366a83d9e9,EIIB_2914dc39dd366a83,EIIB_2914dc39dd366a83,FINAL_HOLDOUT,HARD_NEGATIVE,,LITERATURE_EXCLUDED_FALSE_HOMOLOG_FAMILY,Pfam_38.2_PF00367_seed,Q97J79_CLOAB/8-41,02d606278a787d118cfc60cf3e9ebc2e354dfd515d1b6f4407c0b4fa2038a108
NEG_PF00367_2ab292e386d08bf5dd80,EIIB_2ab292e386d08bf5,EIIB_2ab292e386d08bf5,CALIBRATION,HARD_NEGATIVE,,LITERATURE_EXCLUDED_FALSE_HOMOLOG_FAMILY,Pfam_38.2_PF00367_seed,Q38ZL8_LATSS/418-451,91e6a55875603bf4798b29e39cd3d2b0a26f2d97e1c716facf0239179fcc6327
NEG_PF00367_2ccba4d611a059c04c41,EIIB_2ccba4d611a059c0,EIIB_2ccba4d611a059c0,FINAL_HOLDOUT,HARD_NEGATIVE,,LITERATURE_EXCLUDED_FALSE_HOMOLOG_FAMILY,Pfam_38.2_PF00367_seed,Q9CID6_LACLA/9-42,3509c182ab214bd4322bd475a2c0a7b137d4bbe9388b198df27ed062bd0ba95a
NEG_PF00367_2ce30bc830f61ee0750c,EIIB_2ce30bc830f61ee0,EIIB_2ce30bc830f61ee0,FINAL_HOLDOUT,HARD_NEGATIVE,,LITERATURE_EXCLUDED_FALSE_HOMOLOG_FAMILY,Pfam_38.2_PF00367_seed,Q5FLD9_LACAC/552-584,ac986661a11092863c71da2447bce1f674990a776f8188be72f551d56769efae
NEG_PF00367_2cf767ea56826e568560,EIIB_2cf767ea56826e56,EIIB_2cf767ea56826e56,FINAL_HOLDOUT,HARD_NEGATIVE,,LITERATURE_EXCLUDED_FALSE_HOMOLOG_FAMILY,Pfam_38.2_PF00367_seed,E1QYU2_OLSUV/10-43,1ff10b811568408dd9754c27624852be5aca4e37c292154b12f52d0e7920f04f
NEG_PF00367_2cffb0f94a83e9ba5e9f,EIIB_2cffb0f94a83e9ba,EIIB_2cffb0f94a83e9ba,CALIBRATION,HARD_NEGATIVE,,LITERATURE_EXCLUDED_FALSE_HOMOLOG_FAMILY,Pfam_38.2_PF00367_seed,F4EXI6_SELS3/188-220,1ca764523342d17875e652a41eaaa879df7c88874d06273862d87dd0a31e42a5
NEG_PF00367_2d0dd040116174faf627,EIIB_2d0dd040116174fa,EIIB_2d0dd040116174fa,CALIBRATION,HARD_NEGATIVE,,LITERATURE_EXCLUDED_FALSE_HOMOLOG_FAMILY,Pfam_38.2_PF00367_seed,I5AX54_EUBC6/8-41,554f7bfed1c044ce0426f5e9c0eb307862def0cc1fa5b529b430a992238cc5b2
NEG_PF00367_2dea752efbcc5991fad9,EIIB_2dea752efbcc5991,EIIB_2dea752efbcc5991,CALIBRATION,HARD_NEGATIVE,,LITERATURE_EXCLUDED_FALSE_HOMOLOG_FAMILY,Pfam_38.2_PF00367_seed,F6ABH7_PSEF1/10-43,8e278c8612f5a9774aab468553e9f8a28c0ff4f3e65e73ebf8180eb3c662512b
NEG_PF00367_2df89c992b1b6830c53d,EIIB_2df89c992b1b6830,EIIB_2df89c992b1b6830,CALIBRATION,HARD_NEGATIVE,,LITERATURE_EXCLUDED_FALSE_HOMOLOG_FAMILY,Pfam_38.2_PF00367_seed,C4L7Z6_TOLAT/10-43,c09a2a35c65334fcf94037732af94cc23309abe6b8068f5f62801d2ceccaf5c6
NEG_PF00367_2e303ef0f69bb00faa6a,EIIB_2e303ef0f69bb00f,EIIB_2e303ef0f69bb00f,FINAL_HOLDOUT,HARD_NEGATIVE,,LITERATURE_EXCLUDED_FALSE_HOMOLOG_FAMILY,Pfam_38.2_PF00367_seed,Q8Y3R1_LISMO/8-41,f7d1cbfd90c11e5585b9c7675980276665b148f9ea33ac2502b7ab1a6e786b02
NEG_PF00367_2e4cbedbbf0686f1ade8,EIIB_2e4cbedbbf0686f1,EIIB_2e4cbedbbf0686f1,FINAL_HOLDOUT,HARD_NEGATIVE,,LITERATURE_EXCLUDED_FALSE_HOMOLOG_FAMILY,Pfam_38.2_PF00367_seed,V5RJI3_SPIAP/174-207,c7cc32b85f368c7e78e6f6ef1415cf8f928d0ba4bdbc0a1c3ffa3041495cb965
NEG_PF00367_2ea322be3f4f0705f2e5,EIIB_2ea322be3f4f0705,EIIB_2ea322be3f4f0705,CALIBRATION,HARD_NEGATIVE,,LITERATURE_EXCLUDED_FALSE_HOMOLOG_FAMILY,Pfam_38.2_PF00367_seed,Q8DNU7_STRR6/436-468,d26a63a73919b6ae433eda484a2c58b600e9da85d47401bdcdfb07db0a05b744
NEG_PF00367_2eb5529833bd255ace7c,EIIB_2eb5529833bd255a,EIIB_2eb5529833bd255a,CALIBRATION,HARD_NEGATIVE,,LITERATURE_EXCLUDED_FALSE_HOMOLOG_FAMILY,Pfam_38.2_PF00367_seed,U5N0R8_CLOSA/8-41,c23dbc65d7216c42224ec88ab77acf42361de8ab4c52ada4245ef3bce4c2525b
NEG_PF00367_2eda1e0c5be492296ed4,EIIB_2eda1e0c5be49229,EIIB_2eda1e0c5be49229,CALIBRATION,HARD_NEGATIVE,,LITERATURE_EXCLUDED_FALSE_HOMOLOG_FAMILY,Pfam_38.2_PF00367_seed,A0PZX9_CLONN/401-434,f22814e49dd290ebf747191bfe2843a44d6d5922c93c734fd4b0eaeba68a5051
NEG_PF00367_2ef50b25a3557bc526db,EIIB_2ef50b25a3557bc5,EIIB_2ef50b25a3557bc5,CALIBRATION,HARD_NEGATIVE,,LITERATURE_EXCLUDED_FALSE_HOMOLOG_FAMILY,Pfam_38.2_PF00367_seed,Q5WI17_SHOC1/12-45,07c343303b68a88bcc41067923f0bed10df6c451b3924968e23a21a69e25c8d6
NEG_PF00367_307c8d4924a2abd2311d,EIIB_307c8d4924a2abd2,EIIB_307c8d4924a2abd2,CALIBRATION,HARD_NEGATIVE,,LITERATURE_EXCLUDED_FALSE_HOMOLOG_FAMILY,Pfam_38.2_PF00367_seed,A1S4N4_SHEAM/411-443,e7aba9c503a5b3829c951ecdea4301bbc3bc43743cca99eb0e35dc55958b4750
NEG_PF00367_3093bb66cadc23054eff,EIIB_3093bb66cadc2305,EIIB_3093bb66cadc2305,FINAL_HOLDOUT,HARD_NEGATIVE,,LITERATURE_EXCLUDED_FALSE_HOMOLOG_FAMILY,Pfam_38.2_PF00367_seed,W6A652_9MOLU/524-556,af0c5e69601a3e7b08febc40d1c4b434e6c2962d68d91067027d646385e86ae3
NEG_PF00367_30e471e8ee109434ebac,EIIB_30e471e8ee109434,EIIB_30e471e8ee109434,FINAL_HOLDOUT,HARD_NEGATIVE,,LITERATURE_EXCLUDED_FALSE_HOMOLOG_FAMILY,Pfam_38.2_PF00367_seed,W6A7I9_9MOLU/187-220,6b86c7ff5157d5c100125c3d2ba688d3edabd1002dfe6244cb2e46b870ec8af9
NEG_PF00367_3285c246fae75733a070,EIIB_3285c246fae75733,EIIB_3285c246fae75733,FINAL_HOLDOUT,HARD_NEGATIVE,,LITERATURE_EXCLUDED_FALSE_HOMOLOG_FAMILY,Pfam_38.2_PF00367_seed,Q6DAR5_PECAS/9-41,63fa3fc48dbd0ca2839d33a27f16459dbefee0fc0cfb6f471b58958938466d35
NEG_PF00367_32faf93b5d76b498e38c,EIIB_32faf93b5d76b498,EIIB_32faf93b5d76b498,CALIBRATION,HARD_NEGATIVE,,LITERATURE_EXCLUDED_FALSE_HOMOLOG_FAMILY,Pfam_38.2_PF00367_seed,Q97LJ0_CLOAB/419-452,daa9c6b1bdeaf09e200690e33a93b71e0d04b0d19b590f69c983c6f0dfe75bab
NEG_PF00367_330fc861264c44f5e32e,EIIB_330fc861264c44f5,EIIB_330fc861264c44f5,CALIBRATION,HARD_NEGATIVE,,LITERATURE_EXCLUDED_FALSE_HOMOLOG_FAMILY,Pfam_38.2_PF00367_seed,W6RZ98_9CLOT/8-41,cac7f3789916403fc32006fc4ad0ce2f06095fe6c3b911a99755db6306ced3b2
NEG_PF00367_3347b28bd31a3c9fcb13,EIIB_3347b28bd31a3c9f,EIIB_3347b28bd31a3c9f,FINAL_HOLDOUT,HARD_NEGATIVE,,LITERATURE_EXCLUDED_FALSE_HOMOLOG_FAMILY,Pfam_38.2_PF00367_seed,R4K4V6_CLOPA/9-42,a9973c63d7acbd930338814a6787ae1932fb4a7c273afefa58e674d508faf4bf
NEG_PF00367_33702aad74df745a308b,EIIB_33702aad74df745a,EIIB_33702aad74df745a,FINAL_HOLDOUT,HARD_NEGATIVE,,LITERATURE_EXCLUDED_FALSE_HOMOLOG_FAMILY,Pfam_38.2_PF00367_seed,A0A0H3H0B2_KLEPH/11-43,4fdec188e8bf455b492adf52f45d630f0e3cc9f3f83247ffa5b94fe0ff8954a5
NEG_PF00367_3420e4beee3b25c2e07a,EIIB_3420e4beee3b25c2,EIIB_3420e4beee3b25c2,FINAL_HOLDOUT,HARD_NEGATIVE,,LITERATURE_EXCLUDED_FALSE_HOMOLOG_FAMILY,Pfam_38.2_PF00367_seed,G2SMI9_LIGR2/8-40,0a0c89d674fbaf57f51d7077cedcd910a1a42d6bc803ac5eb8e8e4498d749ade
NEG_PF00367_34b675632e07e7e4683e,EIIB_34b675632e07e7e4,EIIB_34b675632e07e7e4,CALIBRATION,HARD_NEGATIVE,,LITERATURE_EXCLUDED_FALSE_HOMOLOG_FAMILY,Pfam_38.2_PF00367_seed,Q12NZ3_SHEDO/408-440,7ce6e9006a95cedce093ab1e662836c38216638cbb05f01a77237b4591b38976
NEG_PF00367_34e7c4364c88d1de6fe8,EIIB_34e7c4364c88d1de,EIIB_34e7c4364c88d1de,FINAL_HOLDOUT,HARD_NEGATIVE,,LITERATURE_EXCLUDED_FALSE_HOMOLOG_FAMILY,Pfam_38.2_PF00367_seed,Q8ZMP6_SALTY/431-463,396681c4343df4ae515d7e13debeee803c6c8975fce87ff9faecd525c0859c65
NEG_PF00367_35377c4c906e28b0750c,EIIB_35377c4c906e28b0,EIIB_35377c4c906e28b0,CALIBRATION,HARD_NEGATIVE,,LITERATURE_EXCLUDED_FALSE_HOMOLOG_FAMILY,Pfam_38.2_PF00367_seed,A0A0H3GWN7_KLEPH/10-43,95b9fe922c287b59f406f1ccb0026a2b7a54a6a7b56a0e8cb209e0e81c286ecf
NEG_PF00367_361b2f9080b8d3f143a3,EIIB_361b2f9080b8d3f1,EIIB_361b2f9080b8d3f1,CALIBRATION,HARD_NEGATIVE,,LITERATURE_EXCLUDED_FALSE_HOMOLOG_FAMILY,Pfam_38.2_PF00367_seed,W0HZ83_9GAMM/403-436,6f60565d304c4421aacdde500a5fa2497cdf3aed08701d3bcb3be682c0e0d30d
NEG_PF00367_361dadb776e4d988b1cd,EIIB_361dadb776e4d988,EIIB_361dadb776e4d988,FINAL_HOLDOUT,HARD_NEGATIVE,,LITERATURE_EXCLUDED_FALSE_HOMOLOG_FAMILY,Pfam_38.2_PF00367_seed,E1QZZ3_OLSUV/8-41,6a4afb7e134e118c9f2c402d349cf091d655b7a6eae59aed8015c73ea56585a6
NEG_PF00367_3627f900f40d0324ee6b,EIIB_3627f900f40d0324,EIIB_3627f900f40d0324,CALIBRATION,HARD_NEGATIVE,,LITERATURE_EXCLUDED_FALSE_HOMOLOG_FAMILY,Pfam_38.2_PF00367_seed,F9UTE0_LACPL/175-208,4755f36d3e6fc1ad1415e752bfe46febe3c36c410a6de071d309e578c62476a0
NEG_PF00367_36463f43df9b89d729c2,EIIB_36463f43df9b89d7,EIIB_36463f43df9b89d7,FINAL_HOLDOUT,HARD_NEGATIVE,,LITERATURE_EXCLUDED_FALSE_HOMOLOG_FAMILY,Pfam_38.2_PF00367_seed,Q82YR5_ENTFA/8-40,dd42c74ef48eb257a06115d048de7c8c145cb10b9b9f427f009b296ad62cf55d
NEG_PF00367_36f66b6153bca3504c30,EIIB_36f66b6153bca350,EIIB_36f66b6153bca350,FINAL_HOLDOUT,HARD_NEGATIVE,,LITERATURE_EXCLUDED_FALSE_HOMOLOG_FAMILY,Pfam_38.2_PF00367_seed,Q5WLA1_SHOC1/9-42,cbd4351dc61e9beae201217dee730a0b727ffd7e9de97906411a5b84f98b5015
NEG_PF00367_37220fec95ed122ecf77,EIIB_37220fec95ed122e,EIIB_37220fec95ed122e,CALIBRATION,HARD_NEGATIVE,,LITERATURE_EXCLUDED_FALSE_HOMOLOG_FAMILY,Pfam_38.2_PF00367_seed,A0A2H6C9K0_TETHA/11-43,4086f3ca92116482b0b3b0f62ea76b0e18531cc8e306aa14ebc2ace05dfc6df0
NEG_PF00367_376fe757b1aadf1382d4,EIIB_376fe757b1aadf13,EIIB_376fe757b1aadf13,CALIBRATION,HARD_NEGATIVE,,LITERATURE_EXCLUDED_FALSE_HOMOLOG_FAMILY,Pfam_38.2_PF00367_seed,PTN3B_CORGL/10-43,67a6273b0f0f03bb74fe6b18750f888a083697956acb84ed1dc0d150d122c4e4
NEG_PF00367_377bd901ee29d2c2a4df,EIIB_377bd901ee29d2c2,EIIB_377bd901ee29d2c2,CALIBRATION,HARD_NEGATIVE,,LITERATURE_EXCLUDED_FALSE_HOMOLOG_FAMILY,Pfam_38.2_PF00367_seed,W0HVE9_9GAMM/9-42,de7a9d6dd55ddaad11727bc0076e3f980d8efdc3778064950e67f66ee369c7c4
NEG_PF00367_39c93dbd42f43effe69e,EIIB_39c93dbd42f43eff,EIIB_39c93dbd42f43eff,FINAL_HOLDOUT,HARD_NEGATIVE,,LITERATURE_EXCLUDED_FALSE_HOMOLOG_FAMILY,Pfam_38.2_PF00367_seed,F2JK87_CELLD/8-41,97ad029dc750177a41adbfc9f32a07d5c2a7a6d85b5c3f2e9040374caef3379c
NEG_PF00367_39c9e1883403e2129ddf,EIIB_39c9e1883403e212,EIIB_39c9e1883403e212,FINAL_HOLDOUT,HARD_NEGATIVE,,LITERATURE_EXCLUDED_FALSE_HOMOLOG_FAMILY,Pfam_38.2_PF00367_seed,D5UCE5_CELFN/5-38,cfb5b1b6c8d99baf7d2aa4b751a51c90be4bf69239f770de2a3455879cc0dadd
NEG_PF00367_3a994dbd6634f99fc19b,EIIB_3a994dbd6634f99f,EIIB_3a994dbd6634f99f,CALIBRATION,HARD_NEGATIVE,,LITERATURE_EXCLUDED_FALSE_HOMOLOG_FAMILY,Pfam_38.2_PF00367_seed,A0A3N4DKR6_9ACTN/508-542,a363a6fbdb08cb324244362da97b5215bb3a7364691401793926d0856baeba1a
NEG_PF00367_3af777b40dd06697dd14,EIIB_3af777b40dd06697,EIIB_3af777b40dd06697,FINAL_HOLDOUT,HARD_NEGATIVE,,LITERATURE_EXCLUDED_FALSE_HOMOLOG_FAMILY,Pfam_38.2_PF00367_seed,Q1WVN0_LIGS1/8-40,47647215b4eb95d9a3f3bf76c862b5642f8d5f9c88293927a5f9ac72897846b8
NEG_PF00367_3b85852d0f254f55b6c2,EIIB_3b85852d0f254f55,EIIB_3b85852d0f254f55,CALIBRATION,HARD_NEGATIVE,,LITERATURE_EXCLUDED_FALSE_HOMOLOG_FAMILY,Pfam_38.2_PF00367_seed,Q9RL52_STRCO/472-505,a86b2c52f90a14f10e553dea3954bef0abee42ae29a28dd5ee106fd3fc9d77ac
NEG_PF00367_3bd064c3be0de907748b,EIIB_3bd064c3be0de907,EIIB_3bd064c3be0de907,CALIBRATION,HARD_NEGATIVE,,LITERATURE_EXCLUDED_FALSE_HOMOLOG_FAMILY,Pfam_38.2_PF00367_seed,F9VCI7_LACGL/11-44,b96792010c8a22cfc8c055184bd1409840af59234e52774bb851ae1c2d396428
NEG_PF00367_3c3abdab07185c119360,EIIB_3c3abdab07185c11,EIIB_3c3abdab07185c11,CALIBRATION,HARD_NEGATIVE,,LITERATURE_EXCLUDED_FALSE_HOMOLOG_FAMILY,Pfam_38.2_PF00367_seed,D7BKU6_ARCHD/446-479,259ab47f4baacd788d3a820472cd8a6d763966a3fc7e9b6497b11f9cbc4d4d72
NEG_PF00367_3c3f834ec01aec39557b,EIIB_3c3f834ec01aec39,EIIB_3c3f834ec01aec39,FINAL_HOLDOUT,HARD_NEGATIVE,,LITERATURE_EXCLUDED_FALSE_HOMOLOG_FAMILY,Pfam_38.2_PF00367_seed,Q7NBX6_MYCGA/618-650,f907abc1b11621c8859b871e631b25b2d6e5ec5013748b4bff0f422aad712207
NEG_PF00367_3c8ab5e9e22d130f6e6a,EIIB_3c8ab5e9e22d130f,EIIB_3c8ab5e9e22d130f,CALIBRATION,HARD_NEGATIVE,,LITERATURE_EXCLUDED_FALSE_HOMOLOG_FAMILY,Pfam_38.2_PF00367_seed,Q6D618_PECAS/8-41,2cec80b231f5494ff63b4466bf4dbf3fc025a88d209562f51b03c7cf1050b17e
NEG_PF00367_3ddea92d879df8eceb3e,EIIB_3ddea92d879df8ec,EIIB_3ddea92d879df8ec,CALIBRATION,HARD_NEGATIVE,,LITERATURE_EXCLUDED_FALSE_HOMOLOG_FAMILY,Pfam_38.2_PF00367_seed,B2KD78_ELUMP/477-509,5ad831b4912e3fc8cfa4ce70aba4c71c232856aa4d4b5cf7bb81a58ef829ed5a
NEG_PF00367_3e5fd87799ea99ee3b11,EIIB_3e5fd87799ea99ee,EIIB_3e5fd87799ea99ee,CALIBRATION,HARD_NEGATIVE,,LITERATURE_EXCLUDED_FALSE_HOMOLOG_FAMILY,Pfam_38.2_PF00367_seed,Q899A7_CLOTE/420-453,3317ec2ccc1e23948c3f90631f1777c561e57b6df1044fa8197b081bd18d0ab1
NEG_PF00367_3fb0fd470cd1ffa605d3,EIIB_3fb0fd470cd1ffa6,EIIB_3fb0fd470cd1ffa6,FINAL_HOLDOUT,HARD_NEGATIVE,,LITERATURE_EXCLUDED_FALSE_HOMOLOG_FAMILY,Pfam_38.2_PF00367_seed,D3FUF2_ALKPO/9-42,56ac5df1d6484cbe55ef1d170053d3d4f9f4c94b190aae252da7e3cb44c514d4
NEG_PF00367_402546527a99abc16f56,EIIB_402546527a99abc1,EIIB_402546527a99abc1,FINAL_HOLDOUT,HARD_NEGATIVE,,LITERATURE_EXCLUDED_FALSE_HOMOLOG_FAMILY,Pfam_38.2_PF00367_seed,E1QYY8_OLSUV/9-42,84e63e9693b675fb7f8bcd360091ad04c8803127d0bde2b2eacc113959b14bb7
NEG_PF00367_40cf48aad85bc9ddb94c,EIIB_40cf48aad85bc9dd,EIIB_40cf48aad85bc9dd,CALIBRATION,HARD_NEGATIVE,,LITERATURE_EXCLUDED_FALSE_HOMOLOG_FAMILY,Pfam_38.2_PF00367_seed,Q8EVH3_MALP2/512-544,a692752f6da61318c2eef2cba9b5fec10e88737e8da116405b15265dc5ed6fe7
NEG_PF00367_4180766f05e75ab5db4d,EIIB_4180766f05e75ab5,EIIB_4180766f05e75ab5,CALIBRATION,HARD_NEGATIVE,,LITERATURE_EXCLUDED_FALSE_HOMOLOG_FAMILY,Pfam_38.2_PF00367_seed,Q9CMF3_PASMU/412-445,259d182cdc0b1fe65bd1fde8e86ecece329306289a247ea98a601391c16e64c8
NEG_PF00367_41a4d9c956fbb1a408e8,EIIB_41a4d9c956fbb1a4,EIIB_41a4d9c956fbb1a4,CALIBRATION,HARD_NEGATIVE,,LITERATURE_EXCLUDED_FALSE_HOMOLOG_FAMILY,Pfam_38.2_PF00367_seed,L0RV60_MYCC1/27-60,62e8d887f5e746ddd48c55c3f8351f2a8b572a5493f9fc27c00ca70459955208
NEG_PF00367_42a9bb8d56ec0a42a21f,EIIB_42a9bb8d56ec0a42,EIIB_42a9bb8d56ec0a42,CALIBRATION,HARD_NEGATIVE,,LITERATURE_EXCLUDED_FALSE_HOMOLOG_FAMILY,Pfam_38.2_PF00367_seed,Q8XNY6_CLOPE/454-485,14f92dfed966126d28ae8934794ef0ff6e746039ff19bda71f4bace7649b53f5
NEG_PF00367_4441e7d721526cfb422c,EIIB_4441e7d721526cfb,EIIB_4441e7d721526cfb,CALIBRATION,HARD_NEGATIVE,,LITERATURE_EXCLUDED_FALSE_HOMOLOG_FAMILY,Pfam_38.2_PF00367_seed,E0SEW4_DICD3/416-449,d584999c8812f896a09864245c66a3f165c9658ea9484524ed9014a73a52f510
NEG_PF00367_45115d31f1413d484ca4,EIIB_45115d31f1413d48,EIIB_45115d31f1413d48,CALIBRATION,HARD_NEGATIVE,,LITERATURE_EXCLUDED_FALSE_HOMOLOG_FAMILY,Pfam_38.2_PF00367_seed,V6K7A3_STRRC/37-70,1786d55170e3432f9d5088aa1f4a105fe743d40ab507d9c2ffb824d5560a9f37
NEG_PF00367_45ce57596d807abc6f45,EIIB_45ce57596d807abc,EIIB_45ce57596d807abc,FINAL_HOLDOUT,HARD_NEGATIVE,,LITERATURE_EXCLUDED_FALSE_HOMOLOG_FAMILY,Pfam_38.2_PF00367_seed,Q8RCG1_CALS4/373-406,2d0b6edad89f3576a7fb91fcd395c948076450957c1cffc8a277317ac8043d1d
NEG_PF00367_45e3c476206ac8cee4b5,EIIB_45e3c476206ac8ce,EIIB_45e3c476206ac8ce,CALIBRATION,HARD_NEGATIVE,,LITERATURE_EXCLUDED_FALSE_HOMOLOG_FAMILY,Pfam_38.2_PF00367_seed,I3WG05_BIFBI/432-465,85a873f50d7dfbcaf7c1f7acdc8a0d0c0037a54a80e252a3bc75373217769918
NEG_PF00367_45f1b59c7a46808109c0,EIIB_45f1b59c7a468081,EIIB_45f1b59c7a468081,FINAL_HOLDOUT,HARD_NEGATIVE,,LITERATURE_EXCLUDED_FALSE_HOMOLOG_FAMILY,Pfam_38.2_PF00367_seed,E3DLY2_HALPG/401-432,8c3c835b2d6bfdf429320c9e3d1a4be885fa1d363d1772c47aba13acb5495e20
NEG_PF00367_47503eb135bbd6163606,EIIB_47503eb135bbd616,EIIB_47503eb135bbd616,FINAL_HOLDOUT,HARD_NEGATIVE,,LITERATURE_EXCLUDED_FALSE_HOMOLOG_FAMILY,Pfam_38.2_PF00367_seed,C9A6F0_ENTCA/9-41,d133c0f785066c1aa366069d0d5990fd64548ee284945499a46495cfb0f79f70
NEG_PF00367_48608e6cc4e2e799edc2,EIIB_48608e6cc4e2e799,EIIB_48608e6cc4e2e799,FINAL_HOLDOUT,HARD_NEGATIVE,,LITERATURE_EXCLUDED_FALSE_HOMOLOG_FAMILY,Pfam_38.2_PF00367_seed,F9USP3_LACPL/8-41,ea11190bedf3e4cc31ff3564a46666d981f71f7ece337408ebc146ed2ebeb042
NEG_PF00367_49529b0357bd561b3a19,EIIB_49529b0357bd561b,EIIB_49529b0357bd561b,CALIBRATION,HARD_NEGATIVE,,LITERATURE_EXCLUDED_FALSE_HOMOLOG_FAMILY,Pfam_38.2_PF00367_seed,A0A829NQC0_MEDG5/8-39,50d99b535a7f24a7da4aaab2ce02351b0d0cb5ed02aa91bbf9e4361f8cfd9556
NEG_PF00367_4a69ee0111452461c9c5,EIIB_4a69ee0111452461,EIIB_4a69ee0111452461,FINAL_HOLDOUT,HARD_NEGATIVE,,LITERATURE_EXCLUDED_FALSE_HOMOLOG_FAMILY,Pfam_38.2_PF00367_seed,Q831R5_ENTFA/11-44,1fc9a1e847c22af4d936cbd576f0084089e07e30bf836fba348f38193632873d
NEG_PF00367_4b3ebd7129ec871cedbd,EIIB_4b3ebd7129ec871c,EIIB_4b3ebd7129ec871c,CALIBRATION,HARD_NEGATIVE,,LITERATURE_EXCLUDED_FALSE_HOMOLOG_FAMILY,Pfam_38.2_PF00367_seed,D1ARK8_SEBTE/454-485,55661ca2c762c47e5ffe7617967973a7acc47073a9ddb800a8c633784ce9a597
NEG_PF00367_4b874f89a6ef99a6fb18,EIIB_4b874f89a6ef99a6,EIIB_4b874f89a6ef99a6,CALIBRATION,HARD_NEGATIVE,,LITERATURE_EXCLUDED_FALSE_HOMOLOG_FAMILY,Pfam_38.2_PF00367_seed,R4U6Z1_9MOLU/612-645,58b8407e1721934b7fd1599caa180008367a76e03a55301468dbd58618614d72
NEG_PF00367_4bab66f1929fbcbf0db5,EIIB_4bab66f1929fbcbf,EIIB_4bab66f1929fbcbf,CALIBRATION,HARD_NEGATIVE,,LITERATURE_EXCLUDED_FALSE_HOMOLOG_FAMILY,Pfam_38.2_PF00367_seed,Q9KG19_HALH5/8-41,152e3d70d4fa40310e7d38a008c10c1102b320a140edfe3b5c33085dfe10705c
NEG_PF00367_4be12cfdc1ff078ebf92,EIIB_4be12cfdc1ff078e,EIIB_4be12cfdc1ff078e,CALIBRATION,HARD_NEGATIVE,,LITERATURE_EXCLUDED_FALSE_HOMOLOG_FAMILY,Pfam_38.2_PF00367_seed,C9A5Z9_ENTCA/10-41,9f2fa26307b9c40267e15d2fc13945d9c15b87930e6278d6ba939eb6eeff827f
NEG_PF00367_4c0e790ae015e0e77a4c,EIIB_4c0e790ae015e0e7,EIIB_4c0e790ae015e0e7,CALIBRATION,HARD_NEGATIVE,,LITERATURE_EXCLUDED_FALSE_HOMOLOG_FAMILY,Pfam_38.2_PF00367_seed,Q8YAT6_LISMO/8-41,79895977a329af1ff4341596ba9fda5097adbb4b3a8510c43828c9fd6df751a8
NEG_PF00367_4d1c1f2891223aa5864f,EIIB_4d1c1f2891223aa5,EIIB_4d1c1f2891223aa5,FINAL_HOLDOUT,HARD_NEGATIVE,,LITERATURE_EXCLUDED_FALSE_HOMOLOG_FAMILY,Pfam_38.2_PF00367_seed,I0JI76_HALH3/441-474,949c0f231de060c3a1925ebcb77ab18b8ae1f3287d11afc6b713e41687a99e24
NEG_PF00367_4d3f54f7e94d59b8a706,EIIB_4d3f54f7e94d59b8,EIIB_4d3f54f7e94d59b8,CALIBRATION,HARD_NEGATIVE,,LITERATURE_EXCLUDED_FALSE_HOMOLOG_FAMILY,Pfam_38.2_PF00367_seed,A1STJ7_PSYIN/8-41,a89cadf2d513e3a4c8f4521e898027d7431001fb2cf76a75e050233a8a964740
NEG_PF00367_4d566d560fac71c90021,EIIB_4d566d560fac71c9,EIIB_4d566d560fac71c9,CALIBRATION,HARD_NEGATIVE,,LITERATURE_EXCLUDED_FALSE_HOMOLOG_FAMILY,Pfam_38.2_PF00367_seed,Q184W3_CLOD6/9-42,ff58c5aca55cc0e547ddc0c5f5858d403cd4d821b2a72f2ba98086abb7e664a2
NEG_PF00367_4d62c246342465eaabf8,EIIB_4d62c246342465ea,EIIB_4d62c246342465ea,CALIBRATION,HARD_NEGATIVE,,LITERATURE_EXCLUDED_FALSE_HOMOLOG_FAMILY,Pfam_38.2_PF00367_seed,Q8G3X0_BIFLO/14-47,c63e61b1d4e7008ff5d36c58edb60505304c8f16cbf67cd201d0af0a14f60168
NEG_PF00367_4d98b3853887876d4c5b,EIIB_4d98b3853887876d,EIIB_4d98b3853887876d,FINAL_HOLDOUT,HARD_NEGATIVE,,LITERATURE_EXCLUDED_FALSE_HOMOLOG_FAMILY,Pfam_38.2_PF00367_seed,D5E072_PRIM1/434-467,d86b29b7978a80c9a5c8965e4f4a67ab4f4bff7f48ebe9a247b83e8d4b4096c2
NEG_PF00367_4da398d20eba25058ebe,EIIB_4da398d20eba2505,EIIB_4da398d20eba2505,CALIBRATION,HARD_NEGATIVE,,LITERATURE_EXCLUDED_FALSE_HOMOLOG_FAMILY,Pfam_38.2_PF00367_seed,M1MDV4_9CLOT/8-41,816028e49aa5bb421ab4edf54500d41c5e3447a9f5ddedd0b87b2a7325390ebb
NEG_PF00367_4e450df6519c80aa34e2,EIIB_4e450df6519c80aa,EIIB_4e450df6519c80aa,FINAL_HOLDOUT,HARD_NEGATIVE,,LITERATURE_EXCLUDED_FALSE_HOMOLOG_FAMILY,Pfam_38.2_PF00367_seed,Q2G5M5_NOVAD/407-439,ba5063eebb396bf85c2ce9f769e6029a1405fd10327ead768db3fed0e6abb8d3
NEG_PF00367_4eb1f7977580c0864eee,EIIB_4eb1f7977580c086,EIIB_4eb1f7977580c086,FINAL_HOLDOUT,HARD_NEGATIVE,,LITERATURE_EXCLUDED_FALSE_HOMOLOG_FAMILY,Pfam_38.2_PF00367_seed,Q98QJ7_MYCPU/530-562,f24f8183acec06ae0519300b26c5134f746393e0cea4193d09f6a18bd6e561a5
NEG_PF00367_4ec94a47d38b6e316314,EIIB_4ec94a47d38b6e31,EIIB_4ec94a47d38b6e31,FINAL_HOLDOUT,HARD_NEGATIVE,,LITERATURE_EXCLUDED_FALSE_HOMOLOG_FAMILY,Pfam_38.2_PF00367_seed,Q9CKH8_PASMU/273-306,2d0393732805f79c6c39a8c62b1a67cf007803557a1b39c47eecff69f6264af4
NEG_PF00367_4f345009dbccdfde45c1,EIIB_4f345009dbccdfde,EIIB_4f345009dbccdfde,FINAL_HOLDOUT,HARD_NEGATIVE,,LITERATURE_EXCLUDED_FALSE_HOMOLOG_FAMILY,Pfam_38.2_PF00367_seed,W6AAU5_9MOLU/9-41,0708e73caa65371a3465c6dd5380cd636923a7a3271ee925e7d6acfabe894520
NEG_PF00367_4f65ee787450d2d755e9,EIIB_4f65ee787450d2d7,EIIB_4f65ee787450d2d7,CALIBRATION,HARD_NEGATIVE,,LITERATURE_EXCLUDED_FALSE_HOMOLOG_FAMILY,Pfam_38.2_PF00367_seed,Q2G0U0_STAA8/9-42,c9863d1cade38017528a024f954d247c1eb0ec33947fbb5d4b9883646c38e725
NEG_PF00367_4fb795e7814dbaf2fdd5,EIIB_4fb795e7814dbaf2,EIIB_4fb795e7814dbaf2,CALIBRATION,HARD_NEGATIVE,,LITERATURE_EXCLUDED_FALSE_HOMOLOG_FAMILY,Pfam_38.2_PF00367_seed,Q67SK9_SYMTH/8-41,64b073014c6909a45da05d9b0cf1c9f7c4781fc499fb16fce41e85f4f4c3b1b8
NEG_PF00367_4fd7311a7660129e0368,EIIB_4fd7311a7660129e,EIIB_4fd7311a7660129e,CALIBRATION,HARD_NEGATIVE,,LITERATURE_EXCLUDED_FALSE_HOMOLOG_FAMILY,Pfam_38.2_PF00367_seed,M1MVR3_9CLOT/11-44,b962a6bdfb86fdf4eed4871fe0afc4b694df378fb5c3b54b6e936ca1199bbc2d
NEG_PF00367_503ca42a482858cd48f5,EIIB_503ca42a482858cd,EIIB_503ca42a482858cd,FINAL_HOLDOUT,HARD_NEGATIVE,,LITERATURE_EXCLUDED_FALSE_HOMOLOG_FAMILY,Pfam_38.2_PF00367_seed,A0KNI8_AERHH/382-415,1df1d8a4b6cb2f95c427448a3b4cc4d59499ff1e9cf8ec4a51687af172c15f63
NEG_PF00367_50405954685f3b5deac5,EIIB_50405954685f3b5d,EIIB_50405954685f3b5d,CALIBRATION,HARD_NEGATIVE,,LITERATURE_EXCLUDED_FALSE_HOMOLOG_FAMILY,Pfam_38.2_PF00367_seed,Q18BK3_CLOD6/450-483,5813340ffa9e981ff268e00781bfde3d37973ac17a8543550f70d6493d14552d
NEG_PF00367_5213d6a83d9023bb1345,EIIB_5213d6a83d9023bb,EIIB_5213d6a83d9023bb,FINAL_HOLDOUT,HARD_NEGATIVE,,LITERATURE_EXCLUDED_FALSE_HOMOLOG_FAMILY,Pfam_38.2_PF00367_seed,Q2FXJ8_STAA8/416-449,e9295bc09aadea6259ee7f38324348a3b2ee72b11b36f994371b82933b4cf20f
NEG_PF00367_5269924006cc079d47f9,EIIB_5269924006cc079d,EIIB_5269924006cc079d,CALIBRATION,HARD_NEGATIVE,,LITERATURE_EXCLUDED_FALSE_HOMOLOG_FAMILY,Pfam_38.2_PF00367_seed,D1AP75_SEBTE/455-488,9aa87b9cba8cc108918270a7cf017f44560d42d4124336f1a4d9d48eb64fdd74
NEG_PF00367_528385721f91066e0bcd,EIIB_528385721f91066e,EIIB_528385721f91066e,FINAL_HOLDOUT,HARD_NEGATIVE,,LITERATURE_EXCLUDED_FALSE_HOMOLOG_FAMILY,Pfam_38.2_PF00367_seed,G8PBA0_PEDCP/178-210,4602bba04c344412110bce048819bd7e67ebe484e18730045ff6c961b062e6f0
NEG_PF00367_52dabb104d116d37baac,EIIB_52dabb104d116d37,EIIB_52dabb104d116d37,FINAL_HOLDOUT,HARD_NEGATIVE,,LITERATURE_EXCLUDED_FALSE_HOMOLOG_FAMILY,Pfam_38.2_PF00367_seed,Q6LKL0_PHOPR/385-418,b149d852a052a714cb00b2d3f78ec49c19cec3c9f0ac2f5b589565f42205a304
NEG_PF00367_532ed89ee69b28ed2c81,EIIB_532ed89ee69b28ed,EIIB_532ed89ee69b28ed,CALIBRATION,HARD_NEGATIVE,,LITERATURE_EXCLUDED_FALSE_HOMOLOG_FAMILY,Pfam_38.2_PF00367_seed,Q6F0T8_MESFL/15-48,eff88466526688a2a53a7c07818c93f43999d302265efa12fc6fdd72297994ce
NEG_PF00367_53707706cc714cc8a39a,EIIB_53707706cc714cc8,EIIB_53707706cc714cc8,CALIBRATION,HARD_NEGATIVE,,LITERATURE_EXCLUDED_FALSE_HOMOLOG_FAMILY,Pfam_38.2_PF00367_seed,D3VEB4_XENNA/11-43,f64bf3423e38316ef9e2635997227577973088029fb75104986ab060c54adc9e
NEG_PF00367_547764a6863425facbf8,EIIB_547764a6863425fa,EIIB_547764a6863425fa,FINAL_HOLDOUT,HARD_NEGATIVE,,LITERATURE_EXCLUDED_FALSE_HOMOLOG_FAMILY,Pfam_38.2_PF00367_seed,K8E7T5_CARML/9-42,9446fc650a7064de1d0590aabb740fc32adddee0307d2f882f92a3e385e0fea4
NEG_PF00367_5500e20a3c3d1c19b5d0,EIIB_5500e20a3c3d1c19,EIIB_5500e20a3c3d1c19,CALIBRATION,HARD_NEGATIVE,,LITERATURE_EXCLUDED_FALSE_HOMOLOG_FAMILY,Pfam_38.2_PF00367_seed,L0RUF7_MYCC1/489-522,9dd32e2cc6cbfc9a726eb7826f9ec0fe157b00102d6311ec5584682d4c509cb3
NEG_PF00367_551a618ebd79408f820a,EIIB_551a618ebd79408f,EIIB_551a618ebd79408f,FINAL_HOLDOUT,HARD_NEGATIVE,,LITERATURE_EXCLUDED_FALSE_HOMOLOG_FAMILY,Pfam_38.2_PF00367_seed,R7XU79_9ACTN/436-469,85f2a759755e5d8f4cf0eb874625a2a06c893e8ec3fcbf3e85145e7101b2395b
NEG_PF00367_5847d989147b413355b2,EIIB_5847d989147b4133,EIIB_5847d989147b4133,CALIBRATION,HARD_NEGATIVE,,LITERATURE_EXCLUDED_FALSE_HOMOLOG_FAMILY,Pfam_38.2_PF00367_seed,Q98QK0_MYCPU/485-519,177ea9030b0d3832950662624e364859b28a6e4f0e09b4fb262b57f183407420
NEG_PF00367_5911ede26fbb849f7852,EIIB_5911ede26fbb849f,EIIB_5911ede26fbb849f,CALIBRATION,HARD_NEGATIVE,,LITERATURE_EXCLUDED_FALSE_HOMOLOG_FAMILY,Pfam_38.2_PF00367_seed,Q8Y882_LISMO/8-39,eed2e86d85c93edcd5088977ece2f50b8dbe1ca1287135562bc00151a8bdb76b
NEG_PF00367_5933726cfcc613d60e99,EIIB_5933726cfcc613d6,EIIB_5933726cfcc613d6,FINAL_HOLDOUT,HARD_NEGATIVE,,LITERATURE_EXCLUDED_FALSE_HOMOLOG_FAMILY,Pfam_38.2_PF00367_seed,A0A0H3MW96_STRS4/8-40,277a92d71a767ab6020b84407456528f50df94567714e73ec457ce1e5955972d
NEG_PF00367_5951dfccf06c03f4eaaf,EIIB_5951dfccf06c03f4,EIIB_5951dfccf06c03f4,CALIBRATION,HARD_NEGATIVE,,LITERATURE_EXCLUDED_FALSE_HOMOLOG_FAMILY,Pfam_38.2_PF00367_seed,W6A7Z2_9MOLU/177-210,05f4636acab8eedf365b20c77f0e27192a61153f561a370f090531d96c4f9283
NEG_PF00367_59d7c6214eda932eed97,EIIB_59d7c6214eda932e,EIIB_59d7c6214eda932e,FINAL_HOLDOUT,HARD_NEGATIVE,,LITERATURE_EXCLUDED_FALSE_HOMOLOG_FAMILY,Pfam_38.2_PF00367_seed,Q8EUF9_MALP2/14-47,42c48f98bbb10d92d6840d7bbca697c36607d2b7b8ee94b95ec34c8b1670dd37
NEG_PF00367_5a39a45d46feced1d1a5,EIIB_5a39a45d46feced1,EIIB_5a39a45d46feced1,CALIBRATION,HARD_NEGATIVE,,LITERATURE_EXCLUDED_FALSE_HOMOLOG_FAMILY,Pfam_38.2_PF00367_seed,PTS3B_STRMU/8-40,4a107c6fcfb9a1ed5daeb8a4ad9a5f6e5b544ea91589ea6bec09bcb6ee25e90e
NEG_PF00367_5a3ec66f331d9390d1e1,EIIB_5a3ec66f331d9390,EIIB_5a3ec66f331d9390,FINAL_HOLDOUT,HARD_NEGATIVE,,LITERATURE_EXCLUDED_FALSE_HOMOLOG_FAMILY,Pfam_38.2_PF00367_seed,C3PKR6_CORA7/8-41,08cebdeb1a884374e1e6baf6573b6ece3e8aac78b4c82db0958a1ea0d69b6e22
NEG_PF00367_5b20904b812b349c9325,EIIB_5b20904b812b349c,EIIB_5b20904b812b349c,CALIBRATION,HARD_NEGATIVE,,LITERATURE_EXCLUDED_FALSE_HOMOLOG_FAMILY,Pfam_38.2_PF00367_seed,Q188R0_CLOD6/9-41,6e22a619e9b5d2c12c9df29eacb5f3cd2a3a6e4c3a44040de801aa866a56e78b
NEG_PF00367_5c1b7686307e8156f13e,EIIB_5c1b7686307e8156,EIIB_5c1b7686307e8156,CALIBRATION,HARD_NEGATIVE,,LITERATURE_EXCLUDED_FALSE_HOMOLOG_FAMILY,Pfam_38.2_PF00367_seed,C9A8W3_ENTCA/9-42,318fbc7777f09ff56b1475d98e9ac39036e23cf9b08de2482736750fc2471a17
NEG_PF00367_5c9fc3e25d72417001a1,EIIB_5c9fc3e25d724170,EIIB_5c9fc3e25d724170,CALIBRATION,HARD_NEGATIVE,,LITERATURE_EXCLUDED_FALSE_HOMOLOG_FAMILY,Pfam_38.2_PF00367_seed,Q6CYW7_PECAS/9-42,642330b4a8b1b1d28c4dcb01c53a4435bbd6d8a460d444a44df6679b3bae3286
NEG_PF00367_5cb30a814a5cfef65a79,EIIB_5cb30a814a5cfef6,EIIB_5cb30a814a5cfef6,CALIBRATION,HARD_NEGATIVE,,LITERATURE_EXCLUDED_FALSE_HOMOLOG_FAMILY,Pfam_38.2_PF00367_seed,C4L7F9_TOLAT/453-485,adaf185b8495b0acf86e1ac8a00c3f4388d27f52e85a3e2960d9d07920454ada
NEG_PF00367_5cf216b4e4fb5643107a,EIIB_5cf216b4e4fb5643,EIIB_5cf216b4e4fb5643,FINAL_HOLDOUT,HARD_NEGATIVE,,LITERATURE_EXCLUDED_FALSE_HOMOLOG_FAMILY,Pfam_38.2_PF00367_seed,C9A9T3_ENTCA/13-46,4f203a5dd504fc2b0d13e4d58a1a2d1a1b21ba2576aa3ad12076d05835d94578
NEG_PF00367_5d06b99c9ece9235b90f,EIIB_5d06b99c9ece9235,EIIB_5d06b99c9ece9235,CALIBRATION,HARD_NEGATIVE,,LITERATURE_EXCLUDED_FALSE_HOMOLOG_FAMILY,Pfam_38.2_PF00367_seed,D1ARK5_SEBTE/8-41,64206a52d9cfb6d80abab48c3eb4d4d70711a9ac21244ddd369f04b26b569d83
NEG_PF00367_5d6dec1cd5615be2c162,EIIB_5d6dec1cd5615be2,EIIB_5d6dec1cd5615be2,CALIBRATION,HARD_NEGATIVE,,LITERATURE_EXCLUDED_FALSE_HOMOLOG_FAMILY,Pfam_38.2_PF00367_seed,B9DVJ1_STRU0/8-41,940adbb4b0846eb8a722c81420512a07b727fdec75a3ac60abf735546abeadfb
NEG_PF00367_5d7f01b4db2152ffb761,EIIB_5d7f01b4db2152ff,EIIB_5d7f01b4db2152ff,FINAL_HOLDOUT,HARD_NEGATIVE,,LITERATURE_EXCLUDED_FALSE_HOMOLOG_FAMILY,Pfam_38.2_PF00367_seed,Q9AAQ8_CAUVC/512-545,8b7282098385abedfe2b3f8a1217ba62e0aca3471aff0773d538f94fdae769da
NEG_PF00367_5e09d3e6a7b916965fd1,EIIB_5e09d3e6a7b91696,EIIB_5e09d3e6a7b91696,FINAL_HOLDOUT,HARD_NEGATIVE,,LITERATURE_EXCLUDED_FALSE_HOMOLOG_FAMILY,Pfam_38.2_PF00367_seed,G1UB46_LACAC/8-40,6496b579dded6f1e4a06c808b673c7e714c8dd6300f85efb09205d290e979c63
NEG_PF00367_5e560ed621c6c97e2f80,EIIB_5e560ed621c6c97e,EIIB_5e560ed621c6c97e,FINAL_HOLDOUT,HARD_NEGATIVE,,LITERATURE_EXCLUDED_FALSE_HOMOLOG_FAMILY,Pfam_38.2_PF00367_seed,Q8E1S1_STRA5/10-43,c3ff6528d7b4a73c4ffc44a982d3c4bd9e65f7c2fe42cf365e95bb2d7dca89c7
NEG_PF00367_6097b30d5407c5130a52,EIIB_6097b30d5407c513,EIIB_6097b30d5407c513,CALIBRATION,HARD_NEGATIVE,,LITERATURE_EXCLUDED_FALSE_HOMOLOG_FAMILY,Pfam_38.2_PF00367_seed,PTGCB_BUCBP/405-436,549204ebabbb0956d077d79bcca2351bde82f06838a8a56754ad2366429cc26b
NEG_PF00367_640581a8a1394d86cc2f,EIIB_640581a8a1394d86,EIIB_640581a8a1394d86,CALIBRATION,HARD_NEGATIVE,,LITERATURE_EXCLUDED_FALSE_HOMOLOG_FAMILY,Pfam_38.2_PF00367_seed,K8EED8_CARML/11-44,da6dc184f0634c87647da2201215ab0a572f1642793c2d2c339e55ef7941f89a
NEG_PF00367_6415704eb80887d51296,EIIB_6415704eb80887d5,EIIB_6415704eb80887d5,CALIBRATION,HARD_NEGATIVE,,LITERATURE_EXCLUDED_FALSE_HOMOLOG_FAMILY,Pfam_38.2_PF00367_seed,D1ANW7_SEBTE/507-540,6f09530ec301825a6b06290e13831f32d9453e194180490c20bb6aff09bb43a7
NEG_PF00367_65cf4ab6fd338e3ffa3a,EIIB_65cf4ab6fd338e3f,EIIB_65cf4ab6fd338e3f,FINAL_HOLDOUT,HARD_NEGATIVE,,LITERATURE_EXCLUDED_FALSE_HOMOLOG_FAMILY,Pfam_38.2_PF00367_seed,S5MJY9_9MOLU/16-48,f8ee797f8709daf047042796a8ca723d1dda238c4be65eca06103286dfbbfe9b
NEG_PF00367_65d7d7220758162b2ff0,EIIB_65d7d7220758162b,EIIB_65d7d7220758162b,FINAL_HOLDOUT,HARD_NEGATIVE,,LITERATURE_EXCLUDED_FALSE_HOMOLOG_FAMILY,Pfam_38.2_PF00367_seed,U5L9Z4_9BACI/9-42,766b75dd163cf1379cff6211ca1fce84e9d202add870a20959839b3a80f9fb7b
NEG_PF00367_66c9d5d84f0d71d09ded,EIIB_66c9d5d84f0d71d0,EIIB_66c9d5d84f0d71d0,CALIBRATION,HARD_NEGATIVE,,LITERATURE_EXCLUDED_FALSE_HOMOLOG_FAMILY,Pfam_38.2_PF00367_seed,C8XAD6_NAKMY/12-45,c6b01c7e162e10fdc28b72cb31488a7cf3e7adcff2635b5470b08befc7f1378a
NEG_PF00367_6700b384153a31bf4701,EIIB_6700b384153a31bf,EIIB_6700b384153a31bf,CALIBRATION,HARD_NEGATIVE,,LITERATURE_EXCLUDED_FALSE_HOMOLOG_FAMILY,Pfam_38.2_PF00367_seed,S5MJV5_9MOLU/13-44,32cc441b5aa5be9b139f4fc655a74d10e01ebaa236b2223310ba0ccff6d3adbb
NEG_PF00367_672dbcce645533f13bdc,EIIB_672dbcce645533f1,EIIB_672dbcce645533f1,FINAL_HOLDOUT,HARD_NEGATIVE,,LITERATURE_EXCLUDED_FALSE_HOMOLOG_FAMILY,Pfam_38.2_PF00367_seed,D1AG40_SEBTE/8-41,6323f1d155c7cb9d684e06cb3c97ed480e55e893aa7b17b5321b6e1e53aeb6b8
NEG_PF00367_679af21615ba57856074,EIIB_679af21615ba5785,EIIB_679af21615ba5785,CALIBRATION,HARD_NEGATIVE,,LITERATURE_EXCLUDED_FALSE_HOMOLOG_FAMILY,Pfam_38.2_PF00367_seed,U3U5V7_9ENTR/14-45,cc28a25a49456a239e40ccc45edcc8d2ef57dc6df2d9d95eafba9de3ae484395
NEG_PF00367_67e92c29028a8e56e2e0,EIIB_67e92c29028a8e56,EIIB_67e92c29028a8e56,FINAL_HOLDOUT,HARD_NEGATIVE,,LITERATURE_EXCLUDED_FALSE_HOMOLOG_FAMILY,Pfam_38.2_PF00367_seed,Q6MUA7_MYCMS/483-513,93bdfe8f8a0ab5fb545ca84b2bf9cc6fd14847ee7aa727d21374694836483d26
NEG_PF00367_681bfb15746b9e124498,EIIB_681bfb15746b9e12,EIIB_681bfb15746b9e12,CALIBRATION,HARD_NEGATIVE,,LITERATURE_EXCLUDED_FALSE_HOMOLOG_FAMILY,Pfam_38.2_PF00367_seed,M9WGF9_9MOLU/496-528,8fc66076f0f2a3b705ec9a37c4ee8de17f15762035bdadee7cd47daaeba5bbbe
NEG_PF00367_6847f37e46f4338fde3e,EIIB_6847f37e46f4338f,EIIB_6847f37e46f4338f,FINAL_HOLDOUT,HARD_NEGATIVE,,LITERATURE_EXCLUDED_FALSE_HOMOLOG_FAMILY,Pfam_38.2_PF00367_seed,Q8Y904_LISMO/8-41,2a9f6783877f8ee6b23ef3cb2b00fff4ad2282012032a2f696a93aae6a1992eb
NEG_PF00367_686753812ec2af588a92,EIIB_686753812ec2af58,EIIB_686753812ec2af58,CALIBRATION,HARD_NEGATIVE,,LITERATURE_EXCLUDED_FALSE_HOMOLOG_FAMILY,Pfam_38.2_PF00367_seed,D3FRN3_ALKPO/9-42,735068bc153330cfc7eb7e026f75dbab6cea0129f9f668bfae35ea4ee19d6f51
NEG_PF00367_68f882a0ecb10edf8692,EIIB_68f882a0ecb10edf,EIIB_68f882a0ecb10edf,CALIBRATION,HARD_NEGATIVE,,LITERATURE_EXCLUDED_FALSE_HOMOLOG_FAMILY,Pfam_38.2_PF00367_seed,W6A7J5_9MOLU/182-215,866e19961e6b9bbbf8cfa89d62d47d8d0a7252183fdfc119bac1d7a6b6b8be0e
NEG_PF00367_69354b740fad1ff11d3a,EIIB_69354b740fad1ff1,EIIB_69354b740fad1ff1,FINAL_HOLDOUT,HARD_NEGATIVE,,LITERATURE_EXCLUDED_FALSE_HOMOLOG_FAMILY,Pfam_38.2_PF00367_seed,Q8DY04_STRA5/9-42,a7b8d5f23e36d7d7d087def113ad3161c571d91179bc9d39c552fe081981e261
NEG_PF00367_6991d60c0f7622963ac9,EIIB_6991d60c0f762296,EIIB_6991d60c0f762296,CALIBRATION,HARD_NEGATIVE,,LITERATURE_EXCLUDED_FALSE_HOMOLOG_FAMILY,Pfam_38.2_PF00367_seed,A5HYH0_CLOBH/452-483,cd5e6570905628aead5cabe3e0980f726f7ef9c3d47b32b0eba7098111eb7349
NEG_PF00367_69b56fd516f2770d1232,EIIB_69b56fd516f2770d,EIIB_69b56fd516f2770d,CALIBRATION,HARD_NEGATIVE,,LITERATURE_EXCLUDED_FALSE_HOMOLOG_FAMILY,Pfam_38.2_PF00367_seed,Q9KLT8_VIBCH/8-41,c71f9cb9c52f2ccb488acf4c2bb93c31f45369a80f2a61837347302b9b9c8164
NEG_PF00367_6b324760b887d8ff4bbe,EIIB_6b324760b887d8ff,EIIB_6b324760b887d8ff,CALIBRATION,HARD_NEGATIVE,,LITERATURE_EXCLUDED_FALSE_HOMOLOG_FAMILY,Pfam_38.2_PF00367_seed,V5RJV2_SPIAP/519-551,59d710cb85427cb1ec5df1ea67b480cc90acfb90a42c7b02a2d87f415efc5343
NEG_PF00367_6b8a367d8d952d40ceb3,EIIB_6b8a367d8d952d40,EIIB_6b8a367d8d952d40,CALIBRATION,HARD_NEGATIVE,,LITERATURE_EXCLUDED_FALSE_HOMOLOG_FAMILY,Pfam_38.2_PF00367_seed,PTXB_ECOLI/74-105,70fc84c3ad02e51749c89509c3bc0f0c7e26b418ebcaf0f0d61720cee8268d3b
NEG_PF00367_6b9a7b49f4c567321f87,EIIB_6b9a7b49f4c56732,EIIB_6b9a7b49f4c56732,CALIBRATION,HARD_NEGATIVE,,LITERATURE_EXCLUDED_FALSE_HOMOLOG_FAMILY,Pfam_38.2_PF00367_seed,O51143_BORBU/443-476,9d3adf076175582068cf981af9431fb5229e6764ba6e5ab563688e9924265201
NEG_PF00367_6ba873c16e988ca6c378,EIIB_6ba873c16e988ca6,EIIB_6ba873c16e988ca6,FINAL_HOLDOUT,HARD_NEGATIVE,,LITERATURE_EXCLUDED_FALSE_HOMOLOG_FAMILY,Pfam_38.2_PF00367_seed,D1AFQ5_SEBTE/420-453,be66f2335800da1efde6afb04109bf601567cd352db3b9b5f6e710b9a484385a
NEG_PF00367_6d7ab331060ea9af8c4c,EIIB_6d7ab331060ea9af,EIIB_6d7ab331060ea9af,CALIBRATION,HARD_NEGATIVE,,LITERATURE_EXCLUDED_FALSE_HOMOLOG_FAMILY,Pfam_38.2_PF00367_seed,D1ALC8_SEBTE/9-42,0cf5db69c04fc02b5c530be28a4b4c9c37071949b5c566cfd33da3d01f04f2b6
NEG_PF00367_6d86a469c3fb039c12a2,EIIB_6d86a469c3fb039c,EIIB_6d86a469c3fb039c,FINAL_HOLDOUT,HARD_NEGATIVE,,LITERATURE_EXCLUDED_FALSE_HOMOLOG_FAMILY,Pfam_38.2_PF00367_seed,E6U2K1_ETHHY/472-503,96a056a6f9d443e18b2b8cbf749fd1611e58f2a90de929ccd810fad5b89a24f9
NEG_PF00367_6de6efeea2c0a3963e13,EIIB_6de6efeea2c0a396,EIIB_6de6efeea2c0a396,FINAL_HOLDOUT,HARD_NEGATIVE,,LITERATURE_EXCLUDED_FALSE_HOMOLOG_FAMILY,Pfam_38.2_PF00367_seed,D1AMX5_SEBTE/8-41,79b88eed8498a91bc07a5f509c79dfa800d719cf19d5d2aa5acf11ab42ac804f
NEG_PF00367_6e193c08f3c64908bdf0,EIIB_6e193c08f3c64908,EIIB_6e193c08f3c64908,CALIBRATION,HARD_NEGATIVE,,LITERATURE_EXCLUDED_FALSE_HOMOLOG_FAMILY,Pfam_38.2_PF00367_seed,C9A501_ENTCA/465-496,d525c488711eddcc478bf21716b101a1191ceaf1d0dc0497c1b52631d8b38752
NEG_PF00367_6e3af8f142f87fae95c3,EIIB_6e3af8f142f87fae,EIIB_6e3af8f142f87fae,FINAL_HOLDOUT,HARD_NEGATIVE,,LITERATURE_EXCLUDED_FALSE_HOMOLOG_FAMILY,Pfam_38.2_PF00367_seed,PTIBC_ECOLI/10-43,c93b54af01fbfa8714d51e2cffad4235af7ccd3537836f39f670f8ac33c9a106
NEG_PF00367_6e60dcc87820fd575951,EIIB_6e60dcc87820fd57,EIIB_6e60dcc87820fd57,CALIBRATION,HARD_NEGATIVE,,LITERATURE_EXCLUDED_FALSE_HOMOLOG_FAMILY,Pfam_38.2_PF00367_seed,M1LPG6_9CLOT/9-42,67d09c9d1a28c6b3a0e4469804806f8eb84c1e522e3204788c4843f7d61f4969
NEG_PF00367_6f3214541cc7922e6a06,EIIB_6f3214541cc7922e,EIIB_6f3214541cc7922e,CALIBRATION,HARD_NEGATIVE,,LITERATURE_EXCLUDED_FALSE_HOMOLOG_FAMILY,Pfam_38.2_PF00367_seed,A0A0H3MUD1_STRS4/427-460,b39684f4d56c03ad777a8a824d15328bb851832d82d63a4a27df8cc2924d5d06
NEG_PF00367_6f594a5410892895c01f,EIIB_6f594a5410892895,EIIB_6f594a5410892895,FINAL_HOLDOUT,HARD_NEGATIVE,,LITERATURE_EXCLUDED_FALSE_HOMOLOG_FAMILY,Pfam_38.2_PF00367_seed,Q7N744_PHOLL/423-456,15f3ee4cc65fa42695c65d9cf7a200f1f85933ef379042808e088f85270213e6
NEG_PF00367_7048898e4093fa0cde4f,EIIB_7048898e4093fa0c,EIIB_7048898e4093fa0c,CALIBRATION,HARD_NEGATIVE,,LITERATURE_EXCLUDED_FALSE_HOMOLOG_FAMILY,Pfam_38.2_PF00367_seed,F6ABI0_PSEF1/35-68,230d8401bc5475788d1d240bfc40565473da96d04bb718bf772571033112cf8d
NEG_PF00367_706394c8993146971502,EIIB_706394c899314697,EIIB_706394c899314697,FINAL_HOLDOUT,HARD_NEGATIVE,,LITERATURE_EXCLUDED_FALSE_HOMOLOG_FAMILY,Pfam_38.2_PF00367_seed,E3HCX7_ILYPC/8-41,890aba3f39568c662dd9d00eaa36ce2b5f6de8124104dcf6308ced44b782eaab
NEG_PF00367_72dc7b83d8d490c7c6da,EIIB_72dc7b83d8d490c7,EIIB_72dc7b83d8d490c7,CALIBRATION,HARD_NEGATIVE,,LITERATURE_EXCLUDED_FALSE_HOMOLOG_FAMILY,Pfam_38.2_PF00367_seed,M1MR97_9CLOT/8-41,cee054392510fb6becf57234c8890194994f2e5a1bcab5c1584568e1ecc1ed3d
NEG_PF00367_731e0fd386680396b120,EIIB_731e0fd386680396,EIIB_731e0fd386680396,CALIBRATION,HARD_NEGATIVE,,LITERATURE_EXCLUDED_FALSE_HOMOLOG_FAMILY,Pfam_38.2_PF00367_seed,O51590_BORBU/441-473,bb680fdb22b92e68f98624c7508e9c28f38e4c08553d49951edde55ae6287566
NEG_PF00367_73dc3345903ae233d12a,EIIB_73dc3345903ae233,EIIB_73dc3345903ae233,FINAL_HOLDOUT,HARD_NEGATIVE,,LITERATURE_EXCLUDED_FALSE_HOMOLOG_FAMILY,Pfam_38.2_PF00367_seed,H2FX07_OCESG/420-453,5e6e3be2a5683d552f6dd697dd8a2232970109a4a2338a8ed8303b8e9e2f44c3
NEG_PF00367_749304197b3fbc45e970,EIIB_749304197b3fbc45,EIIB_749304197b3fbc45,FINAL_HOLDOUT,HARD_NEGATIVE,,LITERATURE_EXCLUDED_FALSE_HOMOLOG_FAMILY,Pfam_38.2_PF00367_seed,A0A0H3MXF5_STRS4/9-42,ee64f4c7db66e1f0d251c399fb034b5a5c55797d380359fdf8b59d71972b97f2
NEG_PF00367_755a2ac131931dbc9c9c,EIIB_755a2ac131931dbc,EIIB_755a2ac131931dbc,FINAL_HOLDOUT,HARD_NEGATIVE,,LITERATURE_EXCLUDED_FALSE_HOMOLOG_FAMILY,Pfam_38.2_PF00367_seed,Q1AV85_RUBXD/423-456,05879b3fd30f37245e0c22fe5107df6710dbbcee64e11845da7f99b1d5f157f4
NEG_PF00367_76493870aa01305c6ac1,EIIB_76493870aa01305c,EIIB_76493870aa01305c,CALIBRATION,HARD_NEGATIVE,,LITERATURE_EXCLUDED_FALSE_HOMOLOG_FAMILY,Pfam_38.2_PF00367_seed,S5M078_9MOLU/9-42,a9baff910dc49404187728fe5bac1eaf7ea27530f67db8ff063211652e0c8029
NEG_PF00367_766ee2de5e83744202dc,EIIB_766ee2de5e837442,EIIB_766ee2de5e837442,CALIBRATION,HARD_NEGATIVE,,LITERATURE_EXCLUDED_FALSE_HOMOLOG_FAMILY,Pfam_38.2_PF00367_seed,Q9KTJ2_VIBCH/14-47,e1b9f705858383d08ed6b60e6aa80113282bd39b68a83a0ce927e7a5b67b2d44
NEG_PF00367_77ec0066e50ee3133222,EIIB_77ec0066e50ee313,EIIB_77ec0066e50ee313,FINAL_HOLDOUT,HARD_NEGATIVE,,LITERATURE_EXCLUDED_FALSE_HOMOLOG_FAMILY,Pfam_38.2_PF00367_seed,Q6D640_PECAS/449-480,43285309b5d32fa850b8666bf5bf5ea74e9677d1e73f36d8aa97c6ebcd072d56
NEG_PF00367_7810be16130a9ed26f1a,EIIB_7810be16130a9ed2,EIIB_7810be16130a9ed2,FINAL_HOLDOUT,HARD_NEGATIVE,,LITERATURE_EXCLUDED_FALSE_HOMOLOG_FAMILY,Pfam_38.2_PF00367_seed,V5RI03_SPIAP/13-45,e55a51b3ce98d6a84c852a3ba8ffd896568e7378392ef23db17b07d70422ae10
NEG_PF00367_792e9b7f9a62e2a05681,EIIB_792e9b7f9a62e2a0,EIIB_792e9b7f9a62e2a0,FINAL_HOLDOUT,HARD_NEGATIVE,,LITERATURE_EXCLUDED_FALSE_HOMOLOG_FAMILY,Pfam_38.2_PF00367_seed,A0A380PKJ6_YERPE/29-62,86a98dbbe0588516647cbdba1282f73868305ac4d75c0d3475817c50c8b2a3ed
NEG_PF00367_795d1b99e3106683873f,EIIB_795d1b99e3106683,EIIB_795d1b99e3106683,CALIBRATION,HARD_NEGATIVE,,LITERATURE_EXCLUDED_FALSE_HOMOLOG_FAMILY,Pfam_38.2_PF00367_seed,Q184T4_CLOD6/9-42,8fb3a95637e6c4adfeaf80fedc99f186ed434a16d9ce3d5a6e7deb2b3f21026b
NEG_PF00367_79df111dc0dbc32e3724,EIIB_79df111dc0dbc32e,EIIB_79df111dc0dbc32e,FINAL_HOLDOUT,HARD_NEGATIVE,,LITERATURE_EXCLUDED_FALSE_HOMOLOG_FAMILY,Pfam_38.2_PF00367_seed,C4LBK8_TOLAT/8-41,32d62009422d7cd6ab5f835a11b57b1db0c99064f222b25905a17656461b24e8
NEG_PF00367_79e6cf0cab9b6b6c3ebf,EIIB_79e6cf0cab9b6b6c,EIIB_79e6cf0cab9b6b6c,FINAL_HOLDOUT,HARD_NEGATIVE,,LITERATURE_EXCLUDED_FALSE_HOMOLOG_FAMILY,Pfam_38.2_PF00367_seed,C9A6R9_ENTCA/8-39,1371dfeab7f53a136a12e584f794ff23d6f62f4f618b6b45f49810bf613cbed3
NEG_PF00367_79efc9b2e78fb042fd04,EIIB_79efc9b2e78fb042,EIIB_79efc9b2e78fb042,FINAL_HOLDOUT,HARD_NEGATIVE,,LITERATURE_EXCLUDED_FALSE_HOMOLOG_FAMILY,Pfam_38.2_PF00367_seed,Q5WCP0_SHOC1/412-445,d2bf79c21c6324520522c83f1470e57f58c000346e1a154c8c17f3b9dc8169a7
NEG_PF00367_7a39a32111d7c5dc9bd0,EIIB_7a39a32111d7c5dc,EIIB_7a39a32111d7c5dc,FINAL_HOLDOUT,HARD_NEGATIVE,,LITERATURE_EXCLUDED_FALSE_HOMOLOG_FAMILY,Pfam_38.2_PF00367_seed,A5IY33_MYCAP/19-52,b43aa81736464ac9926bea93cf434b38ce7c8c7154997f834ca451c24f685ce6
NEG_PF00367_7cbc7b9aa3b7a629b4a0,EIIB_7cbc7b9aa3b7a629,EIIB_7cbc7b9aa3b7a629,CALIBRATION,HARD_NEGATIVE,,LITERATURE_EXCLUDED_FALSE_HOMOLOG_FAMILY,Pfam_38.2_PF00367_seed,D5E577_MYCCM/492-525,0502625c95f97e00b0951278d012a337530dc0f7f1a77ae5977c7689e2166540
NEG_PF00367_7cffe3b5a3cd17625247,EIIB_7cffe3b5a3cd1762,EIIB_7cffe3b5a3cd1762,CALIBRATION,HARD_NEGATIVE,,LITERATURE_EXCLUDED_FALSE_HOMOLOG_FAMILY,Pfam_38.2_PF00367_seed,Q5HLS3_STAEQ/452-484,872e2463bbe523f9b635d2cb894201cc22f8ef049bf81349ea096a327543fcb9
NEG_PF00367_7df40eecd8f473d67f87,EIIB_7df40eecd8f473d6,EIIB_7df40eecd8f473d6,FINAL_HOLDOUT,HARD_NEGATIVE,,LITERATURE_EXCLUDED_FALSE_HOMOLOG_FAMILY,Pfam_38.2_PF00367_seed,F3YAM2_MELPT/417-450,faa8c3c1ce5a8555d82950c18252c456294da03dd1c5721b7b7d6279ae1aa7fa
NEG_PF00367_7df51858a7f1482fd00a,EIIB_7df51858a7f1482f,EIIB_7df51858a7f1482f,CALIBRATION,HARD_NEGATIVE,,LITERATURE_EXCLUDED_FALSE_HOMOLOG_FAMILY,Pfam_38.2_PF00367_seed,Q65MI3_BACLD/9-42,6d86d85adfcd52cf913d743fb5fb788104ef4edd2cd5eea50ea23783291745e8
NEG_PF00367_7f56aca1ea6f843d1f1b,EIIB_7f56aca1ea6f843d,EIIB_7f56aca1ea6f843d,FINAL_HOLDOUT,HARD_NEGATIVE,,LITERATURE_EXCLUDED_FALSE_HOMOLOG_FAMILY,Pfam_38.2_PF00367_seed,Q184S5_CLOD6/394-427,01469450d3402e5cb2a4db855d2c0875e9b3368e59c4e07381d172a3960cf2f2
NEG_PF00367_800ac8e6031557d60789,EIIB_800ac8e6031557d6,EIIB_800ac8e6031557d6,CALIBRATION,HARD_NEGATIVE,,LITERATURE_EXCLUDED_FALSE_HOMOLOG_FAMILY,Pfam_38.2_PF00367_seed,R4K0G1_CLOPA/8-41,43c257699935869bec597dbe91fefbdae7313cbf8108f5eeb726150cf504d28a
NEG_PF00367_800f7b70c7e9988335c4,EIIB_800f7b70c7e99883,EIIB_800f7b70c7e99883,FINAL_HOLDOUT,HARD_NEGATIVE,,LITERATURE_EXCLUDED_FALSE_HOMOLOG_FAMILY,Pfam_38.2_PF00367_seed,E0SEG7_DICD3/10-43,ebed4ab19bfc28c818d4396df9e09edd8bdac7112505266e8427069dac194b2c
NEG_PF00367_807d1afc0c2b95153869,EIIB_807d1afc0c2b9515,EIIB_807d1afc0c2b9515,CALIBRATION,HARD_NEGATIVE,,LITERATURE_EXCLUDED_FALSE_HOMOLOG_FAMILY,Pfam_38.2_PF00367_seed,F4LX73_TEPAE/386-419,da5eea7ea2020c2bacc74fb60f14eb57c1c67b58826764a9d6d0b7968a2ae82d
NEG_PF00367_810b5418a8b9135d2dbf,EIIB_810b5418a8b9135d,EIIB_810b5418a8b9135d,CALIBRATION,HARD_NEGATIVE,,LITERATURE_EXCLUDED_FALSE_HOMOLOG_FAMILY,Pfam_38.2_PF00367_seed,Q832L3_ENTFA/9-42,bdec6f86e45924349a2df9b58a59972371a713fd207ef0c67d985894a6b0f866
NEG_PF00367_819fec81415e4645107c,EIIB_819fec81415e4645,EIIB_819fec81415e4645,CALIBRATION,HARD_NEGATIVE,,LITERATURE_EXCLUDED_FALSE_HOMOLOG_FAMILY,Pfam_38.2_PF00367_seed,Q184L8_CLOD6/444-477,644003794c7fd4b0e4f9d07f5f07725b625aa727ecad0b9f2c82ab9fcdbf86b7
NEG_PF00367_824816d7538719879ae4,EIIB_824816d753871987,EIIB_824816d753871987,CALIBRATION,HARD_NEGATIVE,,LITERATURE_EXCLUDED_FALSE_HOMOLOG_FAMILY,Pfam_38.2_PF00367_seed,E0SGT1_DICD3/8-41,89895383b5095a07792ed2000d69a1e6710c72c80af463663ef45318158a6066
NEG_PF00367_82a5efa5ec38cb428f25,EIIB_82a5efa5ec38cb42,EIIB_82a5efa5ec38cb42,CALIBRATION,HARD_NEGATIVE,,LITERATURE_EXCLUDED_FALSE_HOMOLOG_FAMILY,Pfam_38.2_PF00367_seed,F6FQH0_ISOV2/5-38,195b368c33cb1731647171ee6a19d68a0459fe7746e803b2f172fcdea90b2eff
NEG_PF00367_82c25a491ac744b91b1b,EIIB_82c25a491ac744b9,EIIB_82c25a491ac744b9,CALIBRATION,HARD_NEGATIVE,,LITERATURE_EXCLUDED_FALSE_HOMOLOG_FAMILY,Pfam_38.2_PF00367_seed,Q97JD3_CLOAB/414-447,f8d9b651035be0ce7f6b514c711c063638ecfd123d89de4739d421087ec16f40
NEG_PF00367_82d8527460d0aa21d124,EIIB_82d8527460d0aa21,EIIB_82d8527460d0aa21,FINAL_HOLDOUT,HARD_NEGATIVE,,LITERATURE_EXCLUDED_FALSE_HOMOLOG_FAMILY,Pfam_38.2_PF00367_seed,Q81HH0_BACCR/3-36,42def1699b3b541f5734805682cdd215351f9bf84458c4b74da2d7b397108c5b
NEG_PF00367_82fe9188e9583630c3c3,EIIB_82fe9188e9583630,EIIB_82fe9188e9583630,FINAL_HOLDOUT,HARD_NEGATIVE,,LITERATURE_EXCLUDED_FALSE_HOMOLOG_FAMILY,Pfam_38.2_PF00367_seed,Q6D2T2_PECAS/13-44,bf1d1938e909e83fd1acba31f7574e1117ed7223a0154a29cc7213323478923b
NEG_PF00367_8311298dd211e8f33371,EIIB_8311298dd211e8f3,EIIB_8311298dd211e8f3,CALIBRATION,HARD_NEGATIVE,,LITERATURE_EXCLUDED_FALSE_HOMOLOG_FAMILY,Pfam_38.2_PF00367_seed,S5LWU2_9MOLU/185-218,465f328701237ba14645f913b052c3c9deef9ffbc691896cd2eab8b7a92976ad
NEG_PF00367_834b3effe259fd883068,EIIB_834b3effe259fd88,EIIB_834b3effe259fd88,FINAL_HOLDOUT,HARD_NEGATIVE,,LITERATURE_EXCLUDED_FALSE_HOMOLOG_FAMILY,Pfam_38.2_PF00367_seed,L0K6D6_HALHC/8-41,d581ca821366d2c4f2e7ab114865b65ffae86d845ae0740f1579fb440f5d9f05
NEG_PF00367_839b117fd02df63f34d0,EIIB_839b117fd02df63f,EIIB_839b117fd02df63f,CALIBRATION,HARD_NEGATIVE,,LITERATURE_EXCLUDED_FALSE_HOMOLOG_FAMILY,Pfam_38.2_PF00367_seed,K8ECZ5_CARML/8-41,0a785afba9cc940a10e983c4d966876d3b9739105bd7d9393bcd446c0b90c912
NEG_PF00367_84ead1f754396767f744,EIIB_84ead1f754396767,EIIB_84ead1f754396767,FINAL_HOLDOUT,HARD_NEGATIVE,,LITERATURE_EXCLUDED_FALSE_HOMOLOG_FAMILY,Pfam_38.2_PF00367_seed,C9A768_ENTCA/8-41,c27bc055bdea32cb9f1bd2455e2d312edfa508026e4e666da58244d6294cbe89
NEG_PF00367_853cd5758b3ab4eb2531,EIIB_853cd5758b3ab4eb,EIIB_853cd5758b3ab4eb,FINAL_HOLDOUT,HARD_NEGATIVE,,LITERATURE_EXCLUDED_FALSE_HOMOLOG_FAMILY,Pfam_38.2_PF00367_seed,F9UTC3_LACPL/10-42,17604125f72d269e4cd27c1bd7f8ac8b03497fc847a9c598c6e3ff3b310f98a4
NEG_PF00367_8591f402bc97ca2c2d59,EIIB_8591f402bc97ca2c,EIIB_8591f402bc97ca2c,FINAL_HOLDOUT,HARD_NEGATIVE,,LITERATURE_EXCLUDED_FALSE_HOMOLOG_FAMILY,Pfam_38.2_PF00367_seed,Q085E8_SHEFN/418-450,1ae96cf0c25efe8bc5f384df2889eaf5cc43c41b58f77fcd8d635a5c39f88e93
NEG_PF00367_85c4216cb31b7f63daa7,EIIB_85c4216cb31b7f63,EIIB_85c4216cb31b7f63,FINAL_HOLDOUT,HARD_NEGATIVE,,LITERATURE_EXCLUDED_FALSE_HOMOLOG_FAMILY,Pfam_38.2_PF00367_seed,S5MEM6_9MOLU/11-44,1840feaf759a5e77daff0c38ac6055e17bfcc45b2432ee2ef3a6789e8869bba1
NEG_PF00367_86b0fa7b84685580246d,EIIB_86b0fa7b84685580,EIIB_86b0fa7b84685580,FINAL_HOLDOUT,HARD_NEGATIVE,,LITERATURE_EXCLUDED_FALSE_HOMOLOG_FAMILY,Pfam_38.2_PF00367_seed,D0LVP8_HALO1/527-560,8bb17f471bf3146537d434e2e11c48448235a96ef1faa45610ee7f9ba3947195
NEG_PF00367_872d4034a0a6f17ffb3c,EIIB_872d4034a0a6f17f,EIIB_872d4034a0a6f17f,CALIBRATION,HARD_NEGATIVE,,LITERATURE_EXCLUDED_FALSE_HOMOLOG_FAMILY,Pfam_38.2_PF00367_seed,U5L6I0_9BACI/414-447,daed556244722a82e15287d3e1a5b60e661f2c0621e273e4ebf9283a38d3e7f2
NEG_PF00367_879b39a64f663df659f7,EIIB_879b39a64f663df6,EIIB_879b39a64f663df6,FINAL_HOLDOUT,HARD_NEGATIVE,,LITERATURE_EXCLUDED_FALSE_HOMOLOG_FAMILY,Pfam_38.2_PF00367_seed,C4LBY7_TOLAT/406-439,33482d9504a08304df698c28e0e6d55f437b770d372da82b443b1577e9af5440
NEG_PF00367_87ddddcaf1c02945169d,EIIB_87ddddcaf1c02945,EIIB_87ddddcaf1c02945,CALIBRATION,HARD_NEGATIVE,,LITERATURE_EXCLUDED_FALSE_HOMOLOG_FAMILY,Pfam_38.2_PF00367_seed,E7FVG3_ERYRH/405-438,12b2cf1247d475ea88099e72ea37d54f39be9383fe696c5e12cc6d5e9b48082e
NEG_PF00367_87f4586dbae8181aaa04,EIIB_87f4586dbae8181a,EIIB_87f4586dbae8181a,FINAL_HOLDOUT,HARD_NEGATIVE,,LITERATURE_EXCLUDED_FALSE_HOMOLOG_FAMILY,Pfam_38.2_PF00367_seed,K0J0E1_AMPXN/9-42,c04122f727132f6c6d67a2c03b0c8f99044cce3dd86799011306c916fa37a602
NEG_PF00367_880b905d2fb5832bd61c,EIIB_880b905d2fb5832b,EIIB_880b905d2fb5832b,FINAL_HOLDOUT,HARD_NEGATIVE,,LITERATURE_EXCLUDED_FALSE_HOMOLOG_FAMILY,Pfam_38.2_PF00367_seed,PTXBC_STAA8/9-42,4dff30957ac77375550f59636d23f0b6603287ef987a37f74e345f450e1edc0b
NEG_PF00367_881dbbf0146743142c39,EIIB_881dbbf014674314,EIIB_881dbbf014674314,FINAL_HOLDOUT,HARD_NEGATIVE,,LITERATURE_EXCLUDED_FALSE_HOMOLOG_FAMILY,Pfam_38.2_PF00367_seed,A4J1C7_DESRM/383-415,50579f94e83121b0a1ca1aa6bfe8f42ac168ad6e80c564b33458d3b86c2f9b9d
NEG_PF00367_89575a060e1e633079fe,EIIB_89575a060e1e6330,EIIB_89575a060e1e6330,CALIBRATION,HARD_NEGATIVE,,LITERATURE_EXCLUDED_FALSE_HOMOLOG_FAMILY,Pfam_38.2_PF00367_seed,D4GN13_PANAM/425-458,6226269096ba990ff6ec52b5d6d6027c4120360a4a510c6961b9aae7580a0c92
NEG_PF00367_89808c8c63fbc76c47ea,EIIB_89808c8c63fbc76c,EIIB_89808c8c63fbc76c,CALIBRATION,HARD_NEGATIVE,,LITERATURE_EXCLUDED_FALSE_HOMOLOG_FAMILY,Pfam_38.2_PF00367_seed,V5RIZ4_SPIAP/450-482,2d989ada1e109fd563fdb616ce9d37d88da4cda654d40d0fd56bb07acc792b6a
NEG_PF00367_8980eebbe123495c0cd2,EIIB_8980eebbe123495c,EIIB_8980eebbe123495c,CALIBRATION,HARD_NEGATIVE,,LITERATURE_EXCLUDED_FALSE_HOMOLOG_FAMILY,Pfam_38.2_PF00367_seed,F5YNM8_TREPZ/10-41,83ea4995461fc647ef5e36a6a11e90d7cf8beac7aa8b03ed87ae1bdc291f8e8f
NEG_PF00367_8a06a30d6af28c522b4c,EIIB_8a06a30d6af28c52,EIIB_8a06a30d6af28c52,FINAL_HOLDOUT,HARD_NEGATIVE,,LITERATURE_EXCLUDED_FALSE_HOMOLOG_FAMILY,Pfam_38.2_PF00367_seed,K0K9V9_SACES/7-40,e37028e05cf9046a0321479edfdaeb5d0b7a9fe1323498748bb760570d190532
NEG_PF00367_8a727b4b6144ee03ecb3,EIIB_8a727b4b6144ee03,EIIB_8a727b4b6144ee03,FINAL_HOLDOUT,HARD_NEGATIVE,,LITERATURE_EXCLUDED_FALSE_HOMOLOG_FAMILY,Pfam_38.2_PF00367_seed,A6VMZ6_ACTSZ/10-43,5f98982b1026bdcba0ba2021248334ee2a30a0bafc22555bb091e6e6eb17cea6
NEG_PF00367_8a92975923a4fffcb870,EIIB_8a92975923a4fffc,EIIB_8a92975923a4fffc,FINAL_HOLDOUT,HARD_NEGATIVE,,LITERATURE_EXCLUDED_FALSE_HOMOLOG_FAMILY,Pfam_38.2_PF00367_seed,C8XAD3_NAKMY/5-38,0eeaba95acdaa7a3f39151daa009d5353298a484df6ae5d73fd6c5a924f822df
NEG_PF00367_8b564ac0faf085df9425,EIIB_8b564ac0faf085df,EIIB_8b564ac0faf085df,CALIBRATION,HARD_NEGATIVE,,LITERATURE_EXCLUDED_FALSE_HOMOLOG_FAMILY,Pfam_38.2_PF00367_seed,W5Y570_9CORY/12-45,f807120f44e0bfcccd482cb346d35a3101e51414ae337d1cc77cb7d376ceda1e
NEG_PF00367_8bdc3ee00c5cc42edcc8,EIIB_8bdc3ee00c5cc42e,EIIB_8bdc3ee00c5cc42e,CALIBRATION,HARD_NEGATIVE,,LITERATURE_EXCLUDED_FALSE_HOMOLOG_FAMILY,Pfam_38.2_PF00367_seed,M1MLM4_9CLOT/457-489,252d911a2ed241891052d70959669281a8c2c2cb5a17b075f9e871f1bfc9baa2
NEG_PF00367_8c3058efa5153c3378d5,EIIB_8c3058efa5153c33,EIIB_8c3058efa5153c33,CALIBRATION,HARD_NEGATIVE,,LITERATURE_EXCLUDED_FALSE_HOMOLOG_FAMILY,Pfam_38.2_PF00367_seed,Q6D9F5_PECAS/8-41,ca451b4a70ba7f6321c8a55781931e0bd296b5cfbee65461140162b8b09c9873
NEG_PF00367_8c77bd7f3ac8f1dee605,EIIB_8c77bd7f3ac8f1de,EIIB_8c77bd7f3ac8f1de,FINAL_HOLDOUT,HARD_NEGATIVE,,LITERATURE_EXCLUDED_FALSE_HOMOLOG_FAMILY,Pfam_38.2_PF00367_seed,X5DPH9_9CORY/197-229,512f97cbe31e672c49b6378fc4c3be279cb02ef0fd94cd4bcf97ea77b9b7b989
NEG_PF00367_8cd07851e390c25f9add,EIIB_8cd07851e390c25f,EIIB_8cd07851e390c25f,FINAL_HOLDOUT,HARD_NEGATIVE,,LITERATURE_EXCLUDED_FALSE_HOMOLOG_FAMILY,Pfam_38.2_PF00367_seed,A1A0B4_BIFAA/7-40,c63a339276bec1165319bd51e397238a9a0ac325fa1dc3afdf3f153855b10859
NEG_PF00367_8db26373a66fd1b4904f,EIIB_8db26373a66fd1b4,EIIB_8db26373a66fd1b4,FINAL_HOLDOUT,HARD_NEGATIVE,,LITERATURE_EXCLUDED_FALSE_HOMOLOG_FAMILY,Pfam_38.2_PF00367_seed,D1AGF4_SEBTE/8-40,f80225d6175ca78d41786cea9cfd307f24ea088a844d1080d5c0bad12357e1c9
NEG_PF00367_8dc6ce9a873863d15255,EIIB_8dc6ce9a873863d1,EIIB_8dc6ce9a873863d1,FINAL_HOLDOUT,HARD_NEGATIVE,,LITERATURE_EXCLUDED_FALSE_HOMOLOG_FAMILY,Pfam_38.2_PF00367_seed,F9VCN1_LACGL/611-643,50840ed3ca8fd43c26f3ffb8492a545f0e8b56ac35b1a9c66ccaab5efc0f91e0
NEG_PF00367_8dd5cabfd7a577ae0d20,EIIB_8dd5cabfd7a577ae,EIIB_8dd5cabfd7a577ae,CALIBRATION,HARD_NEGATIVE,,LITERATURE_EXCLUDED_FALSE_HOMOLOG_FAMILY,Pfam_38.2_PF00367_seed,H6NBH4_9BACL/424-457,dcc3d0f045da13b007a527c7360db9bf1acdbda20b924222ba60442eb2f7b311
NEG_PF00367_8e0a3224fa9f19bdd6aa,EIIB_8e0a3224fa9f19bd,EIIB_8e0a3224fa9f19bd,CALIBRATION,HARD_NEGATIVE,,LITERATURE_EXCLUDED_FALSE_HOMOLOG_FAMILY,Pfam_38.2_PF00367_seed,F9VEA3_LACGL/9-42,e8a21a469015e46498897e9676a9bae98b409abac9828ea87289b2cde4efa5a4
NEG_PF00367_8e3b6bb0d748061ef6b0,EIIB_8e3b6bb0d748061e,EIIB_8e3b6bb0d748061e,CALIBRATION,HARD_NEGATIVE,,LITERATURE_EXCLUDED_FALSE_HOMOLOG_FAMILY,Pfam_38.2_PF00367_seed,W6RT00_9CLOT/473-505,dd5eea9c6fb8088e6c4cfd586929a031e0536b89a91e7410020eedd5b843cff0
NEG_PF00367_8ee8950cb49e3b730841,EIIB_8ee8950cb49e3b73,EIIB_8ee8950cb49e3b73,CALIBRATION,HARD_NEGATIVE,,LITERATURE_EXCLUDED_FALSE_HOMOLOG_FAMILY,Pfam_38.2_PF00367_seed,Q8EWR8_MALP2/614-646,67ac84f88de75ffa0dd580b43b9e78bbb5fd98b27db2244fd72efa825c1f1300
NEG_PF00367_8ef9fc591bb7e4c25aab,EIIB_8ef9fc591bb7e4c2,EIIB_8ef9fc591bb7e4c2,CALIBRATION,HARD_NEGATIVE,,LITERATURE_EXCLUDED_FALSE_HOMOLOG_FAMILY,Pfam_38.2_PF00367_seed,R4UDY8_9MOLU/557-589,6a6d9daab127228ec0f7450213b59b2f2264cfca894d0c0cbd5d66263a0f5eaf
NEG_PF00367_8f0b2f54e816804960f3,EIIB_8f0b2f54e8168049,EIIB_8f0b2f54e8168049,CALIBRATION,HARD_NEGATIVE,,LITERATURE_EXCLUDED_FALSE_HOMOLOG_FAMILY,Pfam_38.2_PF00367_seed,M1MKZ4_9CLOT/8-39,dabcee006c671576cd6aea9f6774fab7e55348d7c8b483d13123f682a23d583e
NEG_PF00367_8f0f9f14023b2a26cd2d,EIIB_8f0f9f14023b2a26,EIIB_8f0f9f14023b2a26,CALIBRATION,HARD_NEGATIVE,,LITERATURE_EXCLUDED_FALSE_HOMOLOG_FAMILY,Pfam_38.2_PF00367_seed,F0RQ22_DEIPM/450-482,a23ee8a36870a99cc0513a7f145d4385a54c9d40f26b73de5df9ea1939f19651
NEG_PF00367_8f6da73619da9d067ddc,EIIB_8f6da73619da9d06,EIIB_8f6da73619da9d06,CALIBRATION,HARD_NEGATIVE,,LITERATURE_EXCLUDED_FALSE_HOMOLOG_FAMILY,Pfam_38.2_PF00367_seed,Q6KHI0_MYCM1/11-44,9f45a40687ec82030258917f5143338df1765fb7f18eae27c8715d204f4e6204
NEG_PF00367_90bc3731cda5f83b2a2f,EIIB_90bc3731cda5f83b,EIIB_90bc3731cda5f83b,CALIBRATION,HARD_NEGATIVE,,LITERATURE_EXCLUDED_FALSE_HOMOLOG_FAMILY,Pfam_38.2_PF00367_seed,Q6NHI6_CORDI/11-44,24d24e21a129cd28fde549f747744c4e540b6b48515fb7bd7afb4b55024057c9
NEG_PF00367_913ba82f6aa0b9bb3d52,EIIB_913ba82f6aa0b9bb,EIIB_913ba82f6aa0b9bb,FINAL_HOLDOUT,HARD_NEGATIVE,,LITERATURE_EXCLUDED_FALSE_HOMOLOG_FAMILY,Pfam_38.2_PF00367_seed,W0HVD0_9GAMM/424-457,1fa923e4b07dd23d2ec4fe02230e53b3921e045637af24327da695e49d17758c
NEG_PF00367_92a2d4df970ecbf14063,EIIB_92a2d4df970ecbf1,EIIB_92a2d4df970ecbf1,CALIBRATION,HARD_NEGATIVE,,LITERATURE_EXCLUDED_FALSE_HOMOLOG_FAMILY,Pfam_38.2_PF00367_seed,F2JJL6_CELLD/479-512,edae2953c5bafd1ca01623d6c9eb96390bbe8efd838fac5900f7294da84e10bd
NEG_PF00367_92a88ee2d2bd433e910a,EIIB_92a88ee2d2bd433e,EIIB_92a88ee2d2bd433e,FINAL_HOLDOUT,HARD_NEGATIVE,,LITERATURE_EXCLUDED_FALSE_HOMOLOG_FAMILY,Pfam_38.2_PF00367_seed,Q65D36_BACLD/8-41,9af651f594bbc004f7b3b464740450d96a651388a4422c915c506ff2d6d6d5d9
NEG_PF00367_938a429a304929787927,EIIB_938a429a30492978,EIIB_938a429a30492978,CALIBRATION,HARD_NEGATIVE,,LITERATURE_EXCLUDED_FALSE_HOMOLOG_FAMILY,Pfam_38.2_PF00367_seed,L0RV29_MYCC1/586-619,52d1f00f558cc3a88865d654d94619aad7cef1924dc40702f1d252bb022d9239
NEG_PF00367_93a08d372a14e55605e7,EIIB_93a08d372a14e556,EIIB_93a08d372a14e556,FINAL_HOLDOUT,HARD_NEGATIVE,,LITERATURE_EXCLUDED_FALSE_HOMOLOG_FAMILY,Pfam_38.2_PF00367_seed,E0SI72_DICD3/8-41,453da65142ccc4a09a85d6cface4c635393e4a49842d49c6bf632e1aade34127
NEG_PF00367_93ee61dabadc78e94f72,EIIB_93ee61dabadc78e9,EIIB_93ee61dabadc78e9,FINAL_HOLDOUT,HARD_NEGATIVE,,LITERATURE_EXCLUDED_FALSE_HOMOLOG_FAMILY,Pfam_38.2_PF00367_seed,Q834P2_ENTFA/10-42,e62d59a690ae0d78f00b5d1779adc1c63abb5bf607570c69b4936f61f49e2c45
NEG_PF00367_940c4d9daa00b99a6e5f,EIIB_940c4d9daa00b99a,EIIB_940c4d9daa00b99a,CALIBRATION,HARD_NEGATIVE,,LITERATURE_EXCLUDED_FALSE_HOMOLOG_FAMILY,Pfam_38.2_PF00367_seed,C9AA88_ENTCA/409-442,2ab45ff9eaec9d000b61205fb2fec95398ef1bf02e569a3ec24fb1cda45163ad
NEG_PF00367_9425b691663ddbcc1b5d,EIIB_9425b691663ddbcc,EIIB_9425b691663ddbcc,CALIBRATION,HARD_NEGATIVE,,LITERATURE_EXCLUDED_FALSE_HOMOLOG_FAMILY,Pfam_38.2_PF00367_seed,K0IWT1_AMPXN/428-460,1ef466111686f305f9178735787c45fac5f8336eca57fe3896fd8a626c098abc
NEG_PF00367_943f68902992f0dc84cf,EIIB_943f68902992f0dc,EIIB_943f68902992f0dc,CALIBRATION,HARD_NEGATIVE,,LITERATURE_EXCLUDED_FALSE_HOMOLOG_FAMILY,Pfam_38.2_PF00367_seed,W6A7A1_9MOLU/564-594,4ec1acb1b1053fb91f9ea7d9eeafac5170764097010874b9fa77ea5cdeb507c7
NEG_PF00367_94ebc45e2c3df734c540,EIIB_94ebc45e2c3df734,EIIB_94ebc45e2c3df734,FINAL_HOLDOUT,HARD_NEGATIVE,,LITERATURE_EXCLUDED_FALSE_HOMOLOG_FAMILY,Pfam_38.2_PF00367_seed,Q6F1F4_MESFL/184-217,6d98d708c746805cdf7d1ba94d2988140e971835fc8de478463e281213bdbbfa
NEG_PF00367_9502ab143e26f0e9b7ed,EIIB_9502ab143e26f0e9,EIIB_9502ab143e26f0e9,FINAL_HOLDOUT,HARD_NEGATIVE,,LITERATURE_EXCLUDED_FALSE_HOMOLOG_FAMILY,Pfam_38.2_PF00367_seed,C5BXJ7_BEUC1/5-38,8c7f35bf7501be7ea8794c0510d2ba178be8dd802fb054d4a1570a1f37ca084a
NEG_PF00367_95289fa7c49d424e1a31,EIIB_95289fa7c49d424e,EIIB_95289fa7c49d424e,FINAL_HOLDOUT,HARD_NEGATIVE,,LITERATURE_EXCLUDED_FALSE_HOMOLOG_FAMILY,Pfam_38.2_PF00367_seed,J7U0K9_MORMO/11-43,537771e25bced2675327b8a5a8d31741234ca90fd6dfff9ff7837389961cf2c1
NEG_PF00367_9562f8d830e8501dd044,EIIB_9562f8d830e8501d,EIIB_9562f8d830e8501d,CALIBRATION,HARD_NEGATIVE,,LITERATURE_EXCLUDED_FALSE_HOMOLOG_FAMILY,Pfam_38.2_PF00367_seed,A5I1H9_CLOBH/9-39,c1ae02c5a31213eceb062a02671250e3540a5ddbab24825cc4bf94e51d77dd0b
NEG_PF00367_9590065c6247c5629758,EIIB_9590065c6247c562,EIIB_9590065c6247c562,FINAL_HOLDOUT,HARD_NEGATIVE,,LITERATURE_EXCLUDED_FALSE_HOMOLOG_FAMILY,Pfam_38.2_PF00367_seed,A0A174PGZ5_9FIRM/483-514,a8854820b2ca0a3229b014fa528f2da206006d87dc405870e28d97f5d00626ea
NEG_PF00367_95c39490f21f3952cf17,EIIB_95c39490f21f3952,EIIB_95c39490f21f3952,FINAL_HOLDOUT,HARD_NEGATIVE,,LITERATURE_EXCLUDED_FALSE_HOMOLOG_FAMILY,Pfam_38.2_PF00367_seed,Q6MSX1_MYCMS/13-44,3640e6b7924d45b1803cdc5e293d8a9e6726ebcbdec03e267569702e70366df2
NEG_PF00367_95f9b4fb8c83604302a1,EIIB_95f9b4fb8c836043,EIIB_95f9b4fb8c836043,CALIBRATION,HARD_NEGATIVE,,LITERATURE_EXCLUDED_FALSE_HOMOLOG_FAMILY,Pfam_38.2_PF00367_seed,C9A724_ENTCA/9-42,be1afc36aa8fe786c13bdcfc08e720c429d9fd219d8765adeb0a0b5bf0ee73da
NEG_PF00367_970c04e3ae790670ddf0,EIIB_970c04e3ae790670,EIIB_970c04e3ae790670,FINAL_HOLDOUT,HARD_NEGATIVE,,LITERATURE_EXCLUDED_FALSE_HOMOLOG_FAMILY,Pfam_38.2_PF00367_seed,K8EPU8_CARML/414-447,34c658fc21bc96f7d59a799bcce23b80437194757a2aa55bd4eefbb6c058e2e5
NEG_PF00367_97556333046d9c1b9b47,EIIB_97556333046d9c1b,EIIB_97556333046d9c1b,FINAL_HOLDOUT,HARD_NEGATIVE,,LITERATURE_EXCLUDED_FALSE_HOMOLOG_FAMILY,Pfam_38.2_PF00367_seed,Q5DZE0_ALIF1/463-494,8b2bfa5015e85167cfa4c498d1c38054ced1838e44ed3d5b335f7d3db4d8580f
NEG_PF00367_9867dabcc29ed70c9d94,EIIB_9867dabcc29ed70c,EIIB_9867dabcc29ed70c,CALIBRATION,HARD_NEGATIVE,,LITERATURE_EXCLUDED_FALSE_HOMOLOG_FAMILY,Pfam_38.2_PF00367_seed,Q7NZE3_CHRVO/409-442,d8ed8aa2fedc0032aa1c3fdae628e6ea61cb082b6c360419e96846173b2e3589
NEG_PF00367_98a705aba05b3f92b83e,EIIB_98a705aba05b3f92,EIIB_98a705aba05b3f92,CALIBRATION,HARD_NEGATIVE,,LITERATURE_EXCLUDED_FALSE_HOMOLOG_FAMILY,Pfam_38.2_PF00367_seed,Q7NSW9_CHRVO/10-43,d063861839ab6da00038439d77ab217528cf15382e908ab5ec93382439bd4743
NEG_PF00367_98ccf668e425cca1c2ce,EIIB_98ccf668e425cca1,EIIB_98ccf668e425cca1,FINAL_HOLDOUT,HARD_NEGATIVE,,LITERATURE_EXCLUDED_FALSE_HOMOLOG_FAMILY,Pfam_38.2_PF00367_seed,V5RII5_SPIAP/521-554,9dd571e02797af22f8e339e84eae7e2fc1a73cfe3c37ff3a04b993c9acd135b1
NEG_PF00367_9a1352b0fba33eb96ffa,EIIB_9a1352b0fba33eb9,EIIB_9a1352b0fba33eb9,CALIBRATION,HARD_NEGATIVE,,LITERATURE_EXCLUDED_FALSE_HOMOLOG_FAMILY,Pfam_38.2_PF00367_seed,Q5E0D8_ALIF1/410-443,80b0bd5bb546630a0d700cb6f005623acb8cffc106ac2413a8ae691de3cb5e56
NEG_PF00367_9b157705f089e5ca1109,EIIB_9b157705f089e5ca,EIIB_9b157705f089e5ca,CALIBRATION,HARD_NEGATIVE,,LITERATURE_EXCLUDED_FALSE_HOMOLOG_FAMILY,Pfam_38.2_PF00367_seed,W0HU24_9GAMM/445-478,d5ea88e4106bede4b69ef0da0afa3386291b2abd277b84d12a1c25e75ff12e11
NEG_PF00367_9bc6137484fb7e2b4432,EIIB_9bc6137484fb7e2b,EIIB_9bc6137484fb7e2b,FINAL_HOLDOUT,HARD_NEGATIVE,,LITERATURE_EXCLUDED_FALSE_HOMOLOG_FAMILY,Pfam_38.2_PF00367_seed,C9AA74_ENTCA/13-45,c56567553a90c8b0e95addcdb6d0d7de37975c9f73abe1f0c7b020f313658144
NEG_PF00367_9bd3ab5731cb34ecdc81,EIIB_9bd3ab5731cb34ec,EIIB_9bd3ab5731cb34ec,CALIBRATION,HARD_NEGATIVE,,LITERATURE_EXCLUDED_FALSE_HOMOLOG_FAMILY,Pfam_38.2_PF00367_seed,R4K7B6_CLOPA/8-41,ae47c1393179d151e0da90c6e8ffb70cdeedd5cfd32e9f44b1c9317515cbe4ac
NEG_PF00367_9c60ead51be4cf3e35be,EIIB_9c60ead51be4cf3e,EIIB_9c60ead51be4cf3e,CALIBRATION,HARD_NEGATIVE,,LITERATURE_EXCLUDED_FALSE_HOMOLOG_FAMILY,Pfam_38.2_PF00367_seed,U3GUH0_9CORY/12-43,843671b7f27a4ea02881acecb1bd2e1fe3b94ef0af1d488c6f25cd1a79ee4bed
NEG_PF00367_9d280200971f2eccb745,EIIB_9d280200971f2ecc,EIIB_9d280200971f2ecc,CALIBRATION,HARD_NEGATIVE,,LITERATURE_EXCLUDED_FALSE_HOMOLOG_FAMILY,Pfam_38.2_PF00367_seed,D1ANJ7_SEBTE/395-428,d74c502bc08ea9279ebdeccf8856facd2b8c7c12fb914730359c2f8c83c1e44c
NEG_PF00367_9d5a294377a82c62bb9d,EIIB_9d5a294377a82c62,EIIB_9d5a294377a82c62,CALIBRATION,HARD_NEGATIVE,,LITERATURE_EXCLUDED_FALSE_HOMOLOG_FAMILY,Pfam_38.2_PF00367_seed,W6A7Q9_9MOLU/22-54,ffa13aa725a84d6e62b4a0355b8bb0a8b07f48e33bd887c918c8a73df81ca010
NEG_PF00367_9df0a53cbdf84b38f6e1,EIIB_9df0a53cbdf84b38,EIIB_9df0a53cbdf84b38,FINAL_HOLDOUT,HARD_NEGATIVE,,LITERATURE_EXCLUDED_FALSE_HOMOLOG_FAMILY,Pfam_38.2_PF00367_seed,Q184P8_CLOD6/449-481,f6aa9dee9ba8b10944c824edd496db58da55cfcd8178c964e955385806cd6cc6
NEG_PF00367_9df35016782f65a1b077,EIIB_9df35016782f65a1,EIIB_9df35016782f65a1,FINAL_HOLDOUT,HARD_NEGATIVE,,LITERATURE_EXCLUDED_FALSE_HOMOLOG_FAMILY,Pfam_38.2_PF00367_seed,Q9CGG5_LACLA/11-44,dbdb7beb437db2db1f0eae05bf7c2d2a884df3a4b386973a2d495bae0f9beebc
NEG_PF00367_9e8046143d417282ff1d,EIIB_9e8046143d417282,EIIB_9e8046143d417282,FINAL_HOLDOUT,HARD_NEGATIVE,,LITERATURE_EXCLUDED_FALSE_HOMOLOG_FAMILY,Pfam_38.2_PF00367_seed,A0A2X2UDG6_9FIRM/10-43,2608b22215112309055e89d3ef1ea40dfefe7511c1cc73203b208ee7e12c79b9
NEG_PF00367_9ec98e4666e2bed21b0a,EIIB_9ec98e4666e2bed2,EIIB_9ec98e4666e2bed2,CALIBRATION,HARD_NEGATIVE,,LITERATURE_EXCLUDED_FALSE_HOMOLOG_FAMILY,Pfam_38.2_PF00367_seed,F9UTD2_LACPL/8-41,c524eaf72b1395f210a1c1e14dde38a862ca844ac2727485bc16960d11386f29
NEG_PF00367_9eef4a301f5c8620d397,EIIB_9eef4a301f5c8620,EIIB_9eef4a301f5c8620,CALIBRATION,HARD_NEGATIVE,,LITERATURE_EXCLUDED_FALSE_HOMOLOG_FAMILY,Pfam_38.2_PF00367_seed,Q6D271_PECAS/456-488,7e2124b22d80acd0cd82aa0bfcb5ce511de421173819909da47cd9d1e7997e57
NEG_PF00367_9f975adf64521cf8a542,EIIB_9f975adf64521cf8,EIIB_9f975adf64521cf8,CALIBRATION,HARD_NEGATIVE,,LITERATURE_EXCLUDED_FALSE_HOMOLOG_FAMILY,Pfam_38.2_PF00367_seed,C8W836_LANP1/8-41,b5c434ac46abc8ad51dfb8f42c8bd50a635df1629971f2fe730229e92909ca8c
NEG_PF00367_a028f411b20cb9b09704,EIIB_a028f411b20cb9b0,EIIB_a028f411b20cb9b0,FINAL_HOLDOUT,HARD_NEGATIVE,,LITERATURE_EXCLUDED_FALSE_HOMOLOG_FAMILY,Pfam_38.2_PF00367_seed,Q6LSW2_PHOPR/403-436,5671f49b2ee795b875d3501ad363b97ea2dddae2bb1c12e2562ebeae5bec25df
NEG_PF00367_a03092ce7b37ea38bac5,EIIB_a03092ce7b37ea38,EIIB_a03092ce7b37ea38,CALIBRATION,HARD_NEGATIVE,,LITERATURE_EXCLUDED_FALSE_HOMOLOG_FAMILY,Pfam_38.2_PF00367_seed,D9SS28_CLOC7/430-463,e39adcdbe6708efd7b97506027de192864aef118230b1ef517b9a141fbdf381e
NEG_PF00367_a035d37e7dd77825ed01,EIIB_a035d37e7dd77825,EIIB_a035d37e7dd77825,FINAL_HOLDOUT,HARD_NEGATIVE,,LITERATURE_EXCLUDED_FALSE_HOMOLOG_FAMILY,Pfam_38.2_PF00367_seed,F3Y8J2_MELPT/13-46,02f49d9bef53d057e2bbbfa8bb67f48b5c8823b2e785f05b7184cd0e13b41cb7
NEG_PF00367_a0cbd0be5effb6f2eda1,EIIB_a0cbd0be5effb6f2,EIIB_a0cbd0be5effb6f2,FINAL_HOLDOUT,HARD_NEGATIVE,,LITERATURE_EXCLUDED_FALSE_HOMOLOG_FAMILY,Pfam_38.2_PF00367_seed,I0JJT9_HALH3/429-461,0dfa39aa88ae72ce867fa91f793af03b49c30fe975c4d3d9a73239525aeb7b02
NEG_PF00367_a1bfb76e1ce0d8e07f63,EIIB_a1bfb76e1ce0d8e0,EIIB_a1bfb76e1ce0d8e0,FINAL_HOLDOUT,HARD_NEGATIVE,,LITERATURE_EXCLUDED_FALSE_HOMOLOG_FAMILY,Pfam_38.2_PF00367_seed,M1M1B1_9CLOT/440-471,f95c3654b52b09a556f531ece393772dfb94fd3ef426105aac835d7b0183bd18
NEG_PF00367_a22cf0a330f07dc10abf,EIIB_a22cf0a330f07dc1,EIIB_a22cf0a330f07dc1,FINAL_HOLDOUT,HARD_NEGATIVE,,LITERATURE_EXCLUDED_FALSE_HOMOLOG_FAMILY,Pfam_38.2_PF00367_seed,I5AVY6_EUBC6/10-43,78a5830de3ec14c0a7146ff04090bb5da3b853d28f223f4a8edb10868ac5aa46
NEG_PF00367_a240992aa0a6cd508f0a,EIIB_a240992aa0a6cd50,EIIB_a240992aa0a6cd50,CALIBRATION,HARD_NEGATIVE,,LITERATURE_EXCLUDED_FALSE_HOMOLOG_FAMILY,Pfam_38.2_PF00367_seed,Q6MSA5_MYCMS/533-566,23a3063aa4f6cb7f36017c1256c157789f7bca53924abd292d7b096daa35647c
NEG_PF00367_a264395bcf65bc0876b8,EIIB_a264395bcf65bc08,EIIB_a264395bcf65bc08,FINAL_HOLDOUT,HARD_NEGATIVE,,LITERATURE_EXCLUDED_FALSE_HOMOLOG_FAMILY,Pfam_38.2_PF00367_seed,E3DNC0_HALPG/426-459,5c138eb974d9990e133564c32386c5f351de09585f96ec706c1d05b40ca6a122
NEG_PF00367_a39a03a37504dbe55a83,EIIB_a39a03a37504dbe5,EIIB_a39a03a37504dbe5,CALIBRATION,HARD_NEGATIVE,,LITERATURE_EXCLUDED_FALSE_HOMOLOG_FAMILY,Pfam_38.2_PF00367_seed,Q839A7_ENTFA/9-42,e7f524d1489f574aa1be3308085cc5e4e25603d2cbae281cf4cbfb79ae9f0457
NEG_PF00367_a3f5cf5e9ca19b024c42,EIIB_a3f5cf5e9ca19b02,EIIB_a3f5cf5e9ca19b02,FINAL_HOLDOUT,HARD_NEGATIVE,,LITERATURE_EXCLUDED_FALSE_HOMOLOG_FAMILY,Pfam_38.2_PF00367_seed,PTYBC_VIBCH/11-43,16b74cc366a9fc54a1cf052b5b5adfeae871d987c7b7bf73fe59253999812609
NEG_PF00367_a513c3eea1b9e642d5eb,EIIB_a513c3eea1b9e642,EIIB_a513c3eea1b9e642,CALIBRATION,HARD_NEGATIVE,,LITERATURE_EXCLUDED_FALSE_HOMOLOG_FAMILY,Pfam_38.2_PF00367_seed,D1AIJ5_SEBTE/451-483,550a91f864d47dd610682dcfaa9273f2c28e85f5fafec984b9b75f3280d042c7
NEG_PF00367_a5413f92ac14c7331185,EIIB_a5413f92ac14c733,EIIB_a5413f92ac14c733,FINAL_HOLDOUT,HARD_NEGATIVE,,LITERATURE_EXCLUDED_FALSE_HOMOLOG_FAMILY,Pfam_38.2_PF00367_seed,Q8EQ41_OCEIH/429-462,6bb38586f24eb1112418ac54646f395804dfc681786a63d6bec36fc15a737c49
NEG_PF00367_a7e2a7420427a172a5f7,EIIB_a7e2a7420427a172,EIIB_a7e2a7420427a172,CALIBRATION,HARD_NEGATIVE,,LITERATURE_EXCLUDED_FALSE_HOMOLOG_FAMILY,Pfam_38.2_PF00367_seed,R4K652_CLOPA/450-482,041bd78679d2d0500121357b646d6aafc4559a1970894526c43f84d4a9ea7622
NEG_PF00367_a877395b97f54e6778a7,EIIB_a877395b97f54e67,EIIB_a877395b97f54e67,CALIBRATION,HARD_NEGATIVE,,LITERATURE_EXCLUDED_FALSE_HOMOLOG_FAMILY,Pfam_38.2_PF00367_seed,Q67LL3_SYMTH/401-434,bb2c38ef6db691525deee650d6381a542ff72abe73c9dbdbcacb9e81d1ec36cd
NEG_PF00367_a977594e7658d479d0d9,EIIB_a977594e7658d479,EIIB_a977594e7658d479,FINAL_HOLDOUT,HARD_NEGATIVE,,LITERATURE_EXCLUDED_FALSE_HOMOLOG_FAMILY,Pfam_38.2_PF00367_seed,A5HZJ8_CLOBH/8-41,80ea1c3da32a94e03dcdba1a1061b82e4bdfc703fda3f4cffee91dd33a02520a
NEG_PF00367_aa44a751ccc14811aa1c,EIIB_aa44a751ccc14811,EIIB_aa44a751ccc14811,FINAL_HOLDOUT,HARD_NEGATIVE,,LITERATURE_EXCLUDED_FALSE_HOMOLOG_FAMILY,Pfam_38.2_PF00367_seed,A0KEI8_AERHH/444-476,2979d6ea16587776453a3e19f60b4ee56e0ff5e87b03328f184088782ac4b465
NEG_PF00367_aa722db4d1fd1696f3de,EIIB_aa722db4d1fd1696,EIIB_aa722db4d1fd1696,CALIBRATION,HARD_NEGATIVE,,LITERATURE_EXCLUDED_FALSE_HOMOLOG_FAMILY,Pfam_38.2_PF00367_seed,W6AB36_9MOLU/591-623,46f43b4f92ab9159cd7dd8cb9e8a4f00a88708b7bd214107517c7553ad3bf44d
NEG_PF00367_aad109c8f32dd60cae31,EIIB_aad109c8f32dd60c,EIIB_aad109c8f32dd60c,CALIBRATION,HARD_NEGATIVE,,LITERATURE_EXCLUDED_FALSE_HOMOLOG_FAMILY,Pfam_38.2_PF00367_seed,Q38WC8_LATSS/11-43,f6501c1195a7babaa200ffbfb37a1274937943fb35979a6f0c3badd9e57debd1
NEG_PF00367_aae242b54080b0c7b5cf,EIIB_aae242b54080b0c7,EIIB_aae242b54080b0c7,FINAL_HOLDOUT,HARD_NEGATIVE,,LITERATURE_EXCLUDED_FALSE_HOMOLOG_FAMILY,Pfam_38.2_PF00367_seed,Q2G219_STAA8/436-469,2f4b5d37ab125ef97e1752ae436df70e8409cc681065e7bf28b655f68202ea90
NEG_PF00367_ab0a598cd0b1f9f66b4e,EIIB_ab0a598cd0b1f9f6,EIIB_ab0a598cd0b1f9f6,FINAL_HOLDOUT,HARD_NEGATIVE,,LITERATURE_EXCLUDED_FALSE_HOMOLOG_FAMILY,Pfam_38.2_PF00367_seed,F2JGH4_CELLD/476-509,87d6cb3aee919f695d80d45a0ebfeed1576c897c15f7f01da3488c74caa0cffa
NEG_PF00367_abb64905028016f8efbf,EIIB_abb64905028016f8,EIIB_abb64905028016f8,FINAL_HOLDOUT,HARD_NEGATIVE,,LITERATURE_EXCLUDED_FALSE_HOMOLOG_FAMILY,Pfam_38.2_PF00367_seed,A0JW56_ARTS2/8-41,12a2ee01569416a51923c73bc4963ac2595de45149092e5ceec48cf456c6eb77
NEG_PF00367_ac1aa467d13823db92c2,EIIB_ac1aa467d13823db,EIIB_ac1aa467d13823db,FINAL_HOLDOUT,HARD_NEGATIVE,,LITERATURE_EXCLUDED_FALSE_HOMOLOG_FAMILY,Pfam_38.2_PF00367_seed,F9UUH8_LACPL/8-41,4a3d513e8462c2fbe33607b98de5f67fa5f02cbc2e7652cdcada948b0dc17fa8
NEG_PF00367_ac1e1e9d25a3227a722d,EIIB_ac1e1e9d25a3227a,EIIB_ac1e1e9d25a3227a,FINAL_HOLDOUT,HARD_NEGATIVE,,LITERATURE_EXCLUDED_FALSE_HOMOLOG_FAMILY,Pfam_38.2_PF00367_seed,G4Q716_ACIIR/9-41,8a95ac93a246677fb7ce8d242b9e813c29e37d1da1a802c69660c9d372fd26e0
NEG_PF00367_acb962dd7051b8ccc73e,EIIB_acb962dd7051b8cc,EIIB_acb962dd7051b8cc,FINAL_HOLDOUT,HARD_NEGATIVE,,LITERATURE_EXCLUDED_FALSE_HOMOLOG_FAMILY,Pfam_38.2_PF00367_seed,U5LJC7_9BACI/445-477,25d72eeb2482167ee5b8289fcd3720db4fcc169ff76a0b35685783aec6962324
NEG_PF00367_ad02dbcb7f09174ebe80,EIIB_ad02dbcb7f09174e,EIIB_ad02dbcb7f09174e,CALIBRATION,HARD_NEGATIVE,,LITERATURE_EXCLUDED_FALSE_HOMOLOG_FAMILY,Pfam_38.2_PF00367_seed,C9A6G3_ENTCA/8-41,55d024e3fc61b042aafe7a2cc0de46528d3bdac39cf65daddaa5525017158caf
NEG_PF00367_ad2dcb759b90779fa438,EIIB_ad2dcb759b90779f,EIIB_ad2dcb759b90779f,FINAL_HOLDOUT,HARD_NEGATIVE,,LITERATURE_EXCLUDED_FALSE_HOMOLOG_FAMILY,Pfam_38.2_PF00367_seed,Q98RJ1_MYCPU/532-565,2a31e2f8dba895801e5af2481c8e32c44e5e457c576b5ca2f162f2906b092431
NEG_PF00367_aef6bf8a5f36e71e9901,EIIB_aef6bf8a5f36e71e,EIIB_aef6bf8a5f36e71e,CALIBRATION,HARD_NEGATIVE,,LITERATURE_EXCLUDED_FALSE_HOMOLOG_FAMILY,Pfam_38.2_PF00367_seed,A0A174NLQ3_9FIRM/8-38,4e87910c736ef7483cddc900a32a68c526ad5c0b9e23ac8e78dd1cb511efc316
NEG_PF00367_af1b8b6fa7207d057c49,EIIB_af1b8b6fa7207d05,EIIB_af1b8b6fa7207d05,CALIBRATION,HARD_NEGATIVE,,LITERATURE_EXCLUDED_FALSE_HOMOLOG_FAMILY,Pfam_38.2_PF00367_seed,Q5WLL8_SHOC1/429-462,8ce2ebab7658dcdc72e14888d3b5e71b3ad1a878148fcdfa0983db9429146d5c
NEG_PF00367_afddf4cc3254a9672778,EIIB_afddf4cc3254a967,EIIB_afddf4cc3254a967,FINAL_HOLDOUT,HARD_NEGATIVE,,LITERATURE_EXCLUDED_FALSE_HOMOLOG_FAMILY,Pfam_38.2_PF00367_seed,C4LLU9_CORK4/253-285,e46e5f8fc427b5961eca6b1a347abc64328c577e64187a81dc8705df639a6057
NEG_PF00367_b1059380e119c6a88718,EIIB_b1059380e119c6a8,EIIB_b1059380e119c6a8,CALIBRATION,HARD_NEGATIVE,,LITERATURE_EXCLUDED_FALSE_HOMOLOG_FAMILY,Pfam_38.2_PF00367_seed,Q9K700_HALH5/9-42,08222ddb9e30a9feba21f00ab510b3d6e59e696e5a0b97e7f9ff1b932b197576
NEG_PF00367_b2879a665836f2df8d61,EIIB_b2879a665836f2df,EIIB_b2879a665836f2df,CALIBRATION,HARD_NEGATIVE,,LITERATURE_EXCLUDED_FALSE_HOMOLOG_FAMILY,Pfam_38.2_PF00367_seed,D1ALQ5_SEBTE/8-41,1909f0f40527360106750e7f7d6e006f25c6ad6c678055d59d20b0d500e8c7da
NEG_PF00367_b33def65b7849de2a403,EIIB_b33def65b7849de2,EIIB_b33def65b7849de2,FINAL_HOLDOUT,HARD_NEGATIVE,,LITERATURE_EXCLUDED_FALSE_HOMOLOG_FAMILY,Pfam_38.2_PF00367_seed,Q6F1E8_MESFL/192-225,c75883b0ca8d5003b2ec93a52824989d5ea0c86519a88ca0d44ca20d1815b3e9
NEG_PF00367_b37719b416553217ea74,EIIB_b37719b416553217,EIIB_b37719b416553217,CALIBRATION,HARD_NEGATIVE,,LITERATURE_EXCLUDED_FALSE_HOMOLOG_FAMILY,Pfam_38.2_PF00367_seed,C9LRQ6_SELS3/466-498,0c388239ebc375145d22e03fb21dc35d95778fea51548dc98a76ffb61cc57d7b
NEG_PF00367_b3e6e2db530430bc38d0,EIIB_b3e6e2db530430bc,EIIB_b3e6e2db530430bc,FINAL_HOLDOUT,HARD_NEGATIVE,,LITERATURE_EXCLUDED_FALSE_HOMOLOG_FAMILY,Pfam_38.2_PF00367_seed,D5UTS8_TSUPD/5-38,d85554f63bd4f9a971358dbc833a2d6d9aa745e8b20cf879b8b38b3ea2e06c1a
NEG_PF00367_b3f544f55158cf0d1afa,EIIB_b3f544f55158cf0d,EIIB_b3f544f55158cf0d,CALIBRATION,HARD_NEGATIVE,,LITERATURE_EXCLUDED_FALSE_HOMOLOG_FAMILY,Pfam_38.2_PF00367_seed,Q7N5G2_PHOLL/442-475,8ce44d2d9a0a4534ee6a2bcbb9c2f63865b7add606a56bd59129c753ecd8654e
NEG_PF00367_b3ffd0aa7a6f4d4381d1,EIIB_b3ffd0aa7a6f4d43,EIIB_b3ffd0aa7a6f4d43,CALIBRATION,HARD_NEGATIVE,,LITERATURE_EXCLUDED_FALSE_HOMOLOG_FAMILY,Pfam_38.2_PF00367_seed,H5XBL4_9PSEU/7-40,a055029572456c60f119d2fd6f869f232929cdb184939a9d10b01b83f8d254fc
NEG_PF00367_b48daa3de7ae22542840,EIIB_b48daa3de7ae2254,EIIB_b48daa3de7ae2254,FINAL_HOLDOUT,HARD_NEGATIVE,,LITERATURE_EXCLUDED_FALSE_HOMOLOG_FAMILY,Pfam_38.2_PF00367_seed,Q8EGI1_SHEON/418-451,ccfab4e9d04ef92f15b9fb05c4d4b3e8eef3ecf6d9b28c7820deaa74590b44d5
NEG_PF00367_b599535473533997f313,EIIB_b599535473533997,EIIB_b599535473533997,CALIBRATION,HARD_NEGATIVE,,LITERATURE_EXCLUDED_FALSE_HOMOLOG_FAMILY,Pfam_38.2_PF00367_seed,C8XK55_NAKMY/471-502,b671bf43bb377a4a6e5555386b622901a0c62c0b6bd308d094267ccc3d336dec
NEG_PF00367_b61275071a446c719909,EIIB_b61275071a446c71,EIIB_b61275071a446c71,FINAL_HOLDOUT,HARD_NEGATIVE,,LITERATURE_EXCLUDED_FALSE_HOMOLOG_FAMILY,Pfam_38.2_PF00367_seed,A5HYI1_CLOBH/456-487,175fd499a2a5788691a435702ed9acbecc802a0085689cf49d4fff7442d91a41
NEG_PF00367_b6149905336461ce33ff,EIIB_b6149905336461ce,EIIB_b6149905336461ce,CALIBRATION,HARD_NEGATIVE,,LITERATURE_EXCLUDED_FALSE_HOMOLOG_FAMILY,Pfam_38.2_PF00367_seed,Q6F2B1_MESFL/177-210,69446f96188a0e5fc31fa045e0df9fd88ab591d4bea6956f7de7ed3e3a2b8fce
NEG_PF00367_b68489d39a9589ae948a,EIIB_b68489d39a9589ae,EIIB_b68489d39a9589ae,FINAL_HOLDOUT,HARD_NEGATIVE,,LITERATURE_EXCLUDED_FALSE_HOMOLOG_FAMILY,Pfam_38.2_PF00367_seed,F2JRV8_CELLD/9-42,5dfe5240ccd320d8f80ac39192b7d64adddf067d11b86b3bab8aea5d41707a4e
NEG_PF00367_b7f04a5e4bdaf26b03da,EIIB_b7f04a5e4bdaf26b,EIIB_b7f04a5e4bdaf26b,FINAL_HOLDOUT,HARD_NEGATIVE,,LITERATURE_EXCLUDED_FALSE_HOMOLOG_FAMILY,Pfam_38.2_PF00367_seed,Q6F0W5_MESFL/19-52,4510ec4666c85a150fb495e957eff5ece5a7469649869308821a071f3a907f6f
NEG_PF00367_b819909bd7aac5444fbf,EIIB_b819909bd7aac544,EIIB_b819909bd7aac544,FINAL_HOLDOUT,HARD_NEGATIVE,,LITERATURE_EXCLUDED_FALSE_HOMOLOG_FAMILY,Pfam_38.2_PF00367_seed,Q8NMD6_CORGL/8-41,911b5bd8d9ce8e9aaefabc733f2b2460e6d8c4d72b2676e06565ac66b3ec2c76
NEG_PF00367_b8376543ff1488e40986,EIIB_b8376543ff1488e4,EIIB_b8376543ff1488e4,CALIBRATION,HARD_NEGATIVE,,LITERATURE_EXCLUDED_FALSE_HOMOLOG_FAMILY,Pfam_38.2_PF00367_seed,Q5KUA7_GEOKA/8-40,de48ffcd40c7eed15b5b19fadf4d43e13216028c9642aea4da909ea1d0814180
NEG_PF00367_b8a912b7c4703b87db39,EIIB_b8a912b7c4703b87,EIIB_b8a912b7c4703b87,CALIBRATION,HARD_NEGATIVE,,LITERATURE_EXCLUDED_FALSE_HOMOLOG_FAMILY,Pfam_38.2_PF00367_seed,W6A6R7_9MOLU/182-215,527bceb49d02c0d677c8c97e296fadd92940ae9ac53745ff7460147552cf0e04
NEG_PF00367_b8ed5d082be817478db3,EIIB_b8ed5d082be81747,EIIB_b8ed5d082be81747,FINAL_HOLDOUT,HARD_NEGATIVE,,LITERATURE_EXCLUDED_FALSE_HOMOLOG_FAMILY,Pfam_38.2_PF00367_seed,Q5WIK4_SHOC1/10-43,6f300ab507a5e9763a57fbe5cbc8115d6941ed4fe69df322d77991ed457ea620
NEG_PF00367_ba63c072d588e1c937d9,EIIB_ba63c072d588e1c9,EIIB_ba63c072d588e1c9,FINAL_HOLDOUT,HARD_NEGATIVE,,LITERATURE_EXCLUDED_FALSE_HOMOLOG_FAMILY,Pfam_38.2_PF00367_seed,Q5HNH9_STAEQ/417-450,ff7e8535a5fb6c1281d2c44ab32b0e82e55a74f1866673b528b000317c73eb7e
NEG_PF00367_ba705c3396d9f3c01a31,EIIB_ba705c3396d9f3c0,EIIB_ba705c3396d9f3c0,FINAL_HOLDOUT,HARD_NEGATIVE,,LITERATURE_EXCLUDED_FALSE_HOMOLOG_FAMILY,Pfam_38.2_PF00367_seed,Q8EWN0_MALP2/526-557,09992d8f1ee5a30937f9f669c61db4f98f899d5a021c0f85e31ea6bf79942fe7
NEG_PF00367_bb20334fad9582811452,EIIB_bb20334fad958281,EIIB_bb20334fad958281,CALIBRATION,HARD_NEGATIVE,,LITERATURE_EXCLUDED_FALSE_HOMOLOG_FAMILY,Pfam_38.2_PF00367_seed,PTV3B_ECOLI/6-38,1d10ba3256eb3aa60abbeeca7bfd187fa23935ed173450111377b713f9da274c
NEG_PF00367_bba688e1d647d3121afd,EIIB_bba688e1d647d312,EIIB_bba688e1d647d312,CALIBRATION,HARD_NEGATIVE,,LITERATURE_EXCLUDED_FALSE_HOMOLOG_FAMILY,Pfam_38.2_PF00367_seed,PTW3C_BACSU/401-433,69fa785fab7c2c0cb35e63b7d7e271fc98ff06b25c5b075bbcda24e8fe4756c6
NEG_PF00367_bc2bc0a5f9cdb389bf29,EIIB_bc2bc0a5f9cdb389,EIIB_bc2bc0a5f9cdb389,FINAL_HOLDOUT,HARD_NEGATIVE,,LITERATURE_EXCLUDED_FALSE_HOMOLOG_FAMILY,Pfam_38.2_PF00367_seed,Q183A0_CLOD6/429-462,7a7474afdab34d85019aedf04b12d920dab39b713c21ac7b47b49f72c8c6e1db
NEG_PF00367_bc4c92cf3d5c387dc9e5,EIIB_bc4c92cf3d5c387d,EIIB_bc4c92cf3d5c387d,FINAL_HOLDOUT,HARD_NEGATIVE,,LITERATURE_EXCLUDED_FALSE_HOMOLOG_FAMILY,Pfam_38.2_PF00367_seed,F2I4T8_AERUA/454-487,6ac9b5a6077e324643c048fa68f4228c0e77ab4cd96cc9cfab275175d9da4502
NEG_PF00367_bdc70e061cf13666eaaa,EIIB_bdc70e061cf13666,EIIB_bdc70e061cf13666,FINAL_HOLDOUT,HARD_NEGATIVE,,LITERATURE_EXCLUDED_FALSE_HOMOLOG_FAMILY,Pfam_38.2_PF00367_seed,X5ECL3_9CORY/10-43,bf3fa756f2d449664229e9e19c98a386b4a4f799618d17fefbdd7d14e64c069a
NEG_PF00367_be7a56450271d900e138,EIIB_be7a56450271d900,EIIB_be7a56450271d900,CALIBRATION,HARD_NEGATIVE,,LITERATURE_EXCLUDED_FALSE_HOMOLOG_FAMILY,Pfam_38.2_PF00367_seed,A0K0S0_ARTS2/5-38,ef033b60a44e4887c36f26d25f98b551dca4d11112a2937afcdccf9a9aa3c0fa
NEG_PF00367_bf21dca9bc2d87a349d4,EIIB_bf21dca9bc2d87a3,EIIB_bf21dca9bc2d87a3,FINAL_HOLDOUT,HARD_NEGATIVE,,LITERATURE_EXCLUDED_FALSE_HOMOLOG_FAMILY,Pfam_38.2_PF00367_seed,C4L888_TOLAT/426-459,1ece40cd33208013eefe3f85e4e20f6e115b9188dc3e9ff4974054362af66d3d
NEG_PF00367_bfd3340b8f3bc2255c53,EIIB_bfd3340b8f3bc225,EIIB_bfd3340b8f3bc225,FINAL_HOLDOUT,HARD_NEGATIVE,,LITERATURE_EXCLUDED_FALSE_HOMOLOG_FAMILY,Pfam_38.2_PF00367_seed,A0KIG4_AERHH/412-445,e7c451aa2d65a8296d4aaea75e3b58f04c7ff066dac6b11d7b4fd97c9ca18022
NEG_PF00367_c10869149486b38e4cdb,EIIB_c10869149486b38e,EIIB_c10869149486b38e,FINAL_HOLDOUT,HARD_NEGATIVE,,LITERATURE_EXCLUDED_FALSE_HOMOLOG_FAMILY,Pfam_38.2_PF00367_seed,Q6F284_MESFL/180-213,7fcc54a9d3d641bbb0c5a084998e0142ec75f47ec7f81057cd9bf9de0c8074d3
NEG_PF00367_c11b9b2666f64de62548,EIIB_c11b9b2666f64de6,EIIB_c11b9b2666f64de6,FINAL_HOLDOUT,HARD_NEGATIVE,,LITERATURE_EXCLUDED_FALSE_HOMOLOG_FAMILY,Pfam_38.2_PF00367_seed,Q7P0K8_CHRVO/492-525,abf3025db417537690b98e5b603c243c7e8db4a29eb191bbeaf77eab098fe8c7
NEG_PF00367_c20441625c9ea3cf68a5,EIIB_c20441625c9ea3cf,EIIB_c20441625c9ea3cf,FINAL_HOLDOUT,HARD_NEGATIVE,,LITERATURE_EXCLUDED_FALSE_HOMOLOG_FAMILY,Pfam_38.2_PF00367_seed,Q8XMX7_CLOPE/9-42,7e15298637e89bac82da5f1629557f61cfb69cffad65f15dd03ccd56efd1ce32
NEG_PF00367_c263c0f1d1f98bccc0ff,EIIB_c263c0f1d1f98bcc,EIIB_c263c0f1d1f98bcc,CALIBRATION,HARD_NEGATIVE,,LITERATURE_EXCLUDED_FALSE_HOMOLOG_FAMILY,Pfam_38.2_PF00367_seed,A0A2H6CW90_TETHA/452-484,e5e0d8ff6c391613d88204640301e46072ddf739228245eaada783d51f77e884
NEG_PF00367_c33f6be41602df969abb,EIIB_c33f6be41602df96,EIIB_c33f6be41602df96,CALIBRATION,HARD_NEGATIVE,,LITERATURE_EXCLUDED_FALSE_HOMOLOG_FAMILY,Pfam_38.2_PF00367_seed,M1P6R6_9CORY/10-43,bb84f23127c0fcab950442ee9f4194c46d411bfc581fced8d8de80a4ea0c06de
NEG_PF00367_c34a8e0eb6423323611c,EIIB_c34a8e0eb6423323,EIIB_c34a8e0eb6423323,FINAL_HOLDOUT,HARD_NEGATIVE,,LITERATURE_EXCLUDED_FALSE_HOMOLOG_FAMILY,Pfam_38.2_PF00367_seed,L0KCI6_HALHC/9-42,1c9b3b01370ee11eb0b2716a7b0b9d6dceedf80a12508fd63301318a3fbf0bd2
NEG_PF00367_c35831266a62da078ff5,EIIB_c35831266a62da07,EIIB_c35831266a62da07,FINAL_HOLDOUT,HARD_NEGATIVE,,LITERATURE_EXCLUDED_FALSE_HOMOLOG_FAMILY,Pfam_38.2_PF00367_seed,D1B6P8_THEAS/432-465,f3be4b0665ce1135fb8320b6774f3ee1b9bb12802a0da8c7add8648b3a6aa66d
NEG_PF00367_c46c2e2a0bbfc69130b7,EIIB_c46c2e2a0bbfc691,EIIB_c46c2e2a0bbfc691,CALIBRATION,HARD_NEGATIVE,,LITERATURE_EXCLUDED_FALSE_HOMOLOG_FAMILY,Pfam_38.2_PF00367_seed,W6A7Q3_9MOLU/192-225,a1a7abdece5d01b0b1a3fa47f60ab38b95582201ff9f80ad55e4d374eb731a79
NEG_PF00367_c46feb69958a5eb19098,EIIB_c46feb69958a5eb1,EIIB_c46feb69958a5eb1,CALIBRATION,HARD_NEGATIVE,,LITERATURE_EXCLUDED_FALSE_HOMOLOG_FAMILY,Pfam_38.2_PF00367_seed,Q5WK53_SHOC1/437-470,19b90519972e8221baf13526fc957d5685264de146491f0fc3fd79d3b96df7b5
NEG_PF00367_c487e07ecf5e3cbf808e,EIIB_c487e07ecf5e3cbf,EIIB_c487e07ecf5e3cbf,FINAL_HOLDOUT,HARD_NEGATIVE,,LITERATURE_EXCLUDED_FALSE_HOMOLOG_FAMILY,Pfam_38.2_PF00367_seed,Q5E6P3_ALIF1/414-446,d19af5b12ce499a04f866740b01f6a57134804b8968be2bffe64068c782c0648
NEG_PF00367_c4ca8ec511b615b34c0c,EIIB_c4ca8ec511b615b3,EIIB_c4ca8ec511b615b3,CALIBRATION,HARD_NEGATIVE,,LITERATURE_EXCLUDED_FALSE_HOMOLOG_FAMILY,Pfam_38.2_PF00367_seed,PTXBC_BACSU/12-45,4f68f84caaed77adb06111507af54515fb5db40bf434c1c01361969e7004afdc
NEG_PF00367_c50ec178b216658c7d78,EIIB_c50ec178b216658c,EIIB_c50ec178b216658c,FINAL_HOLDOUT,HARD_NEGATIVE,,LITERATURE_EXCLUDED_FALSE_HOMOLOG_FAMILY,Pfam_38.2_PF00367_seed,F9UT62_LACPL/183-214,ec9e11e1c4e300af14396227d6765a32eb856753889f51788ae1bfe0997a8bb3
NEG_PF00367_c5743bb451663a68d748,EIIB_c5743bb451663a68,EIIB_c5743bb451663a68,CALIBRATION,HARD_NEGATIVE,,LITERATURE_EXCLUDED_FALSE_HOMOLOG_FAMILY,Pfam_38.2_PF00367_seed,Q7N8X8_PHOLL/8-41,4bcf0bc55f0ffa7fe61644c77550d5afe9fef8f2a9c80a429ea36ce113161bb1
NEG_PF00367_c6083ff64b85313e1ad2,EIIB_c6083ff64b85313e,EIIB_c6083ff64b85313e,FINAL_HOLDOUT,HARD_NEGATIVE,,LITERATURE_EXCLUDED_FALSE_HOMOLOG_FAMILY,Pfam_38.2_PF00367_seed,PTOCB_BACSU/454-485,0b3177b906bcb3d1206ec26625ca81102ade2b701142ffafe5d451fc51914ac1
NEG_PF00367_c68477904f1e0ecb6470,EIIB_c68477904f1e0ecb,EIIB_c68477904f1e0ecb,FINAL_HOLDOUT,HARD_NEGATIVE,,LITERATURE_EXCLUDED_FALSE_HOMOLOG_FAMILY,Pfam_38.2_PF00367_seed,U5LJB3_9BACI/9-42,03c5a9d8d7dcc78ea754a6a4a884571aedff31b1620e9b6912bece7accb51342
NEG_PF00367_c7c86111d880e7d2b92e,EIIB_c7c86111d880e7d2,EIIB_c7c86111d880e7d2,CALIBRATION,HARD_NEGATIVE,,LITERATURE_EXCLUDED_FALSE_HOMOLOG_FAMILY,Pfam_38.2_PF00367_seed,D3FXA2_ALKPO/441-474,0a4a2f92d4a44b10a018bc865086c9afd5bea0f651f75c388671d074f53d0e11
NEG_PF00367_c96e55e2446c3c15b530,EIIB_c96e55e2446c3c15,EIIB_c96e55e2446c3c15,CALIBRATION,HARD_NEGATIVE,,LITERATURE_EXCLUDED_FALSE_HOMOLOG_FAMILY,Pfam_38.2_PF00367_seed,B9DW50_STRU0/9-42,97025f40df1340c131e2a9300b4272ee64a235716cef97fe2d7d4bea584baff4
NEG_PF00367_caeac1e91dff7e119f00,EIIB_caeac1e91dff7e11,EIIB_caeac1e91dff7e11,CALIBRATION,HARD_NEGATIVE,,LITERATURE_EXCLUDED_FALSE_HOMOLOG_FAMILY,Pfam_38.2_PF00367_seed,F9USA3_LACPL/407-440,5fd6a7febb1c92ca457056c33a550978dfdc677edaef2bbdbbf884564aaee931
NEG_PF00367_cb41c054e06df3d8632d,EIIB_cb41c054e06df3d8,EIIB_cb41c054e06df3d8,CALIBRATION,HARD_NEGATIVE,,LITERATURE_EXCLUDED_FALSE_HOMOLOG_FAMILY,Pfam_38.2_PF00367_seed,Q9KQI5_VIBCH/425-458,728c5002000c9564956bfee3c76361386b71a67cbace3a0aa4669ac8d7f24bcf
NEG_PF00367_cb45bd60d08b1e88a179,EIIB_cb45bd60d08b1e88,EIIB_cb45bd60d08b1e88,FINAL_HOLDOUT,HARD_NEGATIVE,,LITERATURE_EXCLUDED_FALSE_HOMOLOG_FAMILY,Pfam_38.2_PF00367_seed,F0RMV8_DEIPM/9-42,d215a81b8d10b58825d814b9361bbea2c693e4ac23c14ba43ae4a32128f9a723
NEG_PF00367_cc2a31e35db9b3c776f5,EIIB_cc2a31e35db9b3c7,EIIB_cc2a31e35db9b3c7,CALIBRATION,HARD_NEGATIVE,,LITERATURE_EXCLUDED_FALSE_HOMOLOG_FAMILY,Pfam_38.2_PF00367_seed,A0A396K6U7_9CLOT/412-445,fcfab671dce581ebba796316ca88d1069f538cc4269822e3a10f659581c144ae
NEG_PF00367_cc3cbd48e77e33c66706,EIIB_cc3cbd48e77e33c6,EIIB_cc3cbd48e77e33c6,CALIBRATION,HARD_NEGATIVE,,LITERATURE_EXCLUDED_FALSE_HOMOLOG_FAMILY,Pfam_38.2_PF00367_seed,PTYBC_SHIDS/13-44,f0d8068bde0641baaee3387743d11936694973b286c47059926e114a76606678
NEG_PF00367_cd45cea1abc6b7a872cb,EIIB_cd45cea1abc6b7a8,EIIB_cd45cea1abc6b7a8,FINAL_HOLDOUT,HARD_NEGATIVE,,LITERATURE_EXCLUDED_FALSE_HOMOLOG_FAMILY,Pfam_38.2_PF00367_seed,PTSBC_BACSU/8-41,d39798d70e1fd1f0c91d5e9b4b665fd7c7928cf227b27a33e261108972fde36e
NEG_PF00367_cd5a0483884fe0f437b4,EIIB_cd5a0483884fe0f4,EIIB_cd5a0483884fe0f4,CALIBRATION,HARD_NEGATIVE,,LITERATURE_EXCLUDED_FALSE_HOMOLOG_FAMILY,Pfam_38.2_PF00367_seed,C4LB47_TOLAT/452-484,bc0ee88d17880c9504c5b16d199dfe1c93a865b33818c387975bb5788c576d2b
NEG_PF00367_ce6edad832a00da72e87,EIIB_ce6edad832a00da7,EIIB_ce6edad832a00da7,FINAL_HOLDOUT,HARD_NEGATIVE,,LITERATURE_EXCLUDED_FALSE_HOMOLOG_FAMILY,Pfam_38.2_PF00367_seed,B8F5M5_GLAP5/8-41,6854e841f9fd6d3322daf3d18b623afd1afaad7b3e8951ae6e47ee6340168fea
NEG_PF00367_cebf9dd804934fae0157,EIIB_cebf9dd804934fae,EIIB_cebf9dd804934fae,FINAL_HOLDOUT,HARD_NEGATIVE,,LITERATURE_EXCLUDED_FALSE_HOMOLOG_FAMILY,Pfam_38.2_PF00367_seed,S5MCA9_9MOLU/12-45,a1d920e7d81003d2bdcfdea23b946406c581ba674057e467ec5948fb2a59188a
NEG_PF00367_ced7fbe1e67a26d57f6d,EIIB_ced7fbe1e67a26d5,EIIB_ced7fbe1e67a26d5,CALIBRATION,HARD_NEGATIVE,,LITERATURE_EXCLUDED_FALSE_HOMOLOG_FAMILY,Pfam_38.2_PF00367_seed,A0A6H3A8V1_BACAN/8-41,dbfd88d98faf2317486e50951ca0a26b734313cbe9b5a40312f9e4c1a75ef3f2
NEG_PF00367_cf33dc04712051f790bd,EIIB_cf33dc04712051f7,EIIB_cf33dc04712051f7,CALIBRATION,HARD_NEGATIVE,,LITERATURE_EXCLUDED_FALSE_HOMOLOG_FAMILY,Pfam_38.2_PF00367_seed,I2B6G0_SHIBC/9-42,095de21fd12bbc946fdbd1dec94cc6a91e9d497a9d6978dfd845efc951ff9a82
NEG_PF00367_cf4b682ec19d5dfc89ea,EIIB_cf4b682ec19d5dfc,EIIB_cf4b682ec19d5dfc,FINAL_HOLDOUT,HARD_NEGATIVE,,LITERATURE_EXCLUDED_FALSE_HOMOLOG_FAMILY,Pfam_38.2_PF00367_seed,D2NPQ2_ROTMD/8-39,ea0486f55954caf263c0c5bf324f1630c7ce9f5b878c2a9f38d827f5337917d2
NEG_PF00367_cfb505ca6b6ac2649b3a,EIIB_cfb505ca6b6ac264,EIIB_cfb505ca6b6ac264,FINAL_HOLDOUT,HARD_NEGATIVE,,LITERATURE_EXCLUDED_FALSE_HOMOLOG_FAMILY,Pfam_38.2_PF00367_seed,Q65CQ4_BACLD/384-417,085a11d22505d968400760c1645fce82728c86dc8ef1bc6e726d3284ae592883
NEG_PF00367_d0b13bd1e5f2a2e6c21e,EIIB_d0b13bd1e5f2a2e6,EIIB_d0b13bd1e5f2a2e6,CALIBRATION,HARD_NEGATIVE,,LITERATURE_EXCLUDED_FALSE_HOMOLOG_FAMILY,Pfam_38.2_PF00367_seed,W6SEY8_9CLOT/476-508,3fe64a573ba47024fb5300d38ec0a61801f40695016fd585632ed7e42e56386d
NEG_PF00367_d147bc4b2f8ea97b0dd4,EIIB_d147bc4b2f8ea97b,EIIB_d147bc4b2f8ea97b,FINAL_HOLDOUT,HARD_NEGATIVE,,LITERATURE_EXCLUDED_FALSE_HOMOLOG_FAMILY,Pfam_38.2_PF00367_seed,D7BKI0_ARCHD/8-40,0bf1eacb5a0e57b2215f205a1968e89e4e54d5da1ee3851ea5b9e3443e7b864b
NEG_PF00367_d1e50eccebc546930298,EIIB_d1e50eccebc54693,EIIB_d1e50eccebc54693,FINAL_HOLDOUT,HARD_NEGATIVE,,LITERATURE_EXCLUDED_FALSE_HOMOLOG_FAMILY,Pfam_38.2_PF00367_seed,F2I8H8_AERUA/8-40,d59c744d524645e8102576652eef3a9d4625b40c8c33b6e712fbc159f31524f6
NEG_PF00367_d21a2dcf7ab7a9962a95,EIIB_d21a2dcf7ab7a996,EIIB_d21a2dcf7ab7a996,FINAL_HOLDOUT,HARD_NEGATIVE,,LITERATURE_EXCLUDED_FALSE_HOMOLOG_FAMILY,Pfam_38.2_PF00367_seed,C9AA80_ENTCA/397-429,edc32e0854ba401afc9921c2067a45f41e1d2bfef007e01ef66b56d7863f8d0c
NEG_PF00367_d33d35831f770d59a1de,EIIB_d33d35831f770d59,EIIB_d33d35831f770d59,FINAL_HOLDOUT,HARD_NEGATIVE,,LITERATURE_EXCLUDED_FALSE_HOMOLOG_FAMILY,Pfam_38.2_PF00367_seed,Q65P56_BACLD/12-45,11cdb1b125ed3fc7c5238c7f301d34d7dbfd9d8abcda7b6989d307187feef39c
NEG_PF00367_d352d59a45194adbc0a2,EIIB_d352d59a45194adb,EIIB_d352d59a45194adb,FINAL_HOLDOUT,HARD_NEGATIVE,,LITERATURE_EXCLUDED_FALSE_HOMOLOG_FAMILY,Pfam_38.2_PF00367_seed,C4LCU9_TOLAT/396-429,6d7cd66497ffb7ff011a1feaf944ca323b021ea993a4c9fc341c5a1b85748054
NEG_PF00367_d46d16e71765e1c626e3,EIIB_d46d16e71765e1c6,EIIB_d46d16e71765e1c6,FINAL_HOLDOUT,HARD_NEGATIVE,,LITERATURE_EXCLUDED_FALSE_HOMOLOG_FAMILY,Pfam_38.2_PF00367_seed,Q9KF24_HALH5/380-413,3fc00dea6c7cb4877795f526c8370e7905f075d26ba0f7ce43f810915888c271
NEG_PF00367_d46d2d8b79d6d6824323,EIIB_d46d2d8b79d6d682,EIIB_d46d2d8b79d6d682,FINAL_HOLDOUT,HARD_NEGATIVE,,LITERATURE_EXCLUDED_FALSE_HOMOLOG_FAMILY,Pfam_38.2_PF00367_seed,Q182J8_CLOD6/443-475,51ad2a7e4fefe95e5882b2045dccbd97bd5185f3a34bd295b56854fa4f5a986f
NEG_PF00367_d5498b78c60c829b45f4,EIIB_d5498b78c60c829b,EIIB_d5498b78c60c829b,FINAL_HOLDOUT,HARD_NEGATIVE,,LITERATURE_EXCLUDED_FALSE_HOMOLOG_FAMILY,Pfam_38.2_PF00367_seed,F4H5U4_CELFA/5-38,c23a6eee1b1999d94b1fb8ce267e4266add6ba2e47664a0f9817fc21a5caa8d4
NEG_PF00367_d55064aad59f5e704eec,EIIB_d55064aad59f5e70,EIIB_d55064aad59f5e70,FINAL_HOLDOUT,HARD_NEGATIVE,,LITERATURE_EXCLUDED_FALSE_HOMOLOG_FAMILY,Pfam_38.2_PF00367_seed,W0HQE0_9GAMM/30-62,16e9ca8bde8115d646c26b2cd05e193529fd4ff1b1a88bcaeab1e1e6872ce233
NEG_PF00367_d593723851847eaab5d2,EIIB_d593723851847eaa,EIIB_d593723851847eaa,CALIBRATION,HARD_NEGATIVE,,LITERATURE_EXCLUDED_FALSE_HOMOLOG_FAMILY,Pfam_38.2_PF00367_seed,D3FPW6_ALKPO/8-39,86cde259bb7b91e336c0b1aabbb064dd05cdec6ef31bc6919e6b711c0d8b41b0
NEG_PF00367_d60fce3a7adeb0c20e93,EIIB_d60fce3a7adeb0c2,EIIB_d60fce3a7adeb0c2,FINAL_HOLDOUT,HARD_NEGATIVE,,LITERATURE_EXCLUDED_FALSE_HOMOLOG_FAMILY,Pfam_38.2_PF00367_seed,M1ML44_9CLOT/456-487,50f09e58ada37e739bf27f46a2b8e15850f339a70998c6ae47b179a2924e86a2
NEG_PF00367_d6341b40e3d10360fbb6,EIIB_d6341b40e3d10360,EIIB_d6341b40e3d10360,CALIBRATION,HARD_NEGATIVE,,LITERATURE_EXCLUDED_FALSE_HOMOLOG_FAMILY,Pfam_38.2_PF00367_seed,W6A9Y2_9MOLU/12-45,f5fb4f9c88f7494c29c2f4f17c6e2dd1509434dc7d6c63948ddbb90714cfac11
NEG_PF00367_d65d128012881e23e239,EIIB_d65d128012881e23,EIIB_d65d128012881e23,FINAL_HOLDOUT,HARD_NEGATIVE,,LITERATURE_EXCLUDED_FALSE_HOMOLOG_FAMILY,Pfam_38.2_PF00367_seed,Q6F0J7_MESFL/181-214,35599f3f1af85cd2b81605a8b772ff732c377c7e041ded36f13b34647aa0fc19
NEG_PF00367_d6ac290c0a742efbea35,EIIB_d6ac290c0a742efb,EIIB_d6ac290c0a742efb,FINAL_HOLDOUT,HARD_NEGATIVE,,LITERATURE_EXCLUDED_FALSE_HOMOLOG_FAMILY,Pfam_38.2_PF00367_seed,N0AVP0_9BACI/433-465,27a9aff5593d425c3c36a09d5fb4bc4e58ef98e8fdaa9ff9c01a62a101f75f8b
NEG_PF00367_d81026afd75b07554447,EIIB_d81026afd75b0755,EIIB_d81026afd75b0755,FINAL_HOLDOUT,HARD_NEGATIVE,,LITERATURE_EXCLUDED_FALSE_HOMOLOG_FAMILY,Pfam_38.2_PF00367_seed,C4LKR4_CORK4/8-41,93d2791029946e0f65584b5734861645afc52808cc0de389596f4270f18c34db
NEG_PF00367_d84786cfb9f7b89c45bb,EIIB_d84786cfb9f7b89c,EIIB_d84786cfb9f7b89c,FINAL_HOLDOUT,HARD_NEGATIVE,,LITERATURE_EXCLUDED_FALSE_HOMOLOG_FAMILY,Pfam_38.2_PF00367_seed,W6AGY4_9MOLU/184-217,261d59398dce684ccf3bddb4f5c11f90d51b82fb2fa8b49da94b8efd00f5c5f6
NEG_PF00367_d8db2d2bfc756d5c7ccc,EIIB_d8db2d2bfc756d5c,EIIB_d8db2d2bfc756d5c,CALIBRATION,HARD_NEGATIVE,,LITERATURE_EXCLUDED_FALSE_HOMOLOG_FAMILY,Pfam_38.2_PF00367_seed,Q8Y3P7_LISMO/11-42,b243b40119dab6219e0cf72729e684e83a78c8b4279b5169555d831a8dc6627e
NEG_PF00367_d98aee5deb94e634b41b,EIIB_d98aee5deb94e634,EIIB_d98aee5deb94e634,CALIBRATION,HARD_NEGATIVE,,LITERATURE_EXCLUDED_FALSE_HOMOLOG_FAMILY,Pfam_38.2_PF00367_seed,F9VDV5_LACGL/409-441,651a157012561ed7cdd4474acd696f92342ea4de7126933a48ae7f87d53758cc
NEG_PF00367_da9ff04693b1ae7d8813,EIIB_da9ff04693b1ae7d,EIIB_da9ff04693b1ae7d,CALIBRATION,HARD_NEGATIVE,,LITERATURE_EXCLUDED_FALSE_HOMOLOG_FAMILY,Pfam_38.2_PF00367_seed,M1N7N6_9CLOT/8-41,81db8da777d187f51bca21ca5602cbb994bc0f4b160a5ca7462e37b4dd24cd67
NEG_PF00367_daf27496da547519f13d,EIIB_daf27496da547519,EIIB_daf27496da547519,FINAL_HOLDOUT,HARD_NEGATIVE,,LITERATURE_EXCLUDED_FALSE_HOMOLOG_FAMILY,Pfam_38.2_PF00367_seed,D2NRJ2_ROTMD/35-68,ed9bc12299dd18bf7273d05d5bde437d9350e4d5099c58da1367cd92afe3ec49
NEG_PF00367_db7489b0b3c6824b807e,EIIB_db7489b0b3c6824b,EIIB_db7489b0b3c6824b,FINAL_HOLDOUT,HARD_NEGATIVE,,LITERATURE_EXCLUDED_FALSE_HOMOLOG_FAMILY,Pfam_38.2_PF00367_seed,I0JRR5_HALH3/9-42,127edc6671c1fb8eea269699896a491a20e22b571496600db4b673caad40a1d6
NEG_PF00367_dbbd8b29608326daddce,EIIB_dbbd8b29608326da,EIIB_dbbd8b29608326da,CALIBRATION,HARD_NEGATIVE,,LITERATURE_EXCLUDED_FALSE_HOMOLOG_FAMILY,Pfam_38.2_PF00367_seed,W5USI1_9BACT/527-558,be61cb96e9c2488965509b5cb02e080b6de99e33d473c6b48d0e88734564c9b7
NEG_PF00367_dbde834418eb65eb06f2,EIIB_dbde834418eb65eb,EIIB_dbde834418eb65eb,CALIBRATION,HARD_NEGATIVE,,LITERATURE_EXCLUDED_FALSE_HOMOLOG_FAMILY,Pfam_38.2_PF00367_seed,Q6LRA9_PHOPR/391-424,b870be98b599532f45317b95635ff25169b31560be4c4c82143e9004c52cf339
NEG_PF00367_dc6ab7fcc7187cf0a6b6,EIIB_dc6ab7fcc7187cf0,EIIB_dc6ab7fcc7187cf0,FINAL_HOLDOUT,HARD_NEGATIVE,,LITERATURE_EXCLUDED_FALSE_HOMOLOG_FAMILY,Pfam_38.2_PF00367_seed,F2I8X7_AERUA/429-461,581f035d8654f15c1526d98f942bd0c20ff1dd5a62632fcabe0fe137186edd32
NEG_PF00367_dcf181ed2413dddde10f,EIIB_dcf181ed2413dddd,EIIB_dcf181ed2413dddd,CALIBRATION,HARD_NEGATIVE,,LITERATURE_EXCLUDED_FALSE_HOMOLOG_FAMILY,Pfam_38.2_PF00367_seed,K8GH19_9CYAN/473-505,10245f5df89cc0e2d524081060e150707873a9d6a2f84adf2cf00d34e9939346
NEG_PF00367_ddd779e00bc6c67d7eca,EIIB_ddd779e00bc6c67d,EIIB_ddd779e00bc6c67d,FINAL_HOLDOUT,HARD_NEGATIVE,,LITERATURE_EXCLUDED_FALSE_HOMOLOG_FAMILY,Pfam_38.2_PF00367_seed,E1QW14_OLSUV/461-493,67e3678b23ca186948fc0573ef78cef67db269dce2d792c2674556baf3b2c776
NEG_PF00367_deb36ec18bbf4941a216,EIIB_deb36ec18bbf4941,EIIB_deb36ec18bbf4941,FINAL_HOLDOUT,HARD_NEGATIVE,,LITERATURE_EXCLUDED_FALSE_HOMOLOG_FAMILY,Pfam_38.2_PF00367_seed,Q8DNS8_STRR6/8-41,563220cf7e874df587f36d06263daa12e9033ab22c9874e5aeba9e9890530ce1
NEG_PF00367_dee7e675b40bca5e4890,EIIB_dee7e675b40bca5e,EIIB_dee7e675b40bca5e,CALIBRATION,HARD_NEGATIVE,,LITERATURE_EXCLUDED_FALSE_HOMOLOG_FAMILY,Pfam_38.2_PF00367_seed,Q4A6Q4_MYCS5/589-622,f01b751868f137bd83b27ca7888ec9ff7a0022dc6146d697f64beb6b8235115c
NEG_PF00367_df1556665eb962b74436,EIIB_df1556665eb962b7,EIIB_df1556665eb962b7,CALIBRATION,HARD_NEGATIVE,,LITERATURE_EXCLUDED_FALSE_HOMOLOG_FAMILY,Pfam_38.2_PF00367_seed,Q9CFK9_LACLA/9-42,530cfa275c10a9fda6ab72646d42c20e0e7f5903d561c43ca79b164ec56fa765
NEG_PF00367_df905c45a89865c73bbd,EIIB_df905c45a89865c7,EIIB_df905c45a89865c7,CALIBRATION,HARD_NEGATIVE,,LITERATURE_EXCLUDED_FALSE_HOMOLOG_FAMILY,Pfam_38.2_PF00367_seed,F4H5U3_CELFA/10-43,8873f168ffc6084fc578bcfbb310855b5d5d1da86205947f4d24e8d4ef5f8a90
NEG_PF00367_dff11bcd426f093c9c67,EIIB_dff11bcd426f093c,EIIB_dff11bcd426f093c,FINAL_HOLDOUT,HARD_NEGATIVE,,LITERATURE_EXCLUDED_FALSE_HOMOLOG_FAMILY,Pfam_38.2_PF00367_seed,A0A415P0Z3_9FIRM/9-41,d2c841dde77ac9635809452249dbd2c5cacce06cffb16e966ce190dd75087a20
NEG_PF00367_e09bdc661d8830d197b0,EIIB_e09bdc661d8830d1,EIIB_e09bdc661d8830d1,CALIBRATION,HARD_NEGATIVE,,LITERATURE_EXCLUDED_FALSE_HOMOLOG_FAMILY,Pfam_38.2_PF00367_seed,I0JKD6_HALH3/10-43,5305e255aeecc14b88e78fdf5c9cec33144b76842939ad6ca3a44eff3e050e30
NEG_PF00367_e184df21556db790f0aa,EIIB_e184df21556db790,EIIB_e184df21556db790,FINAL_HOLDOUT,HARD_NEGATIVE,,LITERATURE_EXCLUDED_FALSE_HOMOLOG_FAMILY,Pfam_38.2_PF00367_seed,U5LED7_9BACI/10-43,3a10804683e439b013b2983e250de37ce513dab3439705f102552872bba04711
NEG_PF00367_e227d764c023a9351c57,EIIB_e227d764c023a935,EIIB_e227d764c023a935,FINAL_HOLDOUT,HARD_NEGATIVE,,LITERATURE_EXCLUDED_FALSE_HOMOLOG_FAMILY,Pfam_38.2_PF00367_seed,C4LGR7_CORK4/487-520,55530cfc9f4fe70df70f3aba2f963ee0f5b85641ed023fd8c64c7245f3febbed
NEG_PF00367_e250c8c1a32d1236bc7f,EIIB_e250c8c1a32d1236,EIIB_e250c8c1a32d1236,FINAL_HOLDOUT,HARD_NEGATIVE,,LITERATURE_EXCLUDED_FALSE_HOMOLOG_FAMILY,Pfam_38.2_PF00367_seed,C4LIB6_CORK4/12-43,e02e65d0a5cac6d08b90e1d1053d241acc7d1293d372489a18e444e521449701
NEG_PF00367_e2cf413b4a5b9acb2df8,EIIB_e2cf413b4a5b9acb,EIIB_e2cf413b4a5b9acb,FINAL_HOLDOUT,HARD_NEGATIVE,,LITERATURE_EXCLUDED_FALSE_HOMOLOG_FAMILY,Pfam_38.2_PF00367_seed,A1SSB1_PSYIN/10-43,da03500babcda621bef74567070efff445c46675616b0a022500d51b0f13cd7f
NEG_PF00367_e2d89edd5ce5509e013f,EIIB_e2d89edd5ce5509e,EIIB_e2d89edd5ce5509e,CALIBRATION,HARD_NEGATIVE,,LITERATURE_EXCLUDED_FALSE_HOMOLOG_FAMILY,Pfam_38.2_PF00367_seed,C0ZH74_BREBN/408-441,1594abd5a34b0a7f8b051e1c12825f0d68130f351e309580073942cd6366f6b7
NEG_PF00367_e2f4e4cbbaff66bd92af,EIIB_e2f4e4cbbaff66bd,EIIB_e2f4e4cbbaff66bd,CALIBRATION,HARD_NEGATIVE,,LITERATURE_EXCLUDED_FALSE_HOMOLOG_FAMILY,Pfam_38.2_PF00367_seed,W0RPZ0_9BACT/413-446,761268f7a05782a082e31554e736b325477cf3d6579d6773eacdfc0a4a200f81
NEG_PF00367_e3172f13b133fd230bad,EIIB_e3172f13b133fd23,EIIB_e3172f13b133fd23,FINAL_HOLDOUT,HARD_NEGATIVE,,LITERATURE_EXCLUDED_FALSE_HOMOLOG_FAMILY,Pfam_38.2_PF00367_seed,F9UUI6_LACPL/11-44,2f7e618565be08adbe4806454d0edcaf1a7bc3ae18f424634aef723b9cf46535
NEG_PF00367_e3a15777cab3e8f9ea73,EIIB_e3a15777cab3e8f9,EIIB_e3a15777cab3e8f9,CALIBRATION,HARD_NEGATIVE,,LITERATURE_EXCLUDED_FALSE_HOMOLOG_FAMILY,Pfam_38.2_PF00367_seed,Q6F133_MESFL/11-42,9bfa77c3c9f902ef140e0953a6441542f550a535a68eb5828b71e8d8db3620f5
NEG_PF00367_e3fd1ce3c4b192bb234a,EIIB_e3fd1ce3c4b192bb,EIIB_e3fd1ce3c4b192bb,CALIBRATION,HARD_NEGATIVE,,LITERATURE_EXCLUDED_FALSE_HOMOLOG_FAMILY,Pfam_38.2_PF00367_seed,F9UR54_LACPL/411-444,59404ea413e45735f2691e3501f600e71efe5a102591db03158cb8e247eb58f2
NEG_PF00367_e5b44035f36cde437d2c,EIIB_e5b44035f36cde43,EIIB_e5b44035f36cde43,FINAL_HOLDOUT,HARD_NEGATIVE,,LITERATURE_EXCLUDED_FALSE_HOMOLOG_FAMILY,Pfam_38.2_PF00367_seed,J7TY60_MORMO/453-484,d8a2d847d9e3f8784e47e6d415f48dde49afc1499d4a38b4af4385b0f0a647fe
NEG_PF00367_e5c8d7ae5eb46d98dcd1,EIIB_e5c8d7ae5eb46d98,EIIB_e5c8d7ae5eb46d98,CALIBRATION,HARD_NEGATIVE,,LITERATURE_EXCLUDED_FALSE_HOMOLOG_FAMILY,Pfam_38.2_PF00367_seed,F3YBV8_MELPT/9-42,46acb8c613b7090588908a28becd8b8b6253c5f02d5083c4e69614ca8b7d91a9
NEG_PF00367_e686bc3da0ceb5d2a1ef,EIIB_e686bc3da0ceb5d2,EIIB_e686bc3da0ceb5d2,CALIBRATION,HARD_NEGATIVE,,LITERATURE_EXCLUDED_FALSE_HOMOLOG_FAMILY,Pfam_38.2_PF00367_seed,Q65DN4_BACLD/8-41,4a9932a49146b6a5d6d9587fb5d58ecfb86e3aba6b14f8f6b3bfe25aeddcb14b
NEG_PF00367_e7dde8faf915a4a5149e,EIIB_e7dde8faf915a4a5,EIIB_e7dde8faf915a4a5,FINAL_HOLDOUT,HARD_NEGATIVE,,LITERATURE_EXCLUDED_FALSE_HOMOLOG_FAMILY,Pfam_38.2_PF00367_seed,U3U593_9ENTR/10-42,1f8f83c52d4d495a9b36ed1eee6b29caffd3b6defe90b3ed23296cf839cfff9c
NEG_PF00367_e81b9d36564416874db1,EIIB_e81b9d3656441687,EIIB_e81b9d3656441687,FINAL_HOLDOUT,HARD_NEGATIVE,,LITERATURE_EXCLUDED_FALSE_HOMOLOG_FAMILY,Pfam_38.2_PF00367_seed,C4LE35_TOLAT/8-41,221ea1e5c9689c57252ea3b737ee10e198a1fc907980804b44b92683365c63c3
NEG_PF00367_e9890044f2d2dc60655d,EIIB_e9890044f2d2dc60,EIIB_e9890044f2d2dc60,CALIBRATION,HARD_NEGATIVE,,LITERATURE_EXCLUDED_FALSE_HOMOLOG_FAMILY,Pfam_38.2_PF00367_seed,Q65NY6_BACLD/379-412,88aa21f0b8ab92f2b61430b64909db7abf2f2ef22cb511c7b0b3b2986b348d33
NEG_PF00367_e9ff141e621481313980,EIIB_e9ff141e62148131,EIIB_e9ff141e62148131,FINAL_HOLDOUT,HARD_NEGATIVE,,LITERATURE_EXCLUDED_FALSE_HOMOLOG_FAMILY,Pfam_38.2_PF00367_seed,PTXBC_STAEQ/9-42,047474dfdd5b931ed4851d07201316d5557174a97b129c906e27ee2ae5c6b4f6
NEG_PF00367_ea1849c96d537fbd1d74,EIIB_ea1849c96d537fbd,EIIB_ea1849c96d537fbd,CALIBRATION,HARD_NEGATIVE,,LITERATURE_EXCLUDED_FALSE_HOMOLOG_FAMILY,Pfam_38.2_PF00367_seed,F6EQL8_HOYSD/5-38,b1515b922e98a16da32777f21bc75dbac931e0207fdaa7d11df5be9e332468ea
NEG_PF00367_ea30946ff507f66349c2,EIIB_ea30946ff507f663,EIIB_ea30946ff507f663,FINAL_HOLDOUT,HARD_NEGATIVE,,LITERATURE_EXCLUDED_FALSE_HOMOLOG_FAMILY,Pfam_38.2_PF00367_seed,D1AVN8_STRM9/8-40,513ffedbeb6912174aaba3f73c105a238db18f1f2e9cc01b06b4c1629e5223a9
NEG_PF00367_ea47214cef1897bc60b2,EIIB_ea47214cef1897bc,EIIB_ea47214cef1897bc,CALIBRATION,HARD_NEGATIVE,,LITERATURE_EXCLUDED_FALSE_HOMOLOG_FAMILY,Pfam_38.2_PF00367_seed,Q5FJ26_LACAC/9-42,fa524baca7710f34eac72912452241a9bc69096de247b366ff2e429ed78d6ab3
NEG_PF00367_eb6b526d9b6ae0f4285c,EIIB_eb6b526d9b6ae0f4,EIIB_eb6b526d9b6ae0f4,FINAL_HOLDOUT,HARD_NEGATIVE,,LITERATURE_EXCLUDED_FALSE_HOMOLOG_FAMILY,Pfam_38.2_PF00367_seed,E6U329_ETHHY/8-40,f8f08965394370b19ed111d863a7929364aaac0b0d05758d491b0f5297278076
NEG_PF00367_eb71611ffe3b65ef60a4,EIIB_eb71611ffe3b65ef,EIIB_eb71611ffe3b65ef,FINAL_HOLDOUT,HARD_NEGATIVE,,LITERATURE_EXCLUDED_FALSE_HOMOLOG_FAMILY,Pfam_38.2_PF00367_seed,I4BWD9_ACEMN/439-471,ca5c57c0bab8514f5c31cb03107d98470710c0983c7674cf24a656c4a670f15e
NEG_PF00367_eb7cbe219ddf13fc6b29,EIIB_eb7cbe219ddf13fc,EIIB_eb7cbe219ddf13fc,FINAL_HOLDOUT,HARD_NEGATIVE,,LITERATURE_EXCLUDED_FALSE_HOMOLOG_FAMILY,Pfam_38.2_PF00367_seed,PTYBC_PHOLL/11-43,ecbdb748f8a4eab7d4071c8bae34be00efc947b3a8caad83be56d76335d2fccf
NEG_PF00367_ebed452d1c2fc5ef3060,EIIB_ebed452d1c2fc5ef,EIIB_ebed452d1c2fc5ef,FINAL_HOLDOUT,HARD_NEGATIVE,,LITERATURE_EXCLUDED_FALSE_HOMOLOG_FAMILY,Pfam_38.2_PF00367_seed,A1SS82_PSYIN/413-445,1ed8f5b504c3e7609b57133f68a14e10fb74398e058e9ee3a709c737e20ece15
NEG_PF00367_ebefeab7ee3fbbd8b9f1,EIIB_ebefeab7ee3fbbd8,EIIB_ebefeab7ee3fbbd8,CALIBRATION,HARD_NEGATIVE,,LITERATURE_EXCLUDED_FALSE_HOMOLOG_FAMILY,Pfam_38.2_PF00367_seed,O51000_BORBU/470-502,ffff32ac60a75bd0abbe8539abb1f7abdf17b3641ac5c8a19f5cbb66d7bed3b9
NEG_PF00367_ebfedafb66a77914b06b,EIIB_ebfedafb66a77914,EIIB_ebfedafb66a77914,FINAL_HOLDOUT,HARD_NEGATIVE,,LITERATURE_EXCLUDED_FALSE_HOMOLOG_FAMILY,Pfam_38.2_PF00367_seed,D7GHT4_PROFC/9-42,7c3cce0ed42a5d3b0e6aa97bff3626c0ca75774b962a91379cfbff3a5a22b57b
NEG_PF00367_ec11a1621b10399e9a04,EIIB_ec11a1621b10399e,EIIB_ec11a1621b10399e,FINAL_HOLDOUT,HARD_NEGATIVE,,LITERATURE_EXCLUDED_FALSE_HOMOLOG_FAMILY,Pfam_38.2_PF00367_seed,Q6D575_PECAS/10-43,62c3d49210203cc4f28a1fc421f4ce2565b2ab6bfe6bb4750a813ce0e7d95f60
NEG_PF00367_ed3914c2177cf6ef0a55,EIIB_ed3914c2177cf6ef,EIIB_ed3914c2177cf6ef,FINAL_HOLDOUT,HARD_NEGATIVE,,LITERATURE_EXCLUDED_FALSE_HOMOLOG_FAMILY,Pfam_38.2_PF00367_seed,K4QZ01_STRDJ/9-42,667ea0e2a62399764417119348585cb26dce25e12533760032a26b5d029b620c
NEG_PF00367_ed924632e1a43b5c07f8,EIIB_ed924632e1a43b5c,EIIB_ed924632e1a43b5c,CALIBRATION,HARD_NEGATIVE,,LITERATURE_EXCLUDED_FALSE_HOMOLOG_FAMILY,Pfam_38.2_PF00367_seed,D3FUH3_ALKPO/434-465,83ed01482bff4ae8baadecce25c1a447ca8e16cdffcf38922aa5bd4c15db3f2b
NEG_PF00367_ee13f1aad4328bc33822,EIIB_ee13f1aad4328bc3,EIIB_ee13f1aad4328bc3,FINAL_HOLDOUT,HARD_NEGATIVE,,LITERATURE_EXCLUDED_FALSE_HOMOLOG_FAMILY,Pfam_38.2_PF00367_seed,C7R2X2_JONDD/10-43,fa47a4ecf498b6f89ea8b723ded55382f1ebd317c3e1f97051a16ca87332ef96
NEG_PF00367_ee3a3d9296fdb10a7d94,EIIB_ee3a3d9296fdb10a,EIIB_ee3a3d9296fdb10a,CALIBRATION,HARD_NEGATIVE,,LITERATURE_EXCLUDED_FALSE_HOMOLOG_FAMILY,Pfam_38.2_PF00367_seed,F0RK48_DEIPM/10-43,2c8caf35e0d542bc7fdaaebe1e893165ea457b5308afcd97a72b17201af63b0e
NEG_PF00367_eec0ca49dc485966bd38,EIIB_eec0ca49dc485966,EIIB_eec0ca49dc485966,CALIBRATION,HARD_NEGATIVE,,LITERATURE_EXCLUDED_FALSE_HOMOLOG_FAMILY,Pfam_38.2_PF00367_seed,Q5KZ54_GEOKA/9-42,061f0f359e9341343d7aeb78961a7816787148b543de0ce33b60c9f3a826ab8d
NEG_PF00367_f056915d2d7ecb4afd46,EIIB_f056915d2d7ecb4a,EIIB_f056915d2d7ecb4a,CALIBRATION,HARD_NEGATIVE,,LITERATURE_EXCLUDED_FALSE_HOMOLOG_FAMILY,Pfam_38.2_PF00367_seed,D2BEQ7_STRRD/6-39,b15e2b561f5df3cee1210bac186fb3a41f1ea62fb751e3cff9149017fcca55c9
NEG_PF00367_f127a6b276cf6e17889c,EIIB_f127a6b276cf6e17,EIIB_f127a6b276cf6e17,FINAL_HOLDOUT,HARD_NEGATIVE,,LITERATURE_EXCLUDED_FALSE_HOMOLOG_FAMILY,Pfam_38.2_PF00367_seed,F2JGA8_CELLD/8-40,44a6c6609a2b90f54a38b40e52f49e4513b9ab11723b4eb752aabb97063837c1
NEG_PF00367_f1faff77c26ff2f2366b,EIIB_f1faff77c26ff2f2,EIIB_f1faff77c26ff2f2,CALIBRATION,HARD_NEGATIVE,,LITERATURE_EXCLUDED_FALSE_HOMOLOG_FAMILY,Pfam_38.2_PF00367_seed,A5IYB4_MYCAP/50-81,51dcfed8e1714d246413951b8c98cb0b45c5d12cc2281fec6966c0b969525c0c
NEG_PF00367_f235618db83308366390,EIIB_f235618db8330836,EIIB_f235618db8330836,FINAL_HOLDOUT,HARD_NEGATIVE,,LITERATURE_EXCLUDED_FALSE_HOMOLOG_FAMILY,Pfam_38.2_PF00367_seed,D3VAI4_XENNA/423-455,0649f0a43e146107b82609b033c1cc7a5677838ae089dedb2e76584b39d76cd7
NEG_PF00367_f26bc0ad9ea6e9494e6c,EIIB_f26bc0ad9ea6e949,EIIB_f26bc0ad9ea6e949,CALIBRATION,HARD_NEGATIVE,,LITERATURE_EXCLUDED_FALSE_HOMOLOG_FAMILY,Pfam_38.2_PF00367_seed,M4U8U6_9GAMM/381-414,7653f8778ed2d2af80558eb50ed0b3e50fd30b8dba9b451cd384586546cfcb11
NEG_PF00367_f2ae70838f6b360dca76,EIIB_f2ae70838f6b360d,EIIB_f2ae70838f6b360d,CALIBRATION,HARD_NEGATIVE,,LITERATURE_EXCLUDED_FALSE_HOMOLOG_FAMILY,Pfam_38.2_PF00367_seed,Q5WG90_SHOC1/392-425,2d32453537adb668c25e724ac41d1b4b250acbd61527a13047033823067d1fe1
NEG_PF00367_f3e85092a11e49b59b36,EIIB_f3e85092a11e49b5,EIIB_f3e85092a11e49b5,FINAL_HOLDOUT,HARD_NEGATIVE,,LITERATURE_EXCLUDED_FALSE_HOMOLOG_FAMILY,Pfam_38.2_PF00367_seed,K8EKM4_CARML/8-41,fada27b8846408a5c855bd13794ca55d6943fd15234edf75948195dc2fbd48f0
NEG_PF00367_f4b6237e682576f4e683,EIIB_f4b6237e682576f4,EIIB_f4b6237e682576f4,CALIBRATION,HARD_NEGATIVE,,LITERATURE_EXCLUDED_FALSE_HOMOLOG_FAMILY,Pfam_38.2_PF00367_seed,D1AF14_THECD/5-38,6bcf4189c1a02c65f50eef692482d72bbe9d3db8d1dfc7e15f541e6f7fc50f54
NEG_PF00367_f4c61c311e09753c5b0b,EIIB_f4c61c311e09753c,EIIB_f4c61c311e09753c,FINAL_HOLDOUT,HARD_NEGATIVE,,LITERATURE_EXCLUDED_FALSE_HOMOLOG_FAMILY,Pfam_38.2_PF00367_seed,Y367_BORBU/14-46,c89ae6c0bd385b4274bf69c20c29e1d14e72387d5b42061c3586fb7f95b7879f
NEG_PF00367_f50afbce05f81c454bbc,EIIB_f50afbce05f81c45,EIIB_f50afbce05f81c45,FINAL_HOLDOUT,HARD_NEGATIVE,,LITERATURE_EXCLUDED_FALSE_HOMOLOG_FAMILY,Pfam_38.2_PF00367_seed,Q8DS05_STRMU/481-512,f27dc5368b34be7e826de876fc85d6b3e2e3c2e4eda45df9fada2cb62ed193e2
NEG_PF00367_f5238e1459b8f154ef51,EIIB_f5238e1459b8f154,EIIB_f5238e1459b8f154,CALIBRATION,HARD_NEGATIVE,,LITERATURE_EXCLUDED_FALSE_HOMOLOG_FAMILY,Pfam_38.2_PF00367_seed,U5LG38_9BACI/8-40,f365d153b705459be28baa9a17e9f78d4f2decfa1aff188c4deb682840f4313c
NEG_PF00367_f5567d5a2f1669a83f6d,EIIB_f5567d5a2f1669a8,EIIB_f5567d5a2f1669a8,FINAL_HOLDOUT,HARD_NEGATIVE,,LITERATURE_EXCLUDED_FALSE_HOMOLOG_FAMILY,Pfam_38.2_PF00367_seed,G8PB16_PEDCP/11-44,e858adfd0275c3afa93885dca0b282d69216e304f1cef3a97d5c2f7152625173
NEG_PF00367_f58ab81057eb4684b9c8,EIIB_f58ab81057eb4684,EIIB_f58ab81057eb4684,CALIBRATION,HARD_NEGATIVE,,LITERATURE_EXCLUDED_FALSE_HOMOLOG_FAMILY,Pfam_38.2_PF00367_seed,U3U2Y9_9ENTR/10-43,7a136abed01f757f5fdc8d7018d29f31b9d995b8a52ab516f67d24c87cc2152d
NEG_PF00367_f5a5b88d6285b1702b25,EIIB_f5a5b88d6285b170,EIIB_f5a5b88d6285b170,CALIBRATION,HARD_NEGATIVE,,LITERATURE_EXCLUDED_FALSE_HOMOLOG_FAMILY,Pfam_38.2_PF00367_seed,D1AK75_SEBTE/386-417,e6a20c653a85400173d0249219f7f1ddfb41185fea095e6afa748ebe5a0c72e4
NEG_PF00367_f684e4365727b6cd62e7,EIIB_f684e4365727b6cd,EIIB_f684e4365727b6cd,CALIBRATION,HARD_NEGATIVE,,LITERATURE_EXCLUDED_FALSE_HOMOLOG_FAMILY,Pfam_38.2_PF00367_seed,Q5WG83_SHOC1/444-477,16568822e9f9c35f4ccdd657c105adc27dffeea1c07d71f8dac8842b94c45ae2
NEG_PF00367_f6ec57da1189528dc746,EIIB_f6ec57da1189528d,EIIB_f6ec57da1189528d,FINAL_HOLDOUT,HARD_NEGATIVE,,LITERATURE_EXCLUDED_FALSE_HOMOLOG_FAMILY,Pfam_38.2_PF00367_seed,S5MDV8_9MOLU/527-559,80a580697422c45a6bb7022845a6fc1d1bb6b40020a5c184f6aaaf81b779ea07
NEG_PF00367_f729cb2a01db218d31e9,EIIB_f729cb2a01db218d,EIIB_f729cb2a01db218d,FINAL_HOLDOUT,HARD_NEGATIVE,,LITERATURE_EXCLUDED_FALSE_HOMOLOG_FAMILY,Pfam_38.2_PF00367_seed,D1AGI5_SEBTE/477-508,28ef60c9ffe9598fe6166b4c3bb1e6d0da9a6441fb80fba95f520e669a0a0580
NEG_PF00367_f786676e4ab65db78ee0,EIIB_f786676e4ab65db7,EIIB_f786676e4ab65db7,CALIBRATION,HARD_NEGATIVE,,LITERATURE_EXCLUDED_FALSE_HOMOLOG_FAMILY,Pfam_38.2_PF00367_seed,Q8Y7L9_LISMO/9-42,8d5a5a5cc39384bdf49648ee5ec01f0d34e53038770fde7ec23f3b74a31ede77
NEG_PF00367_f7b58cb630dffb68d2c3,EIIB_f7b58cb630dffb68,EIIB_f7b58cb630dffb68,FINAL_HOLDOUT,HARD_NEGATIVE,,LITERATURE_EXCLUDED_FALSE_HOMOLOG_FAMILY,Pfam_38.2_PF00367_seed,Q8RIM8_FUSNN/416-448,8e4c8482e4cacda71a417748eae4b969b3ac6596cf8fb3cae7c5c8e719b57d32
NEG_PF00367_f81c1f9e83703ea50cef,EIIB_f81c1f9e83703ea5,EIIB_f81c1f9e83703ea5,FINAL_HOLDOUT,HARD_NEGATIVE,,LITERATURE_EXCLUDED_FALSE_HOMOLOG_FAMILY,Pfam_38.2_PF00367_seed,Q9KAS1_HALH5/10-42,1a530706049ce10f3cbb714710eb9149eef2c1139ff91e5eff4f47ef109a6460
NEG_PF00367_f8dd64d83976fb3c815c,EIIB_f8dd64d83976fb3c,EIIB_f8dd64d83976fb3c,FINAL_HOLDOUT,HARD_NEGATIVE,,LITERATURE_EXCLUDED_FALSE_HOMOLOG_FAMILY,Pfam_38.2_PF00367_seed,K0J516_AMPXN/9-41,c709822eaee3db042b28b9cbce573d120f79275d5242f9c2f900e56ab41d19e3
NEG_PF00367_f9026671a7b01c0da1ff,EIIB_f9026671a7b01c0d,EIIB_f9026671a7b01c0d,FINAL_HOLDOUT,HARD_NEGATIVE,,LITERATURE_EXCLUDED_FALSE_HOMOLOG_FAMILY,Pfam_38.2_PF00367_seed,W5W6G6_9PSEU/17-50,a041a5b417f3584717c94bc76f39719daf8032801e05a3479993548040d608a9
NEG_PF00367_f92f3cfd0fd9e8fc2d21,EIIB_f92f3cfd0fd9e8fc,EIIB_f92f3cfd0fd9e8fc,CALIBRATION,HARD_NEGATIVE,,LITERATURE_EXCLUDED_FALSE_HOMOLOG_FAMILY,Pfam_38.2_PF00367_seed,R4UMG7_9MOLU/48-80,604707328cb0e5bb1d3281ddd636b210b8a07d22e6e19a5daa3be514d7db3cd1
NEG_PF00367_f938fa0073d889a1b2ed,EIIB_f938fa0073d889a1,EIIB_f938fa0073d889a1,FINAL_HOLDOUT,HARD_NEGATIVE,,LITERATURE_EXCLUDED_FALSE_HOMOLOG_FAMILY,Pfam_38.2_PF00367_seed,Q9KFQ6_HALH5/382-415,35af2348ca3f3b79789fc7b335cefc9309eb40e9970d6ecec82114d4d8c491c7
NEG_PF00367_f976f18a17113392aca1,EIIB_f976f18a17113392,EIIB_f976f18a17113392,FINAL_HOLDOUT,HARD_NEGATIVE,,LITERATURE_EXCLUDED_FALSE_HOMOLOG_FAMILY,Pfam_38.2_PF00367_seed,Q8DQU0_STRR6/8-41,2e27bc0f025684b0fb88c285ddc9add03118a7dbebb236caeb5812c7d3b7e0a7
NEG_PF00367_f9975eb4eddfd87e41b9,EIIB_f9975eb4eddfd87e,EIIB_f9975eb4eddfd87e,CALIBRATION,HARD_NEGATIVE,,LITERATURE_EXCLUDED_FALSE_HOMOLOG_FAMILY,Pfam_38.2_PF00367_seed,A5I1G2_CLOBH/431-464,daee6e0ca79d28cef209d53d4ade441716428e205ea5312ffde2e500d8448163
NEG_PF00367_fa42e87c979ab5e78d7a,EIIB_fa42e87c979ab5e7,EIIB_fa42e87c979ab5e7,CALIBRATION,HARD_NEGATIVE,,LITERATURE_EXCLUDED_FALSE_HOMOLOG_FAMILY,Pfam_38.2_PF00367_seed,Q5FIF7_LACAC/12-44,93a928c6f8fe935b8ab544d5f7947dfcd9d0216a63a948e410e30e695e7b31df
NEG_PF00367_fbc527a4ac0f248df234,EIIB_fbc527a4ac0f248d,EIIB_fbc527a4ac0f248d,FINAL_HOLDOUT,HARD_NEGATIVE,,LITERATURE_EXCLUDED_FALSE_HOMOLOG_FAMILY,Pfam_38.2_PF00367_seed,Q0KEV8_CUPNH/391-423,1c2fb233d6ba1505488aab843053e798d03ae42635d8f94fb3d711c4c52df810
NEG_PF00367_fc15f8c368e0f9f4a3a0,EIIB_fc15f8c368e0f9f4,EIIB_fc15f8c368e0f9f4,CALIBRATION,HARD_NEGATIVE,,LITERATURE_EXCLUDED_FALSE_HOMOLOG_FAMILY,Pfam_38.2_PF00367_seed,A9KSA8_LACP7/458-490,823f01f0a372ea431d97e43a0db1c6bf6811452c7977f3983505a88fb4a260bf
NEG_PF00367_fc4648e070bcd8ca1939,EIIB_fc4648e070bcd8ca,EIIB_fc4648e070bcd8ca,FINAL_HOLDOUT,HARD_NEGATIVE,,LITERATURE_EXCLUDED_FALSE_HOMOLOG_FAMILY,Pfam_38.2_PF00367_seed,K8EE02_CARML/8-41,ae813e1a936632a18ca74d48a73d06fab411527c92d221242d7e74cc82b5faf3
NEG_PF00367_fcc0994c1acb698b1b39,EIIB_fcc0994c1acb698b,EIIB_fcc0994c1acb698b,CALIBRATION,HARD_NEGATIVE,,LITERATURE_EXCLUDED_FALSE_HOMOLOG_FAMILY,Pfam_38.2_PF00367_seed,Q839X2_ENTFA/450-482,5b2e73b3cd63b731aafa60e02a4fc65544d05a46d6fc4a1648029a753f5a8603
NEG_PF00367_fcca4cfd21167b095288,EIIB_fcca4cfd21167b09,EIIB_fcca4cfd21167b09,FINAL_HOLDOUT,HARD_NEGATIVE,,LITERATURE_EXCLUDED_FALSE_HOMOLOG_FAMILY,Pfam_38.2_PF00367_seed,W6RV53_9CLOT/8-41,c7808e3c7c57cf65c4249c44ace20cdaf352b72ae3d669f5bd11110493398075
NEG_PF00367_fcd1a5e35888ccbaebd1,EIIB_fcd1a5e35888ccba,EIIB_fcd1a5e35888ccba,FINAL_HOLDOUT,HARD_NEGATIVE,,LITERATURE_EXCLUDED_FALSE_HOMOLOG_FAMILY,Pfam_38.2_PF00367_seed,L0EDL1_THECK/392-423,67e32e0304e3ca8eb01b26f19cb76d6c7472bd7a2b8f4502383f2e3e6d894eb0
NEG_PF00367_fda7586b5a2cd242331f,EIIB_fda7586b5a2cd242,EIIB_fda7586b5a2cd242,FINAL_HOLDOUT,HARD_NEGATIVE,,LITERATURE_EXCLUDED_FALSE_HOMOLOG_FAMILY,Pfam_38.2_PF00367_seed,E6TS62_EVAC2/438-470,2690c7d9ba6f5ee63972a19e3b8283e3eed5395421cbb3e5f5118eb32c3e241e
NEG_PF00367_fdaff8e7cc1c72892814,EIIB_fdaff8e7cc1c7289,EIIB_fdaff8e7cc1c7289,CALIBRATION,HARD_NEGATIVE,,LITERATURE_EXCLUDED_FALSE_HOMOLOG_FAMILY,Pfam_38.2_PF00367_seed,Q5WBD9_SHOC1/8-41,4222973ee2174844a0b21be0432ea4a7d912de3f03ecedd31dd6868b20cd27b3
NEG_PF00367_fdc7432b3292cf364811,EIIB_fdc7432b3292cf36,EIIB_fdc7432b3292cf36,CALIBRATION,HARD_NEGATIVE,,LITERATURE_EXCLUDED_FALSE_HOMOLOG_FAMILY,Pfam_38.2_PF00367_seed,E6JZ93_PARDN/8-41,ff270d8cce4411ca89a817eb89e965719749cc31461edeae0d449a17aa64c83f
NEG_PF00367_fe20c5d3821f6f1a5fec,EIIB_fe20c5d3821f6f1a,EIIB_fe20c5d3821f6f1a,CALIBRATION,HARD_NEGATIVE,,LITERATURE_EXCLUDED_FALSE_HOMOLOG_FAMILY,Pfam_38.2_PF00367_seed,Q6MSM2_MYCMS/31-64,db2aa0f84f0496473a4e87558744d80d161233d4d114c171f42a5ccaad903dae
NEG_PF00367_fe2f96e971181783472b,EIIB_fe2f96e971181783,EIIB_fe2f96e971181783,CALIBRATION,HARD_NEGATIVE,,LITERATURE_EXCLUDED_FALSE_HOMOLOG_FAMILY,Pfam_38.2_PF00367_seed,Q5E419_ALIF1/401-434,1d18d824f437f1daa2287a4ebaa4b8065681324ea4bb608d7d778da77ea1c313
NEG_PF00367_fe5ad205429185cec953,EIIB_fe5ad205429185ce,EIIB_fe5ad205429185ce,CALIBRATION,HARD_NEGATIVE,,LITERATURE_EXCLUDED_FALSE_HOMOLOG_FAMILY,Pfam_38.2_PF00367_seed,E4RNU9_HALHG/397-429,2950df057b823c81c79db465a482ceeb2e263a249aa3989006493bcb7ff47421
NEG_PF00367_fe9e93436eb49b710493,EIIB_fe9e93436eb49b71,EIIB_fe9e93436eb49b71,CALIBRATION,HARD_NEGATIVE,,LITERATURE_EXCLUDED_FALSE_HOMOLOG_FAMILY,Pfam_38.2_PF00367_seed,X1W3M2_CLOD6/8-41,b1ac5b74664559bb69442bcd6f3fdcfa52993b21dd18ad32941a97480d3b1762
NEG_PF00367_ff11e908a593e886a101,EIIB_ff11e908a593e886,EIIB_ff11e908a593e886,FINAL_HOLDOUT,HARD_NEGATIVE,,LITERATURE_EXCLUDED_FALSE_HOMOLOG_FAMILY,Pfam_38.2_PF00367_seed,A5I5S4_CLOBH/406-439,86c4d31fd2134f006d11594658e387e69a98d9c02385415bb12f349bae766ba3
NEG_PF00367_ff1e071d072319de9fc8,EIIB_ff1e071d072319de,EIIB_ff1e071d072319de,FINAL_HOLDOUT,HARD_NEGATIVE,,LITERATURE_EXCLUDED_FALSE_HOMOLOG_FAMILY,Pfam_38.2_PF00367_seed,Q6LGY6_PHOPR/406-439,48361c1b8a172c804ba5308d836727bfaa70cb743d198f42e13c80bc3d2ed83c
NEG_PF00367_ffccb78823846ca7f416,EIIB_ffccb78823846ca7,EIIB_ffccb78823846ca7,FINAL_HOLDOUT,HARD_NEGATIVE,,LITERATURE_EXCLUDED_FALSE_HOMOLOG_FAMILY,Pfam_38.2_PF00367_seed,PTYBC_ALIF1/10-43,81df7fd9b55a46d8504a16c3906dad8df2d8c84bd8d3af58c1d4244827d606e4
NEG_PF01634_01d38b78f00ed1e93904,HISG_01d38b78f00ed1e9,HISG_01d38b78f00ed1e9,CALIBRATION,HARD_NEGATIVE,,LITERATURE_EXCLUDED_FALSE_HOMOLOG_FAMILY,Pfam_38.2_PF01634_seed,D7BG97_ALLS1/55-204,1c9639bef7c7fc49d8c2b9bc6aab0f60c3c9e17b8ef27763f21130bc3a3e876b
NEG_PF01634_01e76c736c54c8e79837,HISG_01e76c736c54c8e7,HISG_01e76c736c54c8e7,CALIBRATION,HARD_NEGATIVE,,LITERATURE_EXCLUDED_FALSE_HOMOLOG_FAMILY,Pfam_38.2_PF01634_seed,Q3ICE9_PSET1/54-219,c149a67a752914b3c03c6650c2f31fced17e7a687dd3f89eb2314188ca79a376
NEG_PF01634_0218e1664ae77f9792fa,HISG_0218e1664ae77f97,HISG_0218e1664ae77f97,CALIBRATION,HARD_NEGATIVE,,LITERATURE_EXCLUDED_FALSE_HOMOLOG_FAMILY,Pfam_38.2_PF01634_seed,A6GY81_FLAPJ/51-206,6f8231aac8494d48127621ebb216a55c1dff4e6ec1e025df024fcdb99b90fb9e
NEG_PF01634_02e3e63f1058c8e4371b,HISG_02e3e63f1058c8e4,HISG_02e3e63f1058c8e4,CALIBRATION,HARD_NEGATIVE,,LITERATURE_EXCLUDED_FALSE_HOMOLOG_FAMILY,Pfam_38.2_PF01634_seed,J9Z1S5_9PROT/65-216,f47f149a402052eba15ec2bdce451eb822a8c4931e78ac1ade21bbb24a02e871
NEG_PF01634_042345f4c7ba08e6212c,HISG_042345f4c7ba08e6,HISG_042345f4c7ba08e6,FINAL_HOLDOUT,HARD_NEGATIVE,,LITERATURE_EXCLUDED_FALSE_HOMOLOG_FAMILY,Pfam_38.2_PF01634_seed,E8U9Q3_DEIML/53-202,8b077d420209382bf2bf9f82d3a677026ee86cc10607ec833c23e3c22af09d10
NEG_PF01634_04787a1106cdb4b36e8b,HISG_04787a1106cdb4b3,HISG_04787a1106cdb4b3,CALIBRATION,HARD_NEGATIVE,,LITERATURE_EXCLUDED_FALSE_HOMOLOG_FAMILY,Pfam_38.2_PF01634_seed,D0LZH8_HALO1/61-215,9d92e1b971118c7728f399968af932d952cceac577d3596f6a3dc2bec6d2f720
NEG_PF01634_04b951bf07e4c426fa9d,HISG_04b951bf07e4c426,HISG_04b951bf07e4c426,CALIBRATION,HARD_NEGATIVE,,LITERATURE_EXCLUDED_FALSE_HOMOLOG_FAMILY,Pfam_38.2_PF01634_seed,C0QR65_PERMH/57-211,fa50572fd18fbe32d485a30370e1db385a925701f8585e2bccc332f596838ba9
NEG_PF01634_0519a6489fbd5a53a1f6,HISG_0519a6489fbd5a53,HISG_0519a6489fbd5a53,CALIBRATION,HARD_NEGATIVE,,LITERATURE_EXCLUDED_FALSE_HOMOLOG_FAMILY,Pfam_38.2_PF01634_seed,E6S902_INTC7/49-202,ca1b1a01fd297460bf7c71f67091a533455bf5cf145b1ea763899ee3e6534795
NEG_PF01634_0561a7a7d911cde26934,HISG_0561a7a7d911cde2,HISG_0561a7a7d911cde2,CALIBRATION,HARD_NEGATIVE,,LITERATURE_EXCLUDED_FALSE_HOMOLOG_FAMILY,Pfam_38.2_PF01634_seed,HIS1_SACEN/49-203,c53c2cb4968fcf35d979cf2c17f16070220232f5364b330571da2f2f25d546c4
NEG_PF01634_0622b9db248cad48930c,HISG_0622b9db248cad48,HISG_0622b9db248cad48,CALIBRATION,HARD_NEGATIVE,,LITERATURE_EXCLUDED_FALSE_HOMOLOG_FAMILY,Pfam_38.2_PF01634_seed,Q2J4Y0_FRACC/50-204,e32f9a6a925971113ff4be9d65797a84426652081f3eb2e91698e31267da736d
NEG_PF01634_0645728b873713619b6f,HISG_0645728b87371361,HISG_0645728b87371361,CALIBRATION,HARD_NEGATIVE,,LITERATURE_EXCLUDED_FALSE_HOMOLOG_FAMILY,Pfam_38.2_PF01634_seed,A0LQL9_SYNFM/50-212,23d4479b12aa1b19528949d988946d469d7113745e9004384254598154683471
NEG_PF01634_06eb2decdad00727b2ce,HISG_06eb2decdad00727,HISG_06eb2decdad00727,CALIBRATION,HARD_NEGATIVE,,LITERATURE_EXCLUDED_FALSE_HOMOLOG_FAMILY,Pfam_38.2_PF01634_seed,S6BF11_9GAMM/56-208,92042155544dc4c6822d104ecdb12f04a779940cdb6528773d7da75a804be4b3
NEG_PF01634_078c35b20b755c50e642,HISG_078c35b20b755c50,HISG_078c35b20b755c50,CALIBRATION,HARD_NEGATIVE,,LITERATURE_EXCLUDED_FALSE_HOMOLOG_FAMILY,Pfam_38.2_PF01634_seed,B8ER28_METSB/55-230,e022580fcbc029c5e381b9f4741b530ab6810a765ec934efc19d7b91db67faa8
NEG_PF01634_07970b35a95989328232,HISG_07970b35a9598932,HISG_07970b35a9598932,CALIBRATION,HARD_NEGATIVE,,LITERATURE_EXCLUDED_FALSE_HOMOLOG_FAMILY,Pfam_38.2_PF01634_seed,F9Z997_ODOSD/51-206,acf08920d4a59e7f97f43f681a0260eb77386c52f7f37e2ada1cd67cb5fe4317
NEG_PF01634_07dbe33b5a1238855835,HISG_07dbe33b5a123885,HISG_07dbe33b5a123885,CALIBRATION,HARD_NEGATIVE,,LITERATURE_EXCLUDED_FALSE_HOMOLOG_FAMILY,Pfam_38.2_PF01634_seed,B2ICW8_BEII9/58-233,32cf6a32089b9131e4eb9757711c07173fab3750452e8f0c490891fc8834afa5
NEG_PF01634_0858304f40191379cd6d,HISG_0858304f40191379,HISG_0858304f40191379,FINAL_HOLDOUT,HARD_NEGATIVE,,LITERATURE_EXCLUDED_FALSE_HOMOLOG_FAMILY,Pfam_38.2_PF01634_seed,K1W141_TRIAC/101-266,5397cc2a2935583cf718cb1cb3b9a850478cc66ec070c2086bc2110784d05dfa
NEG_PF01634_085907a012feddc21319,HISG_085907a012feddc2,HISG_085907a012feddc2,CALIBRATION,HARD_NEGATIVE,,LITERATURE_EXCLUDED_FALSE_HOMOLOG_FAMILY,Pfam_38.2_PF01634_seed,E9E3Y1_METAQ/44-243,e9ed5a675a1c05c2bf9eb072c7955ed2462a6d6b0af68160249d4dd74d69970e
NEG_PF01634_085cc1da2ed5e0ab29a1,HISG_085cc1da2ed5e0ab,HISG_085cc1da2ed5e0ab,CALIBRATION,HARD_NEGATIVE,,LITERATURE_EXCLUDED_FALSE_HOMOLOG_FAMILY,Pfam_38.2_PF01634_seed,K9ZYM5_DEIPD/67-216,c777a2c510d42a2df95af4acf7e4be4ee8f0a51543c89e28bcc8625377f86f44
NEG_PF01634_094c3f6ad3f9356065a7,HISG_094c3f6ad3f93560,HISG_094c3f6ad3f93560,FINAL_HOLDOUT,HARD_NEGATIVE,,LITERATURE_EXCLUDED_FALSE_HOMOLOG_FAMILY,Pfam_38.2_PF01634_seed,V5I274_BYSSN/61-228,b38e2cb79cd17e205563d4ffaf8b3d6327f0b220dd298d984d12d8b867f8d2ca
NEG_PF01634_0a4c52e1b8134cc4159e,HISG_0a4c52e1b8134cc4,HISG_0a4c52e1b8134cc4,FINAL_HOLDOUT,HARD_NEGATIVE,,LITERATURE_EXCLUDED_FALSE_HOMOLOG_FAMILY,Pfam_38.2_PF01634_seed,G2Q1H3_THET4/58-253,e646310ba8785f746a668a608af340772c4c0fdddf6bf1826aa9d2ce4fb706ee
NEG_PF01634_0c7d6f6a253b4e7c3511,HISG_0c7d6f6a253b4e7c,HISG_0c7d6f6a253b4e7c,FINAL_HOLDOUT,HARD_NEGATIVE,,LITERATURE_EXCLUDED_FALSE_HOMOLOG_FAMILY,Pfam_38.2_PF01634_seed,HIS1_ALKEH/56-208,7da828a022dc5dafce28f0a523a647e7862ae8b0eb1fc55c0720203679015b1e
NEG_PF01634_0d3477e2b26c5c423e26,HISG_0d3477e2b26c5c42,HISG_0d3477e2b26c5c42,FINAL_HOLDOUT,HARD_NEGATIVE,,LITERATURE_EXCLUDED_FALSE_HOMOLOG_FAMILY,Pfam_38.2_PF01634_seed,HIS1_RHORT/63-220,9eae7ac3359eff383123e632d322c1fb54a836ba2599fc9dd80b4e02a193f4c1
NEG_PF01634_0d95b4761c0902dfc586,HISG_0d95b4761c0902df,HISG_0d95b4761c0902df,CALIBRATION,HARD_NEGATIVE,,LITERATURE_EXCLUDED_FALSE_HOMOLOG_FAMILY,Pfam_38.2_PF01634_seed,G0J319_CYCMS/52-207,673bcf9ca1f3334edcea11c36ae81e28229aedf9689ecedf795940ebfcd41af1
NEG_PF01634_0e26c3fe950302a9930f,HISG_0e26c3fe950302a9,HISG_0e26c3fe950302a9,CALIBRATION,HARD_NEGATIVE,,LITERATURE_EXCLUDED_FALSE_HOMOLOG_FAMILY,Pfam_38.2_PF01634_seed,HIS1_CHLPD/54-215,a77426510ff57cdbf058b4d33f21ad0b7951c59e46b3574bf18f505a3416e501
NEG_PF01634_0e3b936db6fbe7aedbe3,HISG_0e3b936db6fbe7ae,HISG_0e3b936db6fbe7ae,FINAL_HOLDOUT,HARD_NEGATIVE,,LITERATURE_EXCLUDED_FALSE_HOMOLOG_FAMILY,Pfam_38.2_PF01634_seed,C9SJI6_VERA1/65-261,693d7342fb0a41e59ea4ac600cdaa194c313a3d422bb9b82b340059d82aa4998
NEG_PF01634_0e6dfb4efb373cc361df,HISG_0e6dfb4efb373cc3,HISG_0e6dfb4efb373cc3,FINAL_HOLDOUT,HARD_NEGATIVE,,LITERATURE_EXCLUDED_FALSE_HOMOLOG_FAMILY,Pfam_38.2_PF01634_seed,B3PBM8_CELJU/65-217,3401ac5dd3d141aac0b0d3b91c114960900a6e69f605bced3738ab118e9f5df2
NEG_PF01634_0f5ea9745450c6fd6119,HISG_0f5ea9745450c6fd,HISG_0f5ea9745450c6fd,CALIBRATION,HARD_NEGATIVE,,LITERATURE_EXCLUDED_FALSE_HOMOLOG_FAMILY,Pfam_38.2_PF01634_seed,M4U4V9_9GAMM/53-218,fa55de5ff186525925f87d8ac4a6997908f08d9bab653e0c4dff354ea90ac555
NEG_PF01634_0fd3cccd7adbf6ad4d6f,HISG_0fd3cccd7adbf6ad,HISG_0fd3cccd7adbf6ad,FINAL_HOLDOUT,HARD_NEGATIVE,,LITERATURE_EXCLUDED_FALSE_HOMOLOG_FAMILY,Pfam_38.2_PF01634_seed,K0C551_CYCSP/51-203,7a9c06cf0ba88b438fbbf39f5b8a98c85eb19b86d93aa5ec548e81f0a3455894
NEG_PF01634_102e6bdf9775d0f2f8fc,HISG_102e6bdf9775d0f2,HISG_102e6bdf9775d0f2,FINAL_HOLDOUT,HARD_NEGATIVE,,LITERATURE_EXCLUDED_FALSE_HOMOLOG_FAMILY,Pfam_38.2_PF01634_seed,B2HFX4_MYCMM/51-207,6059f8251e1104593b25accbe4964e6f43a5de860dbb0482040529bc4d6ae071
NEG_PF01634_11cd3439cff229f27626,HISG_11cd3439cff229f2,HISG_11cd3439cff229f2,FINAL_HOLDOUT,HARD_NEGATIVE,,LITERATURE_EXCLUDED_FALSE_HOMOLOG_FAMILY,Pfam_38.2_PF01634_seed,G8JTQ0_ERECY/58-218,71aa7a0191f943da2f53ee5e3eda758504e641311d42571181690321e5d66e37
NEG_PF01634_11ee957e7a2182fab8c8,HISG_11ee957e7a2182fa,HISG_11ee957e7a2182fa,CALIBRATION,HARD_NEGATIVE,,LITERATURE_EXCLUDED_FALSE_HOMOLOG_FAMILY,Pfam_38.2_PF01634_seed,M3A5P7_PSEFD/77-253,e9f02a8a0aa35acb716088c2a17af4f85d11b369eb5dd63aee77255685397ea1
NEG_PF01634_127873e84c119d6b3e68,HISG_127873e84c119d6b,HISG_127873e84c119d6b,FINAL_HOLDOUT,HARD_NEGATIVE,,LITERATURE_EXCLUDED_FALSE_HOMOLOG_FAMILY,Pfam_38.2_PF01634_seed,S5SUH4_9CORY/48-201,674e8c5a62fe1f8145da5b8867129c9de36fd0dc82e2743551b9df7de213bf89
NEG_PF01634_13b9600cd65467971a32,HISG_13b9600cd6546797,HISG_13b9600cd6546797,FINAL_HOLDOUT,HARD_NEGATIVE,,LITERATURE_EXCLUDED_FALSE_HOMOLOG_FAMILY,Pfam_38.2_PF01634_seed,HIS1_PASMU/54-219,3b0a7e9b5d83cc1e5da6523f0b97d1affeb47b4a820a0fff6ccb465ae18cbb04
NEG_PF01634_13b9f3225ef828d1cdb3,HISG_13b9f3225ef828d1,HISG_13b9f3225ef828d1,CALIBRATION,HARD_NEGATIVE,,LITERATURE_EXCLUDED_FALSE_HOMOLOG_FAMILY,Pfam_38.2_PF01634_seed,HIS1_CITBB/54-210,e07a5e9072618a78fa9ebb8c054218f660b336a2199e5ac5d58100a69c2e0efd
NEG_PF01634_13fd2bb346d18e3676c7,HISG_13fd2bb346d18e36,HISG_13fd2bb346d18e36,FINAL_HOLDOUT,HARD_NEGATIVE,,LITERATURE_EXCLUDED_FALSE_HOMOLOG_FAMILY,Pfam_38.2_PF01634_seed,G4Q5L4_ACIIR/53-208,15a4740eb5b4a8be2d86dcad7f69c30f4377f3dc27119c92c69463f0b82a366e
NEG_PF01634_148dde878c9fc9453651,HISG_148dde878c9fc945,HISG_148dde878c9fc945,FINAL_HOLDOUT,HARD_NEGATIVE,,LITERATURE_EXCLUDED_FALSE_HOMOLOG_FAMILY,Pfam_38.2_PF01634_seed,G0EH85_PYRF1/52-209,9b3713c8286609bf4e91470e6de4da100ed26e10fc635de7120f8fe402f42599
NEG_PF01634_14d08e525e2c7b600326,HISG_14d08e525e2c7b60,HISG_14d08e525e2c7b60,FINAL_HOLDOUT,HARD_NEGATIVE,,LITERATURE_EXCLUDED_FALSE_HOMOLOG_FAMILY,Pfam_38.2_PF01634_seed,I4EZ95_9ACTN/49-209,ee144c1cc6eabcc42268ddbe348614ad66c399ba8ab02eb1b92ff03e52ab6ec6
NEG_PF01634_15d7171fbbacaaa1f5ea,HISG_15d7171fbbacaaa1,HISG_15d7171fbbacaaa1,FINAL_HOLDOUT,HARD_NEGATIVE,,LITERATURE_EXCLUDED_FALSE_HOMOLOG_FAMILY,Pfam_38.2_PF01634_seed,A8M907_CALMQ/47-203,43415a09f49142fefce14457682db8e0f48795677226ba77b615e1f897db1398
NEG_PF01634_1610240dac29cf7f17ee,HISG_1610240dac29cf7f,HISG_1610240dac29cf7f,CALIBRATION,HARD_NEGATIVE,,LITERATURE_EXCLUDED_FALSE_HOMOLOG_FAMILY,Pfam_38.2_PF01634_seed,A0A7G1HTY3_9BACT/49-204,8aefef91a577e89750267cd191c7e6aca78af4e654ceb332642c1d44b4a90643
NEG_PF01634_164942806afadb3e96c0,HISG_164942806afadb3e,HISG_164942806afadb3e,CALIBRATION,HARD_NEGATIVE,,LITERATURE_EXCLUDED_FALSE_HOMOLOG_FAMILY,Pfam_38.2_PF01634_seed,E1VHD3_9GAMM/54-206,90ea4db19ab806a9848cadb6c8a957a5d47a7bbc3fe886254e89345770321424
NEG_PF01634_16adef2e8d2422db33a3,HISG_16adef2e8d2422db,HISG_16adef2e8d2422db,CALIBRATION,HARD_NEGATIVE,,LITERATURE_EXCLUDED_FALSE_HOMOLOG_FAMILY,Pfam_38.2_PF01634_seed,K9Y7J2_HALP7/52-208,9aabfd4f4685a99057608deb99f0389c9e79352c310b0beffe7fd47ddb9d7428
NEG_PF01634_175f5283fd3ffaba7b60,HISG_175f5283fd3ffaba,HISG_175f5283fd3ffaba,CALIBRATION,HARD_NEGATIVE,,LITERATURE_EXCLUDED_FALSE_HOMOLOG_FAMILY,Pfam_38.2_PF01634_seed,A5G203_ACICJ/75-232,cbce7e106c3e6bd52e818c8a3a5302b6c0d80bf9a3e3c7ff39a49de86902c8ef
NEG_PF01634_184c4ecfe533ca33893f,HISG_184c4ecfe533ca33,HISG_184c4ecfe533ca33,FINAL_HOLDOUT,HARD_NEGATIVE,,LITERATURE_EXCLUDED_FALSE_HOMOLOG_FAMILY,Pfam_38.2_PF01634_seed,C6WII3_ACTMD/51-208,97eae8629d645531b357f4f302b9cf713227bc7dd0a318c744df0eb6dea51bce
NEG_PF01634_186950cb65da884bab61,HISG_186950cb65da884b,HISG_186950cb65da884b,FINAL_HOLDOUT,HARD_NEGATIVE,,LITERATURE_EXCLUDED_FALSE_HOMOLOG_FAMILY,Pfam_38.2_PF01634_seed,HIS1_HELHP/47-200,157e916f7a707c7dc3b2dd4bfdb112d65325b7ae1807b03dc6a0c804383fafac
NEG_PF01634_1899e1091ae8140e2afb,HISG_1899e1091ae8140e,HISG_1899e1091ae8140e,CALIBRATION,HARD_NEGATIVE,,LITERATURE_EXCLUDED_FALSE_HOMOLOG_FAMILY,Pfam_38.2_PF01634_seed,HIS1_CROS5/52-208,e969ce999616446e32688e98621be22d33442456273d303e5726288404009bb8
NEG_PF01634_18e86ee59da20ccf54c8,HISG_18e86ee59da20ccf,HISG_18e86ee59da20ccf,FINAL_HOLDOUT,HARD_NEGATIVE,,LITERATURE_EXCLUDED_FALSE_HOMOLOG_FAMILY,Pfam_38.2_PF01634_seed,HIS1_THEKO/44-197,cfb979c586ecff2f8af1db322ed534de081e6ac534a0f245285e49657f22e3f2
NEG_PF01634_1931c9a477c9ede68fff,HISG_1931c9a477c9ede6,HISG_1931c9a477c9ede6,FINAL_HOLDOUT,HARD_NEGATIVE,,LITERATURE_EXCLUDED_FALSE_HOMOLOG_FAMILY,Pfam_38.2_PF01634_seed,U6EDH5_9EURY/58-248,a376e021bfc4612a0ae01a65f37bf1d85ea39596f48da803d49c36fc3cc9eccd
NEG_PF01634_1940813ae46fd6255c0c,HISG_1940813ae46fd625,HISG_1940813ae46fd625,CALIBRATION,HARD_NEGATIVE,,LITERATURE_EXCLUDED_FALSE_HOMOLOG_FAMILY,Pfam_38.2_PF01634_seed,E8V603_TERSS/51-212,065d31024f2358cccb63fb08d01581e0468f0b0b45cf79b7fcbd4b4a91ce2651
NEG_PF01634_197e053bd98a3b10776c,HISG_197e053bd98a3b10,HISG_197e053bd98a3b10,CALIBRATION,HARD_NEGATIVE,,LITERATURE_EXCLUDED_FALSE_HOMOLOG_FAMILY,Pfam_38.2_PF01634_seed,M9SBR6_METAX/47-205,2254c8c6f3afc95a1d61576621520f034bb9e18628313bf9eab19a26e043b84e
NEG_PF01634_1a076819fb75d782d29e,HISG_1a076819fb75d782,HISG_1a076819fb75d782,FINAL_HOLDOUT,HARD_NEGATIVE,,LITERATURE_EXCLUDED_FALSE_HOMOLOG_FAMILY,Pfam_38.2_PF01634_seed,HIS1_NATPD/49-200,71ead46b1cadbbac96a48c0c144023a352c8ab1a2c892ede9429bf42bc66b890
NEG_PF01634_1a1d15084ecfc78800e4,HISG_1a1d15084ecfc788,HISG_1a1d15084ecfc788,FINAL_HOLDOUT,HARD_NEGATIVE,,LITERATURE_EXCLUDED_FALSE_HOMOLOG_FAMILY,Pfam_38.2_PF01634_seed,D2BHT1_DEHMV/296-464,73283963090985f734d51613f1340bdece157e3dcb9ad8b0abd00535283b8e49
NEG_PF01634_1a49a775983a0058627e,HISG_1a49a775983a0058,HISG_1a49a775983a0058,FINAL_HOLDOUT,HARD_NEGATIVE,,LITERATURE_EXCLUDED_FALSE_HOMOLOG_FAMILY,Pfam_38.2_PF01634_seed,D1B863_THEAS/48-204,985cb998ed32a651e5f8a05e715c4d91268d02cf716c8597127d898b14bfc9c2
NEG_PF01634_1a94f979d4f7ff118a46,HISG_1a94f979d4f7ff11,HISG_1a94f979d4f7ff11,CALIBRATION,HARD_NEGATIVE,,LITERATURE_EXCLUDED_FALSE_HOMOLOG_FAMILY,Pfam_38.2_PF01634_seed,S8DQG5_FOMSC/58-224,13b9b0d855d039643c461a5b3aea25d63b96847b2eb0b0fdca6755793ce28b7d
NEG_PF01634_1b25e7e4f7a5be621b2b,HISG_1b25e7e4f7a5be62,HISG_1b25e7e4f7a5be62,FINAL_HOLDOUT,HARD_NEGATIVE,,LITERATURE_EXCLUDED_FALSE_HOMOLOG_FAMILY,Pfam_38.2_PF01634_seed,D5UEV0_CELFN/49-203,370454e60287420b9f8c80400ac0486ed95b9a77c26be2f2134ac549bb081478
NEG_PF01634_1b6152accac7050f4cc9,HISG_1b6152accac7050f,HISG_1b6152accac7050f,FINAL_HOLDOUT,HARD_NEGATIVE,,LITERATURE_EXCLUDED_FALSE_HOMOLOG_FAMILY,Pfam_38.2_PF01634_seed,D7CV13_TRURR/55-204,6804edcc6573468ee67b1d5627475b0a5b5a39d3a7cff73bcfe486344410a095
NEG_PF01634_1b7191fb791137572827,HISG_1b7191fb79113757,HISG_1b7191fb79113757,CALIBRATION,HARD_NEGATIVE,,LITERATURE_EXCLUDED_FALSE_HOMOLOG_FAMILY,Pfam_38.2_PF01634_seed,L8FMH7_PSED2/58-250,e2ab8056dcecb806e449ae05fae3b7a93c98fa0139a88bed24a1a2a79b11905e
NEG_PF01634_1bcc7ea35762ae8c709c,HISG_1bcc7ea35762ae8c,HISG_1bcc7ea35762ae8c,FINAL_HOLDOUT,HARD_NEGATIVE,,LITERATURE_EXCLUDED_FALSE_HOMOLOG_FAMILY,Pfam_38.2_PF01634_seed,K9SSJ9_9SYNE/52-207,059956189a802bbf3f39dd0ae555419b363bab11d540c9506772025a7c47e0d1
NEG_PF01634_1c2e56f7d2195bffdaa6,HISG_1c2e56f7d2195bff,HISG_1c2e56f7d2195bff,FINAL_HOLDOUT,HARD_NEGATIVE,,LITERATURE_EXCLUDED_FALSE_HOMOLOG_FAMILY,Pfam_38.2_PF01634_seed,HIS1_CYTH3/52-207,ac0f301797ab06560516de27882e51a983e01f34653b3c4fa96a900258f5b022
NEG_PF01634_1cb431a3bf19d2f45186,HISG_1cb431a3bf19d2f4,HISG_1cb431a3bf19d2f4,CALIBRATION,HARD_NEGATIVE,,LITERATURE_EXCLUDED_FALSE_HOMOLOG_FAMILY,Pfam_38.2_PF01634_seed,D2UA33_XANAP/60-225,12ba6d9fa4223aed930ff751b66caea72f9b68edb12891f894ae5f813eaa8e45
NEG_PF01634_1cc62c4e9ecbb5207559,HISG_1cc62c4e9ecbb520,HISG_1cc62c4e9ecbb520,CALIBRATION,HARD_NEGATIVE,,LITERATURE_EXCLUDED_FALSE_HOMOLOG_FAMILY,Pfam_38.2_PF01634_seed,HIS1_PELTS/49-210,cc1050251cb29847b0bef67bbb92b3db06ab02fa4fa5f06f8780a9ab029d2e3f
NEG_PF01634_1d6a9c8ccd4a3918850d,HISG_1d6a9c8ccd4a3918,HISG_1d6a9c8ccd4a3918,FINAL_HOLDOUT,HARD_NEGATIVE,,LITERATURE_EXCLUDED_FALSE_HOMOLOG_FAMILY,Pfam_38.2_PF01634_seed,F0SHP7_RUBBR/52-213,aa3c0bf1c0f74c6ec9489b328528c124c0e234d3ee65229fa1930f814bb66f80
NEG_PF01634_1e366c9f3bf6351bf58e,HISG_1e366c9f3bf6351b,HISG_1e366c9f3bf6351b,CALIBRATION,HARD_NEGATIVE,,LITERATURE_EXCLUDED_FALSE_HOMOLOG_FAMILY,Pfam_38.2_PF01634_seed,H2FVX7_OCESG/53-218,a1b542a1afb8654fb67450aff4b3d398d8ba48f2b04b6555a3b048ef0aee7b8d
NEG_PF01634_1ed6e777221f436869db,HISG_1ed6e777221f4368,HISG_1ed6e777221f4368,FINAL_HOLDOUT,HARD_NEGATIVE,,LITERATURE_EXCLUDED_FALSE_HOMOLOG_FAMILY,Pfam_38.2_PF01634_seed,Q30VD7_OLEA2/54-216,f0dd3e698e259720608448539302a59e717e3c24dd5677784863a18248521a75
NEG_PF01634_1eda81748c3b7a3ca773,HISG_1eda81748c3b7a3c,HISG_1eda81748c3b7a3c,CALIBRATION,HARD_NEGATIVE,,LITERATURE_EXCLUDED_FALSE_HOMOLOG_FAMILY,Pfam_38.2_PF01634_seed,E6U7F5_ETHHY/53-206,7796c9c86eb49d1d6e3893447f1d0045891758a268317f16abbb9ad37c6cf5b8
NEG_PF01634_1eff31f8189d8c02d77d,HISG_1eff31f8189d8c02,HISG_1eff31f8189d8c02,CALIBRATION,HARD_NEGATIVE,,LITERATURE_EXCLUDED_FALSE_HOMOLOG_FAMILY,Pfam_38.2_PF01634_seed,G0GFT7_SPITZ/52-203,2f9abbc63ee732f628d92d3cbfaa414011ef831db0f111f7b623739adf950227
NEG_PF01634_1f24eac378ff3be0676f,HISG_1f24eac378ff3be0,HISG_1f24eac378ff3be0,CALIBRATION,HARD_NEGATIVE,,LITERATURE_EXCLUDED_FALSE_HOMOLOG_FAMILY,Pfam_38.2_PF01634_seed,HIS1_OCEIH/53-205,cd757a8892201a9ab8169e18392b204b8fbbf01285624a40e5446ea77d988c48
NEG_PF01634_1f527dd7d135c8766c8b,HISG_1f527dd7d135c876,HISG_1f527dd7d135c876,FINAL_HOLDOUT,HARD_NEGATIVE,,LITERATURE_EXCLUDED_FALSE_HOMOLOG_FAMILY,Pfam_38.2_PF01634_seed,B6K7N1_SCHJY/58-231,271a6e44eb6f243dfdab1174261c0e72bc198d2c36a54cffd8ce97c082d5a00b
NEG_PF01634_1f8787c398f249092353,HISG_1f8787c398f24909,HISG_1f8787c398f24909,CALIBRATION,HARD_NEGATIVE,,LITERATURE_EXCLUDED_FALSE_HOMOLOG_FAMILY,Pfam_38.2_PF01634_seed,D8LII4_ECTSI/63-221,1c0411a306010aecebf6ded8b3021cb735a8e678c47138347cb4c654cc8ba71b
NEG_PF01634_202ff8a71eccd4e667fe,HISG_202ff8a71eccd4e6,HISG_202ff8a71eccd4e6,FINAL_HOLDOUT,HARD_NEGATIVE,,LITERATURE_EXCLUDED_FALSE_HOMOLOG_FAMILY,Pfam_38.2_PF01634_seed,B8GJY1_METPE/58-213,e235c8bf27c00f75a35dba3f74d7cad1f512defcf75e9414d6f15596077c4350
NEG_PF01634_21ccfd09822a32cd7a2e,HISG_21ccfd09822a32cd,HISG_21ccfd09822a32cd,FINAL_HOLDOUT,HARD_NEGATIVE,,LITERATURE_EXCLUDED_FALSE_HOMOLOG_FAMILY,Pfam_38.2_PF01634_seed,A0B5A8_METTP/49-209,9a463e0e019fc66b5667a56d0cd45e1eca6acb1daff3e64f745af6ce205fccb8
NEG_PF01634_2231a17274ce76648a21,HISG_2231a17274ce7664,HISG_2231a17274ce7664,FINAL_HOLDOUT,HARD_NEGATIVE,,LITERATURE_EXCLUDED_FALSE_HOMOLOG_FAMILY,Pfam_38.2_PF01634_seed,HIS1_LACPL/57-207,a25bf589df1d378ea0e2167b36cb18d912c9f142a8cb0f53a6e3c9945d8faf3a
NEG_PF01634_225e6cb42304a7185801,HISG_225e6cb42304a718,HISG_225e6cb42304a718,FINAL_HOLDOUT,HARD_NEGATIVE,,LITERATURE_EXCLUDED_FALSE_HOMOLOG_FAMILY,Pfam_38.2_PF01634_seed,M3AUV8_SPHMS/58-238,7aec30d3142a9795c5e604b324f2351b3924531949cbca1cba4a3de69c15bcc3
NEG_PF01634_227684377335b36f8f4a,HISG_227684377335b36f,HISG_227684377335b36f,FINAL_HOLDOUT,HARD_NEGATIVE,,LITERATURE_EXCLUDED_FALSE_HOMOLOG_FAMILY,Pfam_38.2_PF01634_seed,W0RDE7_9BACT/49-214,a68de67844e9d67683dbfd65b513fe11682c525c420c88dc3d81bf8700305dcf
NEG_PF01634_230f6889a2ec7488e855,HISG_230f6889a2ec7488,HISG_230f6889a2ec7488,FINAL_HOLDOUT,HARD_NEGATIVE,,LITERATURE_EXCLUDED_FALSE_HOMOLOG_FAMILY,Pfam_38.2_PF01634_seed,B4RDP9_PHEZH/54-226,976d8c398a70b6012972dc648afa64a77c2257fb48b6fb44ace91424f089ee82
NEG_PF01634_23d0d40e90922778bba6,HISG_23d0d40e90922778,HISG_23d0d40e90922778,CALIBRATION,HARD_NEGATIVE,,LITERATURE_EXCLUDED_FALSE_HOMOLOG_FAMILY,Pfam_38.2_PF01634_seed,B9N0B8_POPTR/124-301,b714bbc1305149fee2b1787def2ca689487a02787f5106bb3ae2cb8d482baea9
NEG_PF01634_24ffbad8b9a0d312209c,HISG_24ffbad8b9a0d312,HISG_24ffbad8b9a0d312,CALIBRATION,HARD_NEGATIVE,,LITERATURE_EXCLUDED_FALSE_HOMOLOG_FAMILY,Pfam_38.2_PF01634_seed,L0EH05_THECK/54-204,1efe4740ceff1cf7dd2fd51d6798267b771b8915b67b23079d2d8e94cf234baa
NEG_PF01634_254f1428ed8d794fcc03,HISG_254f1428ed8d794f,HISG_254f1428ed8d794f,CALIBRATION,HARD_NEGATIVE,,LITERATURE_EXCLUDED_FALSE_HOMOLOG_FAMILY,Pfam_38.2_PF01634_seed,F3ZX32_MAHA5/53-206,bea8a9aaba7ff599c2cc222c3294b54853fdcd91284cd33d13c968c3261f425e
NEG_PF01634_27f9665c7187fd0418b5,HISG_27f9665c7187fd04,HISG_27f9665c7187fd04,FINAL_HOLDOUT,HARD_NEGATIVE,,LITERATURE_EXCLUDED_FALSE_HOMOLOG_FAMILY,Pfam_38.2_PF01634_seed,C7LWV2_DESBD/53-215,5fb351dddb025293600c685fb85d2c792312bf24efb9d4f2e24570d908096d3a
NEG_PF01634_28cb879c66a711fa48c5,HISG_28cb879c66a711fa,HISG_28cb879c66a711fa,FINAL_HOLDOUT,HARD_NEGATIVE,,LITERATURE_EXCLUDED_FALSE_HOMOLOG_FAMILY,Pfam_38.2_PF01634_seed,K9RKN5_9CYAN/52-208,04458d46ff8cb6736c757fc2fcdd98c9a89af175c4f9808856e0da31d9a033bd
NEG_PF01634_294c11c28b3ea55fe8b4,HISG_294c11c28b3ea55f,HISG_294c11c28b3ea55f,FINAL_HOLDOUT,HARD_NEGATIVE,,LITERATURE_EXCLUDED_FALSE_HOMOLOG_FAMILY,Pfam_38.2_PF01634_seed,HIS1_ANADF/56-209,4420699e6fcdc03ee96d9c1ae90ed1375eed92dd21f6d28729caa2421ade69ce
NEG_PF01634_298bee02bf242f965418,HISG_298bee02bf242f96,HISG_298bee02bf242f96,CALIBRATION,HARD_NEGATIVE,,LITERATURE_EXCLUDED_FALSE_HOMOLOG_FAMILY,Pfam_38.2_PF01634_seed,F2F050_SOLSS/53-204,507e4f031da210a7071e628db942c87cdc02f2bc05403874821519c2b906a6cd
NEG_PF01634_2994767bc41c16efb34e,HISG_2994767bc41c16ef,HISG_2994767bc41c16ef,CALIBRATION,HARD_NEGATIVE,,LITERATURE_EXCLUDED_FALSE_HOMOLOG_FAMILY,Pfam_38.2_PF01634_seed,A0RZ71_CENSY/49-236,b4e0ddc696341e3234d2b13b59ed4030cd8e4fb07c851a261fd994f0bf6f1b48
NEG_PF01634_2a776f7264ed1d9ff74f,HISG_2a776f7264ed1d9f,HISG_2a776f7264ed1d9f,FINAL_HOLDOUT,HARD_NEGATIVE,,LITERATURE_EXCLUDED_FALSE_HOMOLOG_FAMILY,Pfam_38.2_PF01634_seed,C8XAR3_NAKMY/49-202,5791130b59b47b07aa551012593659bccb17715a3c15dcf771a8354b72912543
NEG_PF01634_2c0a74e499aa51ba6aa7,HISG_2c0a74e499aa51ba,HISG_2c0a74e499aa51ba,CALIBRATION,HARD_NEGATIVE,,LITERATURE_EXCLUDED_FALSE_HOMOLOG_FAMILY,Pfam_38.2_PF01634_seed,E1R5B1_SEDSS/56-208,1ea5c5048e81872bd2db73f6605b358229d28515c2a0ff60e7f46bdc1cbc6d0a
NEG_PF01634_2c3573f0051f070a3d4a,HISG_2c3573f0051f070a,HISG_2c3573f0051f070a,FINAL_HOLDOUT,HARD_NEGATIVE,,LITERATURE_EXCLUDED_FALSE_HOMOLOG_FAMILY,Pfam_38.2_PF01634_seed,D5ELP2_CORAD/53-214,c7c5b2acf1b6f68961c722a955df6c86a6ca85b9ccdb9ca6e36810e624318779
NEG_PF01634_2c5b1a044e0069f4882a,HISG_2c5b1a044e0069f4,HISG_2c5b1a044e0069f4,FINAL_HOLDOUT,HARD_NEGATIVE,,LITERATURE_EXCLUDED_FALSE_HOMOLOG_FAMILY,Pfam_38.2_PF01634_seed,M1P7U6_DESSD/50-212,0ac6eb2dc8f807a4ae15d343b0ce843010126119a7fc9fabfacd268e3858100d
NEG_PF01634_2cf0decef59ebe111bec,HISG_2cf0decef59ebe11,HISG_2cf0decef59ebe11,FINAL_HOLDOUT,HARD_NEGATIVE,,LITERATURE_EXCLUDED_FALSE_HOMOLOG_FAMILY,Pfam_38.2_PF01634_seed,G2SMQ7_LIGR2/53-204,380c72ed44399a1d7703b1fcf5287bce432cfd8688afb54100797a0f25bed1a6
NEG_PF01634_2d59bfb1b99f5f6ab06b,HISG_2d59bfb1b99f5f6a,HISG_2d59bfb1b99f5f6a,CALIBRATION,HARD_NEGATIVE,,LITERATURE_EXCLUDED_FALSE_HOMOLOG_FAMILY,Pfam_38.2_PF01634_seed,D9QAE4_CORP2/49-201,c569307f3725ead2f78d3038187837040099f7203c3088bac47c80169e0936e4
NEG_PF01634_2e63a1f215f0b9f261df,HISG_2e63a1f215f0b9f2,HISG_2e63a1f215f0b9f2,FINAL_HOLDOUT,HARD_NEGATIVE,,LITERATURE_EXCLUDED_FALSE_HOMOLOG_FAMILY,Pfam_38.2_PF01634_seed,W0JPM4_9EURY/49-203,e685a8904f04ecf9e1d5995465a9f04e8003f5083d23ef4bf760e11b3e23df87
NEG_PF01634_2ef463f4d8f06e6fe162,HISG_2ef463f4d8f06e6f,HISG_2ef463f4d8f06e6f,CALIBRATION,HARD_NEGATIVE,,LITERATURE_EXCLUDED_FALSE_HOMOLOG_FAMILY,Pfam_38.2_PF01634_seed,U6E9I5_9EURY/51-207,bd93851541123534d4ab1fe5e95af963d00b89955e394ee6ba0963171c75aaba
NEG_PF01634_2f1092a4c3ff9e574e81,HISG_2f1092a4c3ff9e57,HISG_2f1092a4c3ff9e57,FINAL_HOLDOUT,HARD_NEGATIVE,,LITERATURE_EXCLUDED_FALSE_HOMOLOG_FAMILY,Pfam_38.2_PF01634_seed,N0BDY6_9EURY/54-229,d133393b4fadac74cdb1d4e48e96f8157671afc701ec4935bf9ed8795d9a4cf9
NEG_PF01634_2f5791b42736a477ddb3,HISG_2f5791b42736a477,HISG_2f5791b42736a477,CALIBRATION,HARD_NEGATIVE,,LITERATURE_EXCLUDED_FALSE_HOMOLOG_FAMILY,Pfam_38.2_PF01634_seed,E4TJW1_CALNY/55-206,918e8b5d476023702f8f6085a4aa53c04fc2096bff9716116df930df1e5cf553
NEG_PF01634_2fd2660d47895b7b4f14,HISG_2fd2660d47895b7b,HISG_2fd2660d47895b7b,CALIBRATION,HARD_NEGATIVE,,LITERATURE_EXCLUDED_FALSE_HOMOLOG_FAMILY,Pfam_38.2_PF01634_seed,C5FYG9_ARTOC/67-238,687fff66b655f4ed154229518450c5a01a2d5a8348055688b2a31ae81b2943ea
NEG_PF01634_30367db558b61c268511,HISG_30367db558b61c26,HISG_30367db558b61c26,CALIBRATION,HARD_NEGATIVE,,LITERATURE_EXCLUDED_FALSE_HOMOLOG_FAMILY,Pfam_38.2_PF01634_seed,D5E7J5_METMS/50-204,0be4fd4a16a2a036c9af415ec32d38b1489481bb1ece090405b244862c56ccf3
NEG_PF01634_308711c6a94d186d394f,HISG_308711c6a94d186d,HISG_308711c6a94d186d,FINAL_HOLDOUT,HARD_NEGATIVE,,LITERATURE_EXCLUDED_FALSE_HOMOLOG_FAMILY,Pfam_38.2_PF01634_seed,G4RPD9_THETK/38-191,50fe81f866d8979fc103c5695acbd3c1309ad1d6a64860092a99c44a06f1e29c
NEG_PF01634_310fa2a347d9c64eb632,HISG_310fa2a347d9c64e,HISG_310fa2a347d9c64e,FINAL_HOLDOUT,HARD_NEGATIVE,,LITERATURE_EXCLUDED_FALSE_HOMOLOG_FAMILY,Pfam_38.2_PF01634_seed,HIS1_METTH/51-207,10a0d777412689abbdeb1b18e3a63fad6351ebedd95e6b55ee77f4303ce20483
NEG_PF01634_3169a6fdf0b1ede493ee,HISG_3169a6fdf0b1ede4,HISG_3169a6fdf0b1ede4,FINAL_HOLDOUT,HARD_NEGATIVE,,LITERATURE_EXCLUDED_FALSE_HOMOLOG_FAMILY,Pfam_38.2_PF01634_seed,A2SQQ9_METLZ/52-207,da186cbb562d280b4470609fc6a907885c7297dfe9c96d256e53feeca1544f88
NEG_PF01634_327f40ee2ffa94027654,HISG_327f40ee2ffa9402,HISG_327f40ee2ffa9402,CALIBRATION,HARD_NEGATIVE,,LITERATURE_EXCLUDED_FALSE_HOMOLOG_FAMILY,Pfam_38.2_PF01634_seed,F6FV01_ISOV2/49-203,01d80a179f6126295fce215ae3d84208435f71b382456417b0d6012d07d83215
NEG_PF01634_3391b45043b7dc84ee6b,HISG_3391b45043b7dc84,HISG_3391b45043b7dc84,CALIBRATION,HARD_NEGATIVE,,LITERATURE_EXCLUDED_FALSE_HOMOLOG_FAMILY,Pfam_38.2_PF01634_seed,H1Y9T7_9SPHI/51-204,b888806cd4e37269872ae721a01e231f9c95b7c81ef3aae44b54ca0d59d18327
NEG_PF01634_33e60772764bca71b7ec,HISG_33e60772764bca71,HISG_33e60772764bca71,FINAL_HOLDOUT,HARD_NEGATIVE,,LITERATURE_EXCLUDED_FALSE_HOMOLOG_FAMILY,Pfam_38.2_PF01634_seed,G3JN75_CORMM/68-249,8ee2f3e280c38acb07e72c9f0c4b1c4dd6b904576e4cfdbe9567ee69a2520efd
NEG_PF01634_35511c111473629993af,HISG_35511c1114736299,HISG_35511c1114736299,FINAL_HOLDOUT,HARD_NEGATIVE,,LITERATURE_EXCLUDED_FALSE_HOMOLOG_FAMILY,Pfam_38.2_PF01634_seed,E0TBZ1_PARBH/62-223,f2e1e92c91b1f7e204cdb42dbdc922cc81876f9b7e4eda5e042c57c195befb1b
NEG_PF01634_358c73455d4aea56a7f4,HISG_358c73455d4aea56,HISG_358c73455d4aea56,FINAL_HOLDOUT,HARD_NEGATIVE,,LITERATURE_EXCLUDED_FALSE_HOMOLOG_FAMILY,Pfam_38.2_PF01634_seed,F8C4M0_THEGP/50-212,0d1078859d66a472f4d7e998c1e7941517dc3412a268c1c2c82f42e61e39126a
NEG_PF01634_35cb303cdad8156252f3,HISG_35cb303cdad81562,HISG_35cb303cdad81562,FINAL_HOLDOUT,HARD_NEGATIVE,,LITERATURE_EXCLUDED_FALSE_HOMOLOG_FAMILY,Pfam_38.2_PF01634_seed,I0IE62_PHYMF/54-215,acc5ca128fc0d361a3b59e753062d61fdab6ae5b4ff76475b2cf29dd3ed01ec4
NEG_PF01634_3631d09f53eae3b84b4b,HISG_3631d09f53eae3b8,HISG_3631d09f53eae3b8,CALIBRATION,HARD_NEGATIVE,,LITERATURE_EXCLUDED_FALSE_HOMOLOG_FAMILY,Pfam_38.2_PF01634_seed,E4N710_KITSK/49-204,5de91365a1475cf73b9daecbf7e0a32bdd42faf4034e21bafd3394195e469fae
NEG_PF01634_38264aceb97ac6d2a804,HISG_38264aceb97ac6d2,HISG_38264aceb97ac6d2,CALIBRATION,HARD_NEGATIVE,,LITERATURE_EXCLUDED_FALSE_HOMOLOG_FAMILY,Pfam_38.2_PF01634_seed,D9QNS3_BRESC/55-214,9f52b4fed6fa7011bd43821d031f5a76fc5a9d540e463729bb78a7348a721b8c
NEG_PF01634_387d6ba50656f08a0b04,HISG_387d6ba50656f08a,HISG_387d6ba50656f08a,CALIBRATION,HARD_NEGATIVE,,LITERATURE_EXCLUDED_FALSE_HOMOLOG_FAMILY,Pfam_38.2_PF01634_seed,HIS1_CLOD6/52-201,582c5146837013738e95df6cecec4158a834b5616758dd101788ce4ed3ed2dfa
NEG_PF01634_393e554681358e529c23,HISG_393e554681358e52,HISG_393e554681358e52,CALIBRATION,HARD_NEGATIVE,,LITERATURE_EXCLUDED_FALSE_HOMOLOG_FAMILY,Pfam_38.2_PF01634_seed,HIS1_SORC5/54-204,97cb73a346a67409e56ed2eb054c7f386c47eb8ff2ccbb77bbf7bf039873b77b
NEG_PF01634_3a6f5dd0b37e56e89505,HISG_3a6f5dd0b37e56e8,HISG_3a6f5dd0b37e56e8,CALIBRATION,HARD_NEGATIVE,,LITERATURE_EXCLUDED_FALSE_HOMOLOG_FAMILY,Pfam_38.2_PF01634_seed,B2KCM3_ELUMP/55-216,e6524df2850c0c201bddf7f87c39ecf07fd2d9310242811c6f91f778018e9fb7
NEG_PF01634_3b32e2e64d6985c303eb,HISG_3b32e2e64d6985c3,HISG_3b32e2e64d6985c3,CALIBRATION,HARD_NEGATIVE,,LITERATURE_EXCLUDED_FALSE_HOMOLOG_FAMILY,Pfam_38.2_PF01634_seed,E0SRC6_IGNAA/49-209,3c860bbf825a731f017103ec7a667580af34a86a78bf9fe6d1b26935a2eca072
NEG_PF01634_3bf2bbd9a57fa1e2d3b3,HISG_3bf2bbd9a57fa1e2,HISG_3bf2bbd9a57fa1e2,CALIBRATION,HARD_NEGATIVE,,LITERATURE_EXCLUDED_FALSE_HOMOLOG_FAMILY,Pfam_38.2_PF01634_seed,R7YY94_CONA1/58-237,64c1a67e14cbcf13e5bdeb47d9df0bf26f405150fb438bc90919b68facb6d090
NEG_PF01634_3cc2da7fb321291123ee,HISG_3cc2da7fb3212911,HISG_3cc2da7fb3212911,FINAL_HOLDOUT,HARD_NEGATIVE,,LITERATURE_EXCLUDED_FALSE_HOMOLOG_FAMILY,Pfam_38.2_PF01634_seed,E1ZEK2_CHLVA/129-305,6546276155b8fd10db0019f3fc7fb25a2d0ca598d0fc1c594047d748cac2192d
NEG_PF01634_3cc5e466a988f253fcdb,HISG_3cc5e466a988f253,HISG_3cc5e466a988f253,FINAL_HOLDOUT,HARD_NEGATIVE,,LITERATURE_EXCLUDED_FALSE_HOMOLOG_FAMILY,Pfam_38.2_PF01634_seed,E1SRG6_FERBD/62-227,aa03b367b583fe38ca91910e23594203cef4c944090548f336e3586d85b25837
NEG_PF01634_3dcacc09b7bc228d5d91,HISG_3dcacc09b7bc228d,HISG_3dcacc09b7bc228d,CALIBRATION,HARD_NEGATIVE,,LITERATURE_EXCLUDED_FALSE_HOMOLOG_FAMILY,Pfam_38.2_PF01634_seed,HIS1_CERS4/53-227,9bf4877e19b8a0839c27a40e3464a75fd45f37647f3a80bf6ceedfaf2693f309
NEG_PF01634_3de4385c990fa16f2b38,HISG_3de4385c990fa16f,HISG_3de4385c990fa16f,CALIBRATION,HARD_NEGATIVE,,LITERATURE_EXCLUDED_FALSE_HOMOLOG_FAMILY,Pfam_38.2_PF01634_seed,L0K8T3_HALHC/53-209,09cd21e628cb171c83fde61975d227d1c5aa493d665fd12256ab3e721230b67d
NEG_PF01634_3eb35e8afc772fdef556,HISG_3eb35e8afc772fde,HISG_3eb35e8afc772fde,CALIBRATION,HARD_NEGATIVE,,LITERATURE_EXCLUDED_FALSE_HOMOLOG_FAMILY,Pfam_38.2_PF01634_seed,U5HAB4_USTV1/60-226,4a234f0ba76e77edfe0045c8b6f973191d50056ca088d7b520d6c3d97744c67e
NEG_PF01634_3f43514533b1c241af9d,HISG_3f43514533b1c241,HISG_3f43514533b1c241,CALIBRATION,HARD_NEGATIVE,,LITERATURE_EXCLUDED_FALSE_HOMOLOG_FAMILY,Pfam_38.2_PF01634_seed,HIS1_HALH5/53-205,4085623c0400f493da54309cd9f2c0982477a8966fbe24c30bb480667cbfdbba
NEG_PF01634_3faf6b9142f03f49ad48,HISG_3faf6b9142f03f49,HISG_3faf6b9142f03f49,CALIBRATION,HARD_NEGATIVE,,LITERATURE_EXCLUDED_FALSE_HOMOLOG_FAMILY,Pfam_38.2_PF01634_seed,HIS1_CORK4/49-203,809a5577579ee76d4bf2733b855b0a1093360101345f9cfb6aa6c116bb0a71a4
NEG_PF01634_40bd64e381d379d5803b,HISG_40bd64e381d379d5,HISG_40bd64e381d379d5,CALIBRATION,HARD_NEGATIVE,,LITERATURE_EXCLUDED_FALSE_HOMOLOG_FAMILY,Pfam_38.2_PF01634_seed,H8KYS1_FRAAD/54-217,ea6204aa60368488b8bb9acda6a0bf829c473f3b455605c3db3a509e5f5483cf
NEG_PF01634_40c42cc244ae29492829,HISG_40c42cc244ae2949,HISG_40c42cc244ae2949,FINAL_HOLDOUT,HARD_NEGATIVE,,LITERATURE_EXCLUDED_FALSE_HOMOLOG_FAMILY,Pfam_38.2_PF01634_seed,C6W531_DYAFD/53-208,7412af30c4c3544920f5a4907b0e55a41ef962a89cf7ae2e48a7604fcac12f0f
NEG_PF01634_410e7a8a11164d7d11d0,HISG_410e7a8a11164d7d,HISG_410e7a8a11164d7d,CALIBRATION,HARD_NEGATIVE,,LITERATURE_EXCLUDED_FALSE_HOMOLOG_FAMILY,Pfam_38.2_PF01634_seed,Q12FD3_POLSJ/72-229,408bf69a9f3843f487cbd425b3112acf6b759eaec5a738312e7ad25ecebc3ac9
NEG_PF01634_416ca96ede1ca6fb0f41,HISG_416ca96ede1ca6fb,HISG_416ca96ede1ca6fb,CALIBRATION,HARD_NEGATIVE,,LITERATURE_EXCLUDED_FALSE_HOMOLOG_FAMILY,Pfam_38.2_PF01634_seed,HIS1_HALMA/49-198,84502296e198260ade93c872aa5aa1ae947c10b4c533da7ab6c7582f65e856f2
NEG_PF01634_42305a104613c36dd678,HISG_42305a104613c36d,HISG_42305a104613c36d,FINAL_HOLDOUT,HARD_NEGATIVE,,LITERATURE_EXCLUDED_FALSE_HOMOLOG_FAMILY,Pfam_38.2_PF01634_seed,HIS1_LEPIN/51-198,2c062b29581f0873e03b2b062e8d9d9b62f0caf1330b2534485e880eb975aed4
NEG_PF01634_4232bef08b6b9e0686dd,HISG_4232bef08b6b9e06,HISG_4232bef08b6b9e06,FINAL_HOLDOUT,HARD_NEGATIVE,,LITERATURE_EXCLUDED_FALSE_HOMOLOG_FAMILY,Pfam_38.2_PF01634_seed,HIS1_SYNJB/65-225,b7c7ffd727696aa4be175380d293ffadb7c1bdff0c6babe3eed57f0f3040bade
NEG_PF01634_42993c1d8ab15c97bbff,HISG_42993c1d8ab15c97,HISG_42993c1d8ab15c97,CALIBRATION,HARD_NEGATIVE,,LITERATURE_EXCLUDED_FALSE_HOMOLOG_FAMILY,Pfam_38.2_PF01634_seed,K2RPW4_MACPH/73-248,f281e5cc43cae02acd894c7bb659e6cb7218c1320f0e6b199070c4d002522307
NEG_PF01634_42f72e553bda2c2787fb,HISG_42f72e553bda2c27,HISG_42f72e553bda2c27,FINAL_HOLDOUT,HARD_NEGATIVE,,LITERATURE_EXCLUDED_FALSE_HOMOLOG_FAMILY,Pfam_38.2_PF01634_seed,HIS1_MICLC/49-203,5640c4162fc4b1efa090bd0498d165e46ccec73e689248eb8c8260bf80e5252b
NEG_PF01634_4628abb5c3001931fd9b,HISG_4628abb5c3001931,HISG_4628abb5c3001931,FINAL_HOLDOUT,HARD_NEGATIVE,,LITERATURE_EXCLUDED_FALSE_HOMOLOG_FAMILY,Pfam_38.2_PF01634_seed,Q5LVN1_RUEPO/53-228,d2313bfdf68476df2bea02f7025b4face78777422287da88eae90f3c5e8e40ad
NEG_PF01634_4772f1f118868c194aea,HISG_4772f1f118868c19,HISG_4772f1f118868c19,CALIBRATION,HARD_NEGATIVE,,LITERATURE_EXCLUDED_FALSE_HOMOLOG_FAMILY,Pfam_38.2_PF01634_seed,D6Z8P7_SEGRD/49-205,fdeb27dbe0969cd7a7460deb9ba8e2f0c33657cfa1b128929ff87b4a9a48f77b
NEG_PF01634_48510883266bbb344e8c,HISG_48510883266bbb34,HISG_48510883266bbb34,CALIBRATION,HARD_NEGATIVE,,LITERATURE_EXCLUDED_FALSE_HOMOLOG_FAMILY,Pfam_38.2_PF01634_seed,HIS1_BRUA2/53-226,9c901a4473595d8c4ad8b29c7cec2f1f85f7bd9be46aeec21ac7b33a9eff4691
NEG_PF01634_492b9c649654c2955463,HISG_492b9c649654c295,HISG_492b9c649654c295,FINAL_HOLDOUT,HARD_NEGATIVE,,LITERATURE_EXCLUDED_FALSE_HOMOLOG_FAMILY,Pfam_38.2_PF01634_seed,HIS1_LEPBP/51-203,62b429a9ef6ed6b3ba0b740337a18cbb1aad65dd1687a94e3504712a5d9d50dc
NEG_PF01634_492d7b6f4f81a81c7992,HISG_492d7b6f4f81a81c,HISG_492d7b6f4f81a81c,FINAL_HOLDOUT,HARD_NEGATIVE,,LITERATURE_EXCLUDED_FALSE_HOMOLOG_FAMILY,Pfam_38.2_PF01634_seed,HIS1_MARMM/52-210,59ac72ce7fb5f7e9f137833fb2c5325803a67533758907697f46d4e0e7b3a3c6
NEG_PF01634_497331501562f85c0bac,HISG_497331501562f85c,HISG_497331501562f85c,FINAL_HOLDOUT,HARD_NEGATIVE,,LITERATURE_EXCLUDED_FALSE_HOMOLOG_FAMILY,Pfam_38.2_PF01634_seed,HIS1_SACD2/53-205,a824334b3b5bfe926a49e80df46871915ee979a97e1e0039f656cb739e1ae5c6
NEG_PF01634_4a241f552da69d6a84d1,HISG_4a241f552da69d6a,HISG_4a241f552da69d6a,CALIBRATION,HARD_NEGATIVE,,LITERATURE_EXCLUDED_FALSE_HOMOLOG_FAMILY,Pfam_38.2_PF01634_seed,HIS1_YARLI/58-217,36ea9e14b6e139bea3455213f51c2c80fb770b4b05826b1776cb5a37060017fd
NEG_PF01634_4a568a722cb113fdbbea,HISG_4a568a722cb113fd,HISG_4a568a722cb113fd,FINAL_HOLDOUT,HARD_NEGATIVE,,LITERATURE_EXCLUDED_FALSE_HOMOLOG_FAMILY,Pfam_38.2_PF01634_seed,HIS1_AGRFC/52-228,f40f96fbd6094783d12e9e0d7184f59b2d5dc0b8501383eb7680c269634e04c2
NEG_PF01634_4aaab87136d2092b4cd4,HISG_4aaab87136d2092b,HISG_4aaab87136d2092b,FINAL_HOLDOUT,HARD_NEGATIVE,,LITERATURE_EXCLUDED_FALSE_HOMOLOG_FAMILY,Pfam_38.2_PF01634_seed,Q2LVF3_SYNAS/2-159,5485b35f793300512a2a4271c21a4b7327c2db1c636dfd95807e17572999dd02
NEG_PF01634_4b5719df03ee899aa791,HISG_4b5719df03ee899a,HISG_4b5719df03ee899a,CALIBRATION,HARD_NEGATIVE,,LITERATURE_EXCLUDED_FALSE_HOMOLOG_FAMILY,Pfam_38.2_PF01634_seed,I0JQE6_HALH3/54-205,744d2dfef8852d75a17d028b8a99acffd255d4183a18a2ac3039fb3500a6eea9
NEG_PF01634_4b99575ae3eab6a0f603,HISG_4b99575ae3eab6a0,HISG_4b99575ae3eab6a0,FINAL_HOLDOUT,HARD_NEGATIVE,,LITERATURE_EXCLUDED_FALSE_HOMOLOG_FAMILY,Pfam_38.2_PF01634_seed,S8AU74_DACHA/63-229,69e13d397107ddc7758d3019e4b9b6e554760e1f4bc28c2212ee0e3708abdb0a
NEG_PF01634_4bf56ecd898f90f7d439,HISG_4bf56ecd898f90f7,HISG_4bf56ecd898f90f7,FINAL_HOLDOUT,HARD_NEGATIVE,,LITERATURE_EXCLUDED_FALSE_HOMOLOG_FAMILY,Pfam_38.2_PF01634_seed,HIS1_METAC/51-205,404b266de544dd4224d9bcdcba248c03d118db66d959b326eaeb9aefc2a4d9b9
NEG_PF01634_4c30812ffcfb48d3516e,HISG_4c30812ffcfb48d3,HISG_4c30812ffcfb48d3,FINAL_HOLDOUT,HARD_NEGATIVE,,LITERATURE_EXCLUDED_FALSE_HOMOLOG_FAMILY,Pfam_38.2_PF01634_seed,M1W3A9_CLAP2/58-240,339000bf95e2db06abf3d754b2ccfd00b09e5cd7d4fdb99152e0fb7436657cd3
NEG_PF01634_4c696f87b3b8ae352832,HISG_4c696f87b3b8ae35,HISG_4c696f87b3b8ae35,FINAL_HOLDOUT,HARD_NEGATIVE,,LITERATURE_EXCLUDED_FALSE_HOMOLOG_FAMILY,Pfam_38.2_PF01634_seed,HIS1_BUCBP/54-219,a224b66a4e6c2fcd2827a335942cce8bb5698ac1559c5d685d73a2660c98336c
NEG_PF01634_4ca1622b93b0d0bc549a,HISG_4ca1622b93b0d0bc,HISG_4ca1622b93b0d0bc,CALIBRATION,HARD_NEGATIVE,,LITERATURE_EXCLUDED_FALSE_HOMOLOG_FAMILY,Pfam_38.2_PF01634_seed,HIS1_KORVE/49-210,7526e4dc952bff4b2195ff7e6cc347cef76fbe9a1d5617d20f24415eb1467cf1
NEG_PF01634_4cff9b9b65f11e5de980,HISG_4cff9b9b65f11e5d,HISG_4cff9b9b65f11e5d,FINAL_HOLDOUT,HARD_NEGATIVE,,LITERATURE_EXCLUDED_FALSE_HOMOLOG_FAMILY,Pfam_38.2_PF01634_seed,A0A804L4X1_MUSAM/106-283,79abdb6d7709763918afd5b238f16c76835d62013b2743b2f118306e8db9fe89
NEG_PF01634_4d553e9f64c58ce55973,HISG_4d553e9f64c58ce5,HISG_4d553e9f64c58ce5,CALIBRATION,HARD_NEGATIVE,,LITERATURE_EXCLUDED_FALSE_HOMOLOG_FAMILY,Pfam_38.2_PF01634_seed,HIS1_ACAM1/52-207,3b57ffbbfe136ea69d7537596cd543153fcd11c01e4bc3ca96ba9f20da066b1c
NEG_PF01634_4d720e31997bc3d2b331,HISG_4d720e31997bc3d2,HISG_4d720e31997bc3d2,CALIBRATION,HARD_NEGATIVE,,LITERATURE_EXCLUDED_FALSE_HOMOLOG_FAMILY,Pfam_38.2_PF01634_seed,HIS1_TOLAT/53-218,895afcf44cbf7be86286f7cf94e8856816861f063a04814a1259d333c824a7d0
NEG_PF01634_4d922a71979298941f27,HISG_4d922a7197929894,HISG_4d922a7197929894,CALIBRATION,HARD_NEGATIVE,,LITERATURE_EXCLUDED_FALSE_HOMOLOG_FAMILY,Pfam_38.2_PF01634_seed,C7NZX5_HALMD/49-199,de05b1ac9e05255fc614529fdb0883dac11a638f18dfc0cd51a9f01c9d3fde23
NEG_PF01634_4ef61ba723864f18fcf5,HISG_4ef61ba723864f18,HISG_4ef61ba723864f18,FINAL_HOLDOUT,HARD_NEGATIVE,,LITERATURE_EXCLUDED_FALSE_HOMOLOG_FAMILY,Pfam_38.2_PF01634_seed,W6SH18_9CLOT/52-205,6e2bdf370455422ee4f5198cf01495839a67e7ed7760c16c3d621c37e63d4131
NEG_PF01634_4f361f3a6ff5ef444a9d,HISG_4f361f3a6ff5ef44,HISG_4f361f3a6ff5ef44,FINAL_HOLDOUT,HARD_NEGATIVE,,LITERATURE_EXCLUDED_FALSE_HOMOLOG_FAMILY,Pfam_38.2_PF01634_seed,HIS1_AROAE/53-210,5b9383703c5a8df2185698d779fe4e62364c6521597382e5ed1f858b8b301692
NEG_PF01634_4ff717f6bd8e67f582be,HISG_4ff717f6bd8e67f5,HISG_4ff717f6bd8e67f5,CALIBRATION,HARD_NEGATIVE,,LITERATURE_EXCLUDED_FALSE_HOMOLOG_FAMILY,Pfam_38.2_PF01634_seed,D5BVB7_NITHN/54-202,7cd37f0bce42c640f677985b5537d6738423e75e872104e59fd1fb8775e95676
NEG_PF01634_500995f9a9f8b242a6ec,HISG_500995f9a9f8b242,HISG_500995f9a9f8b242,FINAL_HOLDOUT,HARD_NEGATIVE,,LITERATURE_EXCLUDED_FALSE_HOMOLOG_FAMILY,Pfam_38.2_PF01634_seed,F5Y989_LEAAZ/50-200,36e4cf363ed0b30ca160ddaeca8db2c84e1df9a845c88f8d6dc0d212f6467754
NEG_PF01634_5010dc2acb30da2cdb28,HISG_5010dc2acb30da2c,HISG_5010dc2acb30da2c,FINAL_HOLDOUT,HARD_NEGATIVE,,LITERATURE_EXCLUDED_FALSE_HOMOLOG_FAMILY,Pfam_38.2_PF01634_seed,H6LC46_ACEWD/52-203,b634934a56d4da2ad9879e0c7c23a0376eb9bde4a65c3e470e03138e73dcac79
NEG_PF01634_50fb3cd2dc8ba076c43c,HISG_50fb3cd2dc8ba076,HISG_50fb3cd2dc8ba076,FINAL_HOLDOUT,HARD_NEGATIVE,,LITERATURE_EXCLUDED_FALSE_HOMOLOG_FAMILY,Pfam_38.2_PF01634_seed,D9QR29_ACEAZ/52-208,cc5e23f7d8fbce325d3cb9848f282e887b3155e6ddcf567a38d7db3f6e99342e
NEG_PF01634_516f68ce1e3a5b49b468,HISG_516f68ce1e3a5b49,HISG_516f68ce1e3a5b49,CALIBRATION,HARD_NEGATIVE,,LITERATURE_EXCLUDED_FALSE_HOMOLOG_FAMILY,Pfam_38.2_PF01634_seed,HIS1_CANAL/58-214,9e5b8ead95c94a47ca24668ebd68c967c24278fc5c588ead4bc251891c6ec690
NEG_PF01634_5171e041258b987c54a0,HISG_5171e041258b987c,HISG_5171e041258b987c,FINAL_HOLDOUT,HARD_NEGATIVE,,LITERATURE_EXCLUDED_FALSE_HOMOLOG_FAMILY,Pfam_38.2_PF01634_seed,HIS1_ECOLI/54-219,0737785efea5836dee81092f8e1b0715a27535c2d51547d44febccd4e2d92a79
NEG_PF01634_519697206d8141e16448,HISG_519697206d8141e1,HISG_519697206d8141e1,FINAL_HOLDOUT,HARD_NEGATIVE,,LITERATURE_EXCLUDED_FALSE_HOMOLOG_FAMILY,Pfam_38.2_PF01634_seed,E8MYR6_ANATU/58-228,4e976a927a156d1a968581847afcc06dabc401f01b1cf7c6a0f2a6acada0e2e2
NEG_PF01634_528793007a09848e0156,HISG_528793007a09848e,HISG_528793007a09848e,FINAL_HOLDOUT,HARD_NEGATIVE,,LITERATURE_EXCLUDED_FALSE_HOMOLOG_FAMILY,Pfam_38.2_PF01634_seed,I3TJA2_TISMK/62-219,b8efda68ce37b5c8986e87a0153898148e239d744145ab5ebb7f88adebb36464
NEG_PF01634_52b1008c241f563f101d,HISG_52b1008c241f563f,HISG_52b1008c241f563f,CALIBRATION,HARD_NEGATIVE,,LITERATURE_EXCLUDED_FALSE_HOMOLOG_FAMILY,Pfam_38.2_PF01634_seed,G7DZR8_MIXOS/62-237,5960e89153cdeb933a0dc3a399eb54952600ed26e59c25fa6facc122601c9463
NEG_PF01634_52d0b1474042ebfb24b5,HISG_52d0b1474042ebfb,HISG_52d0b1474042ebfb,CALIBRATION,HARD_NEGATIVE,,LITERATURE_EXCLUDED_FALSE_HOMOLOG_FAMILY,Pfam_38.2_PF01634_seed,HIS1_SYNWW/55-210,f6ec4af3da61cac5ea3f3859fe9ab2aa8c52d6bc191705da8d6fdd36d87f36b9
NEG_PF01634_5342d4e30a81c8f23174,HISG_5342d4e30a81c8f2,HISG_5342d4e30a81c8f2,CALIBRATION,HARD_NEGATIVE,,LITERATURE_EXCLUDED_FALSE_HOMOLOG_FAMILY,Pfam_38.2_PF01634_seed,F2NWS4_TRES6/50-205,39969bfc70a214237dc5a223de4d8e2aa4be82ceed29fe45ff242aea4cfaf47d
NEG_PF01634_538663fd8145760fed8c,HISG_538663fd8145760f,HISG_538663fd8145760f,FINAL_HOLDOUT,HARD_NEGATIVE,,LITERATURE_EXCLUDED_FALSE_HOMOLOG_FAMILY,Pfam_38.2_PF01634_seed,F0S7L0_PSESL/51-204,70e13819591a33ef8a1cdc3dca1403173c0bbd425fb5a70ef4b8a6cce4b91844
NEG_PF01634_53e81811cf78f85c3668,HISG_53e81811cf78f85c,HISG_53e81811cf78f85c,CALIBRATION,HARD_NEGATIVE,,LITERATURE_EXCLUDED_FALSE_HOMOLOG_FAMILY,Pfam_38.2_PF01634_seed,F3ZUJ5_9BACE/50-205,850111f9367ebdefa41063ef1c94556527d10efa877980a08b54ac4c815797a2
NEG_PF01634_53ecec515dd55e300db3,HISG_53ecec515dd55e30,HISG_53ecec515dd55e30,FINAL_HOLDOUT,HARD_NEGATIVE,,LITERATURE_EXCLUDED_FALSE_HOMOLOG_FAMILY,Pfam_38.2_PF01634_seed,HIS1_SCHPO/58-231,6501a3c18a84d05eec9ba0aa209d5e2391752ed2f58315860c93bb1591064dd8
NEG_PF01634_5401419a631338f08b0f,HISG_5401419a631338f0,HISG_5401419a631338f0,FINAL_HOLDOUT,HARD_NEGATIVE,,LITERATURE_EXCLUDED_FALSE_HOMOLOG_FAMILY,Pfam_38.2_PF01634_seed,HIS1_BACTN/49-204,71ef1f5443c7b319905b0f9ce020c609528d44d07403d20bb0f126011f3fe8e3
NEG_PF01634_5416a9da1f94497bc2fd,HISG_5416a9da1f94497b,HISG_5416a9da1f94497b,FINAL_HOLDOUT,HARD_NEGATIVE,,LITERATURE_EXCLUDED_FALSE_HOMOLOG_FAMILY,Pfam_38.2_PF01634_seed,M9M6E8_PSEA3/1031-1216,4535bcf45dc43a5ce5c28f30b5e44d9fe8f01d5fec61834196106dcda1f0d195
NEG_PF01634_547a798cfd2bef05e7a7,HISG_547a798cfd2bef05,HISG_547a798cfd2bef05,CALIBRATION,HARD_NEGATIVE,,LITERATURE_EXCLUDED_FALSE_HOMOLOG_FAMILY,Pfam_38.2_PF01634_seed,HIS1_CLONN/55-208,a4df740f4c3ceb8b077552d796fdaaaf6a989fb513bcb5d89537783a3e558261
NEG_PF01634_5520a8ec09c01e843aaf,HISG_5520a8ec09c01e84,HISG_5520a8ec09c01e84,CALIBRATION,HARD_NEGATIVE,,LITERATURE_EXCLUDED_FALSE_HOMOLOG_FAMILY,Pfam_38.2_PF01634_seed,F6B7V8_DESCC/57-211,7c29406b201d27b8b5fae9503a1d3465271c38711b7f87d4275b04c5c3e270f9
NEG_PF01634_55b4c5a7619b1024c734,HISG_55b4c5a7619b1024,HISG_55b4c5a7619b1024,FINAL_HOLDOUT,HARD_NEGATIVE,,LITERATURE_EXCLUDED_FALSE_HOMOLOG_FAMILY,Pfam_38.2_PF01634_seed,F7V668_CLOSS/56-209,848ed98d0af755f8f2e9baafe0f530cdc0f39edb41c685a5545523645b187f33
NEG_PF01634_55c6b90e1759f84486f7,HISG_55c6b90e1759f844,HISG_55c6b90e1759f844,CALIBRATION,HARD_NEGATIVE,,LITERATURE_EXCLUDED_FALSE_HOMOLOG_FAMILY,Pfam_38.2_PF01634_seed,A2U268_9FLAO/51-206,838acc4c7751899cf35a6b25c2a276fc31cdaffc39200592a32ddf4d22983979
NEG_PF01634_5608a54a21a8fc251b77,HISG_5608a54a21a8fc25,HISG_5608a54a21a8fc25,FINAL_HOLDOUT,HARD_NEGATIVE,,LITERATURE_EXCLUDED_FALSE_HOMOLOG_FAMILY,Pfam_38.2_PF01634_seed,C8X532_DESRD/53-215,b452429f1fa090d928bc93cef6c59b6e73f34a65fd71a3416fcda5c1d7e9e1af
NEG_PF01634_572b13275d0e43ed275a,HISG_572b13275d0e43ed,HISG_572b13275d0e43ed,FINAL_HOLDOUT,HARD_NEGATIVE,,LITERATURE_EXCLUDED_FALSE_HOMOLOG_FAMILY,Pfam_38.2_PF01634_seed,D2S9B5_GEOOG/49-209,593dd0d10bee4f0fb0ff7b3c96393fc74b005bb0a5b58a3f0258e8d71be1c6c1
NEG_PF01634_57791f4bef7fef3901da,HISG_57791f4bef7fef39,HISG_57791f4bef7fef39,FINAL_HOLDOUT,HARD_NEGATIVE,,LITERATURE_EXCLUDED_FALSE_HOMOLOG_FAMILY,Pfam_38.2_PF01634_seed,HIS1_PYRFU/46-199,89a858d33776cc7f386e59bbb04f950431aaf3eda48885304eb4e10f2a3f7a26
NEG_PF01634_57cc825598436a8591cf,HISG_57cc825598436a85,HISG_57cc825598436a85,CALIBRATION,HARD_NEGATIVE,,LITERATURE_EXCLUDED_FALSE_HOMOLOG_FAMILY,Pfam_38.2_PF01634_seed,R4KGR1_CLOPA/56-209,b70e34d1e318e83477e28216ceb8f9b58409391ff5cdb6888dc8cae6cb31f96d
NEG_PF01634_586c61aeffe2da7ad969,HISG_586c61aeffe2da7a,HISG_586c61aeffe2da7a,CALIBRATION,HARD_NEGATIVE,,LITERATURE_EXCLUDED_FALSE_HOMOLOG_FAMILY,Pfam_38.2_PF01634_seed,G4THL1_SERID/59-234,d9231980aac6a8c4977c7a9da9b59b5384057c3a6b5b58c595310f4b89d0f6da
NEG_PF01634_591637c45c161c0fd9b9,HISG_591637c45c161c0f,HISG_591637c45c161c0f,FINAL_HOLDOUT,HARD_NEGATIVE,,LITERATURE_EXCLUDED_FALSE_HOMOLOG_FAMILY,Pfam_38.2_PF01634_seed,HIS1_EREGS/58-218,10b3dfd39c00157e0f12a7b74993adc6c2c4de27566f79bebe39b985f92eb3ce
NEG_PF01634_5969c22910633acbb69a,HISG_5969c22910633acb,HISG_5969c22910633acb,FINAL_HOLDOUT,HARD_NEGATIVE,,LITERATURE_EXCLUDED_FALSE_HOMOLOG_FAMILY,Pfam_38.2_PF01634_seed,M4RYR0_9SPHN/56-212,c3435cc7b2c744ea53c8d4c90211daec9beaed3bc83a45efbaaae14b113d24f4
NEG_PF01634_59ae7a8a845cd3606667,HISG_59ae7a8a845cd360,HISG_59ae7a8a845cd360,FINAL_HOLDOUT,HARD_NEGATIVE,,LITERATURE_EXCLUDED_FALSE_HOMOLOG_FAMILY,Pfam_38.2_PF01634_seed,I6ZA60_MELRP/57-214,6cd2f847050df14a6786db292192c743bfdd6980242a240d8a80f4640da059b3
NEG_PF01634_5ae6dc63f7cc920811a9,HISG_5ae6dc63f7cc9208,HISG_5ae6dc63f7cc9208,CALIBRATION,HARD_NEGATIVE,,LITERATURE_EXCLUDED_FALSE_HOMOLOG_FAMILY,Pfam_38.2_PF01634_seed,A0A173TGF3_9FIRM/54-209,d7e8d1d27e5b5313557edc417d1f77ce24366a168db92815a1f5196e886e05b7
NEG_PF01634_5be270590b3de5df89a5,HISG_5be270590b3de5df,HISG_5be270590b3de5df,CALIBRATION,HARD_NEGATIVE,,LITERATURE_EXCLUDED_FALSE_HOMOLOG_FAMILY,Pfam_38.2_PF01634_seed,S2JF15_MUCC1/58-217,1e901a01402e857c504a721be2b848bb48ab5d08e7aad2175c5d7be94441c423
NEG_PF01634_5c65d495110fdbcf4c39,HISG_5c65d495110fdbcf,HISG_5c65d495110fdbcf,FINAL_HOLDOUT,HARD_NEGATIVE,,LITERATURE_EXCLUDED_FALSE_HOMOLOG_FAMILY,Pfam_38.2_PF01634_seed,D2AV61_STRRD/49-202,fd9e29600a5b77f275a703a22ada27433ecb1ab115126f29d61be7baca89fd5f
NEG_PF01634_5cff33080fe22f8c3746,HISG_5cff33080fe22f8c,HISG_5cff33080fe22f8c,CALIBRATION,HARD_NEGATIVE,,LITERATURE_EXCLUDED_FALSE_HOMOLOG_FAMILY,Pfam_38.2_PF01634_seed,A8NRN1_COPC7/58-224,cd3296f19a40e928b6eccc0dfe078632d7fb08c846524c08d8510df8e747f2ff
NEG_PF01634_5da15b04c6134091d485,HISG_5da15b04c6134091,HISG_5da15b04c6134091,CALIBRATION,HARD_NEGATIVE,,LITERATURE_EXCLUDED_FALSE_HOMOLOG_FAMILY,Pfam_38.2_PF01634_seed,F2NLS2_MARHT/55-204,1d2e4cc65eaedea02ee31b0cd55f870bfafadeb938ad55f2d75b6a5a5ccf44fc
NEG_PF01634_5ea8a970de3c57b5b763,HISG_5ea8a970de3c57b5,HISG_5ea8a970de3c57b5,CALIBRATION,HARD_NEGATIVE,,LITERATURE_EXCLUDED_FALSE_HOMOLOG_FAMILY,Pfam_38.2_PF01634_seed,I4C477_DESTA/52-214,60845589a3906d125f1c294bd8cc20541aef6677b3553901eb0294af4ea16f6a
NEG_PF01634_5f0087816e492110a4cf,HISG_5f0087816e492110,HISG_5f0087816e492110,CALIBRATION,HARD_NEGATIVE,,LITERATURE_EXCLUDED_FALSE_HOMOLOG_FAMILY,Pfam_38.2_PF01634_seed,U3GXA1_9CORY/52-205,7d73e2af6084f915565def50e81593046535b59362ec0fd7504422a597e71f7a
NEG_PF01634_5f20860d27ed8482747c,HISG_5f20860d27ed8482,HISG_5f20860d27ed8482,FINAL_HOLDOUT,HARD_NEGATIVE,,LITERATURE_EXCLUDED_FALSE_HOMOLOG_FAMILY,Pfam_38.2_PF01634_seed,HIS1_PSYIN/53-218,58b615ba4bc7bd55f2ef6d68f6e48290fa9bd9965b24d497287657302c5d87a7
NEG_PF01634_5f35166291d147527f4b,HISG_5f35166291d14752,HISG_5f35166291d14752,FINAL_HOLDOUT,HARD_NEGATIVE,,LITERATURE_EXCLUDED_FALSE_HOMOLOG_FAMILY,Pfam_38.2_PF01634_seed,D2BHT1_DEHMV/53-216,cb191fc42e4c6d8af4e05feaa321fd6a3e6f27b864c78df7d93ad558f83f2537
NEG_PF01634_5fe244263f00681931fd,HISG_5fe244263f006819,HISG_5fe244263f006819,FINAL_HOLDOUT,HARD_NEGATIVE,,LITERATURE_EXCLUDED_FALSE_HOMOLOG_FAMILY,Pfam_38.2_PF01634_seed,D1A813_THECD/50-212,a85343a49adef944331ccec3694cf52735e75594cdc72bd020f0e9ff2fd1b74b
NEG_PF01634_5fef67ce5371bcafee37,HISG_5fef67ce5371bcaf,HISG_5fef67ce5371bcaf,CALIBRATION,HARD_NEGATIVE,,LITERATURE_EXCLUDED_FALSE_HOMOLOG_FAMILY,Pfam_38.2_PF01634_seed,D1AKB2_SEBTE/51-203,12b44cc6a2d08907e360075abf9232733356662d9caab0b09088c0787d85632a
NEG_PF01634_605d7f126ad6c30f809c,HISG_605d7f126ad6c30f,HISG_605d7f126ad6c30f,FINAL_HOLDOUT,HARD_NEGATIVE,,LITERATURE_EXCLUDED_FALSE_HOMOLOG_FAMILY,Pfam_38.2_PF01634_seed,HIS1_SHOC1/52-203,4c118fa95cff91c95d873a49cdd29ceb0d69cf1a03e90bb671871cd5b8156441
NEG_PF01634_6072dee12437438494d3,HISG_6072dee124374384,HISG_6072dee124374384,CALIBRATION,HARD_NEGATIVE,,LITERATURE_EXCLUDED_FALSE_HOMOLOG_FAMILY,Pfam_38.2_PF01634_seed,A1B3C3_PARDP/52-222,875f4c93c710764fbd4e8851c4d7887840e4f8aeeea9216f6f895354c9c56f32
NEG_PF01634_61392910dd88dff44a46,HISG_61392910dd88dff4,HISG_61392910dd88dff4,FINAL_HOLDOUT,HARD_NEGATIVE,,LITERATURE_EXCLUDED_FALSE_HOMOLOG_FAMILY,Pfam_38.2_PF01634_seed,HIS1_SACS2/53-211,1d67d500fea7e2b511c963d3de04b1e437ccf7c804a879bb948567495b6e0746
NEG_PF01634_61d91b850b370b94cb94,HISG_61d91b850b370b94,HISG_61d91b850b370b94,CALIBRATION,HARD_NEGATIVE,,LITERATURE_EXCLUDED_FALSE_HOMOLOG_FAMILY,Pfam_38.2_PF01634_seed,F4LW72_TEPAE/53-204,dcda470f632e15cf7a1190cf23264baa014d0729f3259d1f6a13708f6d86a2af
NEG_PF01634_62958ac121dab6f9e9a4,HISG_62958ac121dab6f9,HISG_62958ac121dab6f9,CALIBRATION,HARD_NEGATIVE,,LITERATURE_EXCLUDED_FALSE_HOMOLOG_FAMILY,Pfam_38.2_PF01634_seed,A0A068NPE2_FIMGI/49-204,d15b1cfc04f5d64febf3aed17174cfb2dfc793f666c3fed04ec28bf68c6af203
NEG_PF01634_62b08246906a4c6a4967,HISG_62b08246906a4c6a,HISG_62b08246906a4c6a,FINAL_HOLDOUT,HARD_NEGATIVE,,LITERATURE_EXCLUDED_FALSE_HOMOLOG_FAMILY,Pfam_38.2_PF01634_seed,HIS1_GEOUR/51-213,a8b8c8425590f6fe5f69bc476ec6a4ae54f4438b71db9e2686799e3c32b2396d
NEG_PF01634_63030070649515bd614d,HISG_63030070649515bd,HISG_63030070649515bd,FINAL_HOLDOUT,HARD_NEGATIVE,,LITERATURE_EXCLUDED_FALSE_HOMOLOG_FAMILY,Pfam_38.2_PF01634_seed,K0IF43_NITGG/50-237,2db2e3ac56a2177d5d03a5138ed1dfef4a33312030ed8bbc072b78f282b33704
NEG_PF01634_63d1619dc610d3bafa59,HISG_63d1619dc610d3ba,HISG_63d1619dc610d3ba,CALIBRATION,HARD_NEGATIVE,,LITERATURE_EXCLUDED_FALSE_HOMOLOG_FAMILY,Pfam_38.2_PF01634_seed,R9T7T4_METII/51-207,ce849a94d0a184b44fd13b0962bab62dc1038f746aa504a9d6a1c3bb08a2ec75
NEG_PF01634_6413f9925abd224cf949,HISG_6413f9925abd224c,HISG_6413f9925abd224c,CALIBRATION,HARD_NEGATIVE,,LITERATURE_EXCLUDED_FALSE_HOMOLOG_FAMILY,Pfam_38.2_PF01634_seed,A0A1E9VTC1_9GAMM/60-211,849c600c4b09d0a755edb7f41a21a5eb1bf6716a8fb01c349ac01ec4f6e797a1
NEG_PF01634_6475ad3586cd8acccf71,HISG_6475ad3586cd8acc,HISG_6475ad3586cd8acc,FINAL_HOLDOUT,HARD_NEGATIVE,,LITERATURE_EXCLUDED_FALSE_HOMOLOG_FAMILY,Pfam_38.2_PF01634_seed,HIS1_WOLSU/47-197,1d172375ea3a8bdd04dd917b8c5ac55120b8f2e177787e668c594308320d5736
NEG_PF01634_6480765d784a65471450,HISG_6480765d784a6547,HISG_6480765d784a6547,FINAL_HOLDOUT,HARD_NEGATIVE,,LITERATURE_EXCLUDED_FALSE_HOMOLOG_FAMILY,Pfam_38.2_PF01634_seed,HIS1_AERHH/53-218,b33c5e56e94b56adaa9f52cdd5d5351b931072c8c2ac844e15f46b04cbae747d
NEG_PF01634_657c802d0ffd208a4b87,HISG_657c802d0ffd208a,HISG_657c802d0ffd208a,FINAL_HOLDOUT,HARD_NEGATIVE,,LITERATURE_EXCLUDED_FALSE_HOMOLOG_FAMILY,Pfam_38.2_PF01634_seed,W0F095_9BACT/52-207,5b8fb28cd82373f2ec8ed5d833f8c7737875d73d188e9b3cc1ed9fdb58c32810
NEG_PF01634_657d81aa75f64a791e47,HISG_657d81aa75f64a79,HISG_657d81aa75f64a79,FINAL_HOLDOUT,HARD_NEGATIVE,,LITERATURE_EXCLUDED_FALSE_HOMOLOG_FAMILY,Pfam_38.2_PF01634_seed,K5VSZ8_PHACS/7-173,225259a3bdd76d843e3925510b9f9f6517942807182201ebb5d80adbe9a80ee9
NEG_PF01634_659e469587df9f40ad92,HISG_659e469587df9f40,HISG_659e469587df9f40,FINAL_HOLDOUT,HARD_NEGATIVE,,LITERATURE_EXCLUDED_FALSE_HOMOLOG_FAMILY,Pfam_38.2_PF01634_seed,F0RQ13_DEIPM/63-226,2411ef1f4052453e0f50110461348de2d555598204c814a2e11b00576fe3308e
NEG_PF01634_6684cd7de480376ce6d3,HISG_6684cd7de480376c,HISG_6684cd7de480376c,FINAL_HOLDOUT,HARD_NEGATIVE,,LITERATURE_EXCLUDED_FALSE_HOMOLOG_FAMILY,Pfam_38.2_PF01634_seed,A4RQW7_OSTLU/91-266,987035b989fe6bd7f6e7b347941d6542aa6cadc4a95a75a0e0ae9b6ffa5b912e
NEG_PF01634_6685c69c0fc1069482d8,HISG_6685c69c0fc10694,HISG_6685c69c0fc10694,FINAL_HOLDOUT,HARD_NEGATIVE,,LITERATURE_EXCLUDED_FALSE_HOMOLOG_FAMILY,Pfam_38.2_PF01634_seed,HIS1_HALHL/54-205,082f40f764a096caa8a8be618d95b396145fe1bcf1f8a9b633843c683b6d1622
NEG_PF01634_670b596763d5af6ca513,HISG_670b596763d5af6c,HISG_670b596763d5af6c,CALIBRATION,HARD_NEGATIVE,,LITERATURE_EXCLUDED_FALSE_HOMOLOG_FAMILY,Pfam_38.2_PF01634_seed,E4RZU1_LEAB4/52-207,b919dd2cabd3f872af39b34d3cac3df54188307cd80a47a17081424e27bce886
NEG_PF01634_6736b38543afee52be0e,HISG_6736b38543afee52,HISG_6736b38543afee52,FINAL_HOLDOUT,HARD_NEGATIVE,,LITERATURE_EXCLUDED_FALSE_HOMOLOG_FAMILY,Pfam_38.2_PF01634_seed,D4YXN2_SPHIU/56-208,998366b4253e1b328ad50922e2aa31c445561a43f01055c9aeb300f664671b06
NEG_PF01634_67699c77b60a18992f1e,HISG_67699c77b60a1899,HISG_67699c77b60a1899,CALIBRATION,HARD_NEGATIVE,,LITERATURE_EXCLUDED_FALSE_HOMOLOG_FAMILY,Pfam_38.2_PF01634_seed,HIS1_METKA/50-203,44498514f1a7e94b3998e20181f1b5bc0bfe6d70d2cefb75f145afcf587a6484
NEG_PF01634_67ff8617456e12309ff7,HISG_67ff8617456e1230,HISG_67ff8617456e1230,CALIBRATION,HARD_NEGATIVE,,LITERATURE_EXCLUDED_FALSE_HOMOLOG_FAMILY,Pfam_38.2_PF01634_seed,D2RDA8_ARCPA/48-201,11b4912f18de8a27109736f4281506c061e09040997023db95ecb39c48a90d44
NEG_PF01634_6847999a1f038220de33,HISG_6847999a1f038220,HISG_6847999a1f038220,CALIBRATION,HARD_NEGATIVE,,LITERATURE_EXCLUDED_FALSE_HOMOLOG_FAMILY,Pfam_38.2_PF01634_seed,W5W779_9PSEU/49-202,2ec11cb81cac2e0518f993d078b85b52d3cf076b09b3e66f835275c2fadb978c
NEG_PF01634_68647c9a02dafec2364d,HISG_68647c9a02dafec2,HISG_68647c9a02dafec2,FINAL_HOLDOUT,HARD_NEGATIVE,,LITERATURE_EXCLUDED_FALSE_HOMOLOG_FAMILY,Pfam_38.2_PF01634_seed,E3PW31_ACESD/48-198,69f11e27ed3ded37d3ca591645fb4ff44d2faa9990c7aae2cfde53d88a453d01
NEG_PF01634_686f9a5d5212966a7317,HISG_686f9a5d5212966a,HISG_686f9a5d5212966a,FINAL_HOLDOUT,HARD_NEGATIVE,,LITERATURE_EXCLUDED_FALSE_HOMOLOG_FAMILY,Pfam_38.2_PF01634_seed,W8T4N3_PEPAC/53-206,280ddc65e6fd25699ea6f77e1b89996f6dc6c5b68a95bfbaf107ffe04c385ba2
NEG_PF01634_68d35b9b856e7fdc2f9a,HISG_68d35b9b856e7fdc,HISG_68d35b9b856e7fdc,CALIBRATION,HARD_NEGATIVE,,LITERATURE_EXCLUDED_FALSE_HOMOLOG_FAMILY,Pfam_38.2_PF01634_seed,HIS1_ALKMQ/53-205,5e744dc71fc50f0b95d3993b2af7e3b47dbaef882c2757ef6806b0a566e1bb38
NEG_PF01634_69a407fa75d959fadf3e,HISG_69a407fa75d959fa,HISG_69a407fa75d959fa,FINAL_HOLDOUT,HARD_NEGATIVE,,LITERATURE_EXCLUDED_FALSE_HOMOLOG_FAMILY,Pfam_38.2_PF01634_seed,F7XMV5_METZD/50-204,d08696bd9aa9af39cb880cf324f211df1daa8c4012ec4f465387a1573491baa1
NEG_PF01634_69ef70fdde0db6e10bbf,HISG_69ef70fdde0db6e1,HISG_69ef70fdde0db6e1,FINAL_HOLDOUT,HARD_NEGATIVE,,LITERATURE_EXCLUDED_FALSE_HOMOLOG_FAMILY,Pfam_38.2_PF01634_seed,E1QWA4_OLSUV/391-547,bd7e0675cd6a7bce5b28c22cbd1f240f9571b018bb1b5e2d8ca8b6d7efcce94a
NEG_PF01634_6a1b9e2c3e549d117e7a,HISG_6a1b9e2c3e549d11,HISG_6a1b9e2c3e549d11,FINAL_HOLDOUT,HARD_NEGATIVE,,LITERATURE_EXCLUDED_FALSE_HOMOLOG_FAMILY,Pfam_38.2_PF01634_seed,H3HBM0_PHYRM/64-221,6db902ae9fc4a3f340303b5a2ebe3ee517310ac2b55d0803c2a4c20d8dbe41df
NEG_PF01634_6a9578f41bf711cc61cf,HISG_6a9578f41bf711cc,HISG_6a9578f41bf711cc,FINAL_HOLDOUT,HARD_NEGATIVE,,LITERATURE_EXCLUDED_FALSE_HOMOLOG_FAMILY,Pfam_38.2_PF01634_seed,H8XQQ9_FLAIG/51-206,b0e03db3dc41ebc1d482e62c3e3f0665265c463adfb69d17cbbd29b84d1fa6b6
NEG_PF01634_6b8ca68a16412d04b3cf,HISG_6b8ca68a16412d04,HISG_6b8ca68a16412d04,CALIBRATION,HARD_NEGATIVE,,LITERATURE_EXCLUDED_FALSE_HOMOLOG_FAMILY,Pfam_38.2_PF01634_seed,F2KRS3_ARCVS/48-200,6422e38161a250e0e39cbab57307506b9cec4abfae92f7bce59523db2995ac08
NEG_PF01634_6cd1eee1fca4bafc9005,HISG_6cd1eee1fca4bafc,HISG_6cd1eee1fca4bafc,FINAL_HOLDOUT,HARD_NEGATIVE,,LITERATURE_EXCLUDED_FALSE_HOMOLOG_FAMILY,Pfam_38.2_PF01634_seed,L0HF10_METFS/70-225,e1b1a99e49df5c0f3c3e327f5a81eb005609945941a44555be01a8b243cf9be2
NEG_PF01634_6cf82eb2b887e1e44585,HISG_6cf82eb2b887e1e4,HISG_6cf82eb2b887e1e4,FINAL_HOLDOUT,HARD_NEGATIVE,,LITERATURE_EXCLUDED_FALSE_HOMOLOG_FAMILY,Pfam_38.2_PF01634_seed,F4KVG0_HALH1/52-207,7940a545c4183ac0687d72a3e9c8f30203605198b42708ba5c27f82365e4dd10
NEG_PF01634_6d1db78fca83f696c357,HISG_6d1db78fca83f696,HISG_6d1db78fca83f696,CALIBRATION,HARD_NEGATIVE,,LITERATURE_EXCLUDED_FALSE_HOMOLOG_FAMILY,Pfam_38.2_PF01634_seed,F0RUR3_SPHGB/52-208,76742efb839b8bed0b6c56155d5257b6c9ed8a7a4ddaa56eba7ece765a0bea4a
NEG_PF01634_6da1bc5b2d8f4afb270e,HISG_6da1bc5b2d8f4afb,HISG_6da1bc5b2d8f4afb,CALIBRATION,HARD_NEGATIVE,,LITERATURE_EXCLUDED_FALSE_HOMOLOG_FAMILY,Pfam_38.2_PF01634_seed,HIS1_BUCAI/54-219,bcf2333542440c25f1982350bcac78baa6485577770f59a2d46d191ab60a6412
NEG_PF01634_6e38b4a25e9ba45d8649,HISG_6e38b4a25e9ba45d,HISG_6e38b4a25e9ba45d,FINAL_HOLDOUT,HARD_NEGATIVE,,LITERATURE_EXCLUDED_FALSE_HOMOLOG_FAMILY,Pfam_38.2_PF01634_seed,E1RKS3_METP4/59-214,019ff2c3fa33520b75062f294c339b3128138edba4944c907d4bab7002005483
NEG_PF01634_6f66ba009ca0d533bd4a,HISG_6f66ba009ca0d533,HISG_6f66ba009ca0d533,CALIBRATION,HARD_NEGATIVE,,LITERATURE_EXCLUDED_FALSE_HOMOLOG_FAMILY,Pfam_38.2_PF01634_seed,HIS1_HALOH/55-211,97d6460c5d3af1ed030d7d2006aed2ef6f528eed55bd84fee5f244f96d76c2fc
NEG_PF01634_6f679b7adb9516633ed8,HISG_6f679b7adb951663,HISG_6f679b7adb951663,FINAL_HOLDOUT,HARD_NEGATIVE,,LITERATURE_EXCLUDED_FALSE_HOMOLOG_FAMILY,Pfam_38.2_PF01634_seed,HIS1_PHOPR/53-218,b0aaeb3e15333401ce2f988879497e3a069ba905659485c48eb5dc9d824679c0
NEG_PF01634_6f93a6867cd1f85046fc,HISG_6f93a6867cd1f850,HISG_6f93a6867cd1f850,FINAL_HOLDOUT,HARD_NEGATIVE,,LITERATURE_EXCLUDED_FALSE_HOMOLOG_FAMILY,Pfam_38.2_PF01634_seed,C7R4A8_JONDD/49-203,6f6e53535b598d523485dea6f2654e684fba5b2b71e7221e9c04e0eead326e76
NEG_PF01634_70bf9ff5fa3e2ef5c31e,HISG_70bf9ff5fa3e2ef5,HISG_70bf9ff5fa3e2ef5,CALIBRATION,HARD_NEGATIVE,,LITERATURE_EXCLUDED_FALSE_HOMOLOG_FAMILY,Pfam_38.2_PF01634_seed,HIS1_HALWD/49-202,b57dfbc910545488010dd590a3a06b3c9b5670c57b740515a6315b839574737e
NEG_PF01634_7202e7aab1e0866c8737,HISG_7202e7aab1e0866c,HISG_7202e7aab1e0866c,FINAL_HOLDOUT,HARD_NEGATIVE,,LITERATURE_EXCLUDED_FALSE_HOMOLOG_FAMILY,Pfam_38.2_PF01634_seed,HIS1_SYNE7/52-208,1a5b99968aa0b68c711bb95320c318030cce31af6a707d631ecd24611ad5e3ea
NEG_PF01634_7263de7ee43e3f1feed6,HISG_7263de7ee43e3f1f,HISG_7263de7ee43e3f1f,FINAL_HOLDOUT,HARD_NEGATIVE,,LITERATURE_EXCLUDED_FALSE_HOMOLOG_FAMILY,Pfam_38.2_PF01634_seed,HIS1_SYNY3/52-208,d40f3df3f25740921b89246aca23967415646ef1c8150a83423c0aabc2d1a4b2
NEG_PF01634_727e2ae35de84ddfab5d,HISG_727e2ae35de84ddf,HISG_727e2ae35de84ddf,CALIBRATION,HARD_NEGATIVE,,LITERATURE_EXCLUDED_FALSE_HOMOLOG_FAMILY,Pfam_38.2_PF01634_seed,HIS1_AZOPC/49-204,674b204be9820f7352084421fb191d0d9e702964c46c64c8cefa76b23f8d2f75
NEG_PF01634_73657f2586d3efe609aa,HISG_73657f2586d3efe6,HISG_73657f2586d3efe6,CALIBRATION,HARD_NEGATIVE,,LITERATURE_EXCLUDED_FALSE_HOMOLOG_FAMILY,Pfam_38.2_PF01634_seed,S5YRT8_PARAH/52-227,fee8df18623ec2564af3af57d4dede1e436c13c74b8eca729547d9f3045bfd15
NEG_PF01634_73dc71ea5c342ad566d2,HISG_73dc71ea5c342ad5,HISG_73dc71ea5c342ad5,FINAL_HOLDOUT,HARD_NEGATIVE,,LITERATURE_EXCLUDED_FALSE_HOMOLOG_FAMILY,Pfam_38.2_PF01634_seed,D7DTU8_METV3/49-209,b0cc23639f294efd2ca9163b4713a5b9952b3ced5791f1423f1dab979d264e31
NEG_PF01634_73e5e05a7381e972ef04,HISG_73e5e05a7381e972,HISG_73e5e05a7381e972,FINAL_HOLDOUT,HARD_NEGATIVE,,LITERATURE_EXCLUDED_FALSE_HOMOLOG_FAMILY,Pfam_38.2_PF01634_seed,HIS1_CARHZ/53-209,2209a43b2a39c978f0dfb49f2d493cffea9b1edbcc45cc04f64456028192e705
NEG_PF01634_740bb5e3c93849b5b1cf,HISG_740bb5e3c93849b5,HISG_740bb5e3c93849b5,FINAL_HOLDOUT,HARD_NEGATIVE,,LITERATURE_EXCLUDED_FALSE_HOMOLOG_FAMILY,Pfam_38.2_PF01634_seed,A1SJH1_NOCSJ/51-208,2ccb1d75d8f1217fce1982ad17a5f2830e2a9d9c93953ffc767e67cd4372986d
NEG_PF01634_74294102d32d0764f6ec,HISG_74294102d32d0764,HISG_74294102d32d0764,CALIBRATION,HARD_NEGATIVE,,LITERATURE_EXCLUDED_FALSE_HOMOLOG_FAMILY,Pfam_38.2_PF01634_seed,K9SEL9_9CYAN/65-221,27af1fdf9be0e1ca612f83e2bfe1f72223f9d3451d3e06ae2507742358eea89a
NEG_PF01634_745933983d96a1cdd972,HISG_745933983d96a1cd,HISG_745933983d96a1cd,CALIBRATION,HARD_NEGATIVE,,LITERATURE_EXCLUDED_FALSE_HOMOLOG_FAMILY,Pfam_38.2_PF01634_seed,M2WKU7_DOTSN/58-237,b4c793af92414967cd0b03a86b00f78d8dc55876972006c264260a05f441f12c
NEG_PF01634_74944f3a67f2b0429939,HISG_74944f3a67f2b042,HISG_74944f3a67f2b042,CALIBRATION,HARD_NEGATIVE,,LITERATURE_EXCLUDED_FALSE_HOMOLOG_FAMILY,Pfam_38.2_PF01634_seed,A7I3R9_CAMHC/47-200,c0f34d593d075403bc06bf9a5c66b4eb6ca6822ddd9b7d9197991fdb5351d862
NEG_PF01634_74a5b997c88b071026df,HISG_74a5b997c88b0710,HISG_74a5b997c88b0710,FINAL_HOLDOUT,HARD_NEGATIVE,,LITERATURE_EXCLUDED_FALSE_HOMOLOG_FAMILY,Pfam_38.2_PF01634_seed,HIS1_LACLA/50-204,678127de6e90fce74cf0ec598781ccceeaca1bdb25584c031e8a56ea4d91f83c
NEG_PF01634_763e803db8f3b8357001,HISG_763e803db8f3b835,HISG_763e803db8f3b835,CALIBRATION,HARD_NEGATIVE,,LITERATURE_EXCLUDED_FALSE_HOMOLOG_FAMILY,Pfam_38.2_PF01634_seed,E4RKN1_HALHG/53-203,3bae641836642fe6372cb1322af723126f80aa0767a0d35c31f49c564a4dfa33
NEG_PF01634_76f2d61093791fa84dbc,HISG_76f2d61093791fa8,HISG_76f2d61093791fa8,CALIBRATION,HARD_NEGATIVE,,LITERATURE_EXCLUDED_FALSE_HOMOLOG_FAMILY,Pfam_38.2_PF01634_seed,W8F172_9BACT/49-204,4946ddc53ac5e56b5d283ac667a8881d533c4ef26eab78694637e6c7159376fd
NEG_PF01634_77a3f2e44ed4c6eb6bda,HISG_77a3f2e44ed4c6eb,HISG_77a3f2e44ed4c6eb,FINAL_HOLDOUT,HARD_NEGATIVE,,LITERATURE_EXCLUDED_FALSE_HOMOLOG_FAMILY,Pfam_38.2_PF01634_seed,E1Z441_CHLVA/122-285,bd5d2f157ab902b79136322e0c8d7c802eae96fad60f649db97039e5c21a1643
NEG_PF01634_77afeff2e5875956c2b8,HISG_77afeff2e5875956,HISG_77afeff2e5875956,CALIBRATION,HARD_NEGATIVE,,LITERATURE_EXCLUDED_FALSE_HOMOLOG_FAMILY,Pfam_38.2_PF01634_seed,G2XYY1_BOTF4/58-247,a6ead03bb0963dcfa8bc816d5ff0af63a6fc264003a6031ce8e1498df30e6379
NEG_PF01634_77cd28bb0ab8efbf4b94,HISG_77cd28bb0ab8efbf,HISG_77cd28bb0ab8efbf,FINAL_HOLDOUT,HARD_NEGATIVE,,LITERATURE_EXCLUDED_FALSE_HOMOLOG_FAMILY,Pfam_38.2_PF01634_seed,C7MCX8_BRAFD/49-206,66488c6dbffa4c316a23284a465f40728dc76db52a7939ed6cdad9fe17969ad7
NEG_PF01634_77f6dce4bdff5384d38f,HISG_77f6dce4bdff5384,HISG_77f6dce4bdff5384,CALIBRATION,HARD_NEGATIVE,,LITERATURE_EXCLUDED_FALSE_HOMOLOG_FAMILY,Pfam_38.2_PF01634_seed,R9NZQ6_PSEHS/61-246,fffe4320f39c17bb97953fa0312e2b8f64d2bc8e4d8a94ac39646c9befe3f5b2
NEG_PF01634_78281ab45c837d89ab35,HISG_78281ab45c837d89,HISG_78281ab45c837d89,CALIBRATION,HARD_NEGATIVE,,LITERATURE_EXCLUDED_FALSE_HOMOLOG_FAMILY,Pfam_38.2_PF01634_seed,HIS1_NOVAD/58-213,45640ed7ae30aa9eef2461cbae2982b6da1606231146a0097fb90c7fb5bc34ec
NEG_PF01634_784e43c9b0c775a6f0da,HISG_784e43c9b0c775a6,HISG_784e43c9b0c775a6,CALIBRATION,HARD_NEGATIVE,,LITERATURE_EXCLUDED_FALSE_HOMOLOG_FAMILY,Pfam_38.2_PF01634_seed,B2UR48_AKKM8/51-212,2e66e35edb7a3469204f9305f2a13935e9f5e0ddc0da75647bf573b5ba902ca1
NEG_PF01634_78f83d94c50d88ab1959,HISG_78f83d94c50d88ab,HISG_78f83d94c50d88ab,FINAL_HOLDOUT,HARD_NEGATIVE,,LITERATURE_EXCLUDED_FALSE_HOMOLOG_FAMILY,Pfam_38.2_PF01634_seed,B0CV00_LACBS/75-241,23e9ba406e92cc2a135a5e4d0903eba4770eec0718078f126e737f37eb389910
NEG_PF01634_79162e518e9bcc0529df,HISG_79162e518e9bcc05,HISG_79162e518e9bcc05,FINAL_HOLDOUT,HARD_NEGATIVE,,LITERATURE_EXCLUDED_FALSE_HOMOLOG_FAMILY,Pfam_38.2_PF01634_seed,M5DVB5_9GAMM/54-206,8e1019b8400a602a0905d7ba507b3dc550e86b9974804bc0cef761a074efedd0
NEG_PF01634_797fe99b53d1b9d9b197,HISG_797fe99b53d1b9d9,HISG_797fe99b53d1b9d9,FINAL_HOLDOUT,HARD_NEGATIVE,,LITERATURE_EXCLUDED_FALSE_HOMOLOG_FAMILY,Pfam_38.2_PF01634_seed,K9UWV9_9CYAN/52-207,c09b4b172fbe7fe14b2d0a1040d30ed05208cd16d70a26a04e70e036e3945326
NEG_PF01634_7a820e144cfa975649f9,HISG_7a820e144cfa9756,HISG_7a820e144cfa9756,CALIBRATION,HARD_NEGATIVE,,LITERATURE_EXCLUDED_FALSE_HOMOLOG_FAMILY,Pfam_38.2_PF01634_seed,F0T0K7_SYNGF/55-217,77c8bdcdb7595b6a294b2e6b007853e6e7c0ccddf278bd8bfa5cb8058d3e239f
NEG_PF01634_7ac80005083d5a22c3b7,HISG_7ac80005083d5a22,HISG_7ac80005083d5a22,FINAL_HOLDOUT,HARD_NEGATIVE,,LITERATURE_EXCLUDED_FALSE_HOMOLOG_FAMILY,Pfam_38.2_PF01634_seed,HIS1_CORGL/49-202,051d1ddfc67dbb51221f1327b3673f7d93cbf2b7b382131781ab87b6b38e9349
NEG_PF01634_7c044752f27353257d74,HISG_7c044752f2735325,HISG_7c044752f2735325,CALIBRATION,HARD_NEGATIVE,,LITERATURE_EXCLUDED_FALSE_HOMOLOG_FAMILY,Pfam_38.2_PF01634_seed,K1X4D0_MARBU/58-250,3063bac2efd1bb1aadcbc7d978635acf3fb8231beaf4226abde3e6f0bbb5bf4c
NEG_PF01634_7c3b171daf8e7fe698ac,HISG_7c3b171daf8e7fe6,HISG_7c3b171daf8e7fe6,FINAL_HOLDOUT,HARD_NEGATIVE,,LITERATURE_EXCLUDED_FALSE_HOMOLOG_FAMILY,Pfam_38.2_PF01634_seed,C5ZZ27_9HELI/47-196,d507cebd6fdeda7d10086ff9ef91544e94332c7c54aca0a630a81c86b0a11ad3
NEG_PF01634_7c5c1561be43c34016d0,HISG_7c5c1561be43c340,HISG_7c5c1561be43c340,CALIBRATION,HARD_NEGATIVE,,LITERATURE_EXCLUDED_FALSE_HOMOLOG_FAMILY,Pfam_38.2_PF01634_seed,G3B4M8_CANTC/58-217,328bc1fd12815b6a8c229b1a732c021def0dcb2b1a1ab5c6eb9ad675713e0503
NEG_PF01634_7cc197bd3e49b0c34a40,HISG_7cc197bd3e49b0c3,HISG_7cc197bd3e49b0c3,FINAL_HOLDOUT,HARD_NEGATIVE,,LITERATURE_EXCLUDED_FALSE_HOMOLOG_FAMILY,Pfam_38.2_PF01634_seed,HIS1_METMP/49-209,66acbcc837581e5311a3125e5ce4823ca0a7bee3054ca8b29e27c6b0953186bc
NEG_PF01634_7d75e7bd07249dd9ddbf,HISG_7d75e7bd07249dd9,HISG_7d75e7bd07249dd9,CALIBRATION,HARD_NEGATIVE,,LITERATURE_EXCLUDED_FALSE_HOMOLOG_FAMILY,Pfam_38.2_PF01634_seed,T2GAN6_MEGG1/53-215,44e9e10ed3a0a2d9bf9a57d77e2dde2417458ad7d6d302da5bee167fdf078295
NEG_PF01634_7e3e27d31ff6c13512b5,HISG_7e3e27d31ff6c135,HISG_7e3e27d31ff6c135,FINAL_HOLDOUT,HARD_NEGATIVE,,LITERATURE_EXCLUDED_FALSE_HOMOLOG_FAMILY,Pfam_38.2_PF01634_seed,D6ZHA9_MOBCV/49-203,6be69f8f4d88d439e23d8f590b90e2088e46a8aacefd1ff8b52ef8e8b5098f6f
NEG_PF01634_7e42dcd3f29f1aaa383a,HISG_7e42dcd3f29f1aaa,HISG_7e42dcd3f29f1aaa,FINAL_HOLDOUT,HARD_NEGATIVE,,LITERATURE_EXCLUDED_FALSE_HOMOLOG_FAMILY,Pfam_38.2_PF01634_seed,F8F494_GRAC1/50-202,6e5d6b174031c652d4a7f50a61cf4c3702998c9e8c57ed04447a48c3182609e7
NEG_PF01634_7fad1e09f470bfb3d6b2,HISG_7fad1e09f470bfb3,HISG_7fad1e09f470bfb3,CALIBRATION,HARD_NEGATIVE,,LITERATURE_EXCLUDED_FALSE_HOMOLOG_FAMILY,Pfam_38.2_PF01634_seed,HIS1_METCA/51-201,9cf67037a2f44724e1e6575dca6c386ba6873253edaec2605a27132483d5a48b
NEG_PF01634_7ffa280dc21943365b8d,HISG_7ffa280dc2194336,HISG_7ffa280dc2194336,CALIBRATION,HARD_NEGATIVE,,LITERATURE_EXCLUDED_FALSE_HOMOLOG_FAMILY,Pfam_38.2_PF01634_seed,E0TJ13_ZINIC/53-207,2adea269c52f2f5c07ea2e9607503eff7dcf1f299c91d722da6fd51b2c41f3c3
NEG_PF01634_81690504e6d179bf7792,HISG_81690504e6d179bf,HISG_81690504e6d179bf,FINAL_HOLDOUT,HARD_NEGATIVE,,LITERATURE_EXCLUDED_FALSE_HOMOLOG_FAMILY,Pfam_38.2_PF01634_seed,K0NM06_DESTT/51-213,c611a664bd93167a683cda8c69f39b438927f4c7d3c50ffcd7bae1536a7cfba4
NEG_PF01634_81de44172d53ecb8b7f3,HISG_81de44172d53ecb8,HISG_81de44172d53ecb8,CALIBRATION,HARD_NEGATIVE,,LITERATURE_EXCLUDED_FALSE_HOMOLOG_FAMILY,Pfam_38.2_PF01634_seed,Q5ZW86_LEGPH/71-232,6a7706b1328eaad802dbb8929c4b7a7d2cf32e6ea8875f4a1892d9a8c8668876
NEG_PF01634_821eb862a724d78455cc,HISG_821eb862a724d784,HISG_821eb862a724d784,FINAL_HOLDOUT,HARD_NEGATIVE,,LITERATURE_EXCLUDED_FALSE_HOMOLOG_FAMILY,Pfam_38.2_PF01634_seed,HIS1_PELPD/51-213,7916595f70321414c86417e090312957917b7d66335365b8f9705bac6ccfdeb0
NEG_PF01634_8223eb2b001999233c23,HISG_8223eb2b00199923,HISG_8223eb2b00199923,FINAL_HOLDOUT,HARD_NEGATIVE,,LITERATURE_EXCLUDED_FALSE_HOMOLOG_FAMILY,Pfam_38.2_PF01634_seed,HIS1_SULAC/49-206,6e8e6e3c86efc2c4b13769d3f002cf8bd23467be2bc8f4791d0dcfa965ec66dc
NEG_PF01634_82e2ee4d59af7799ce36,HISG_82e2ee4d59af7799,HISG_82e2ee4d59af7799,FINAL_HOLDOUT,HARD_NEGATIVE,,LITERATURE_EXCLUDED_FALSE_HOMOLOG_FAMILY,Pfam_38.2_PF01634_seed,L0EWF6_LIBCB/54-227,3277c3496d5d17d33d5a4d4dcdc5d6e03772c969c227b8f7209c83d56b0ac194
NEG_PF01634_82e634769f04c750d081,HISG_82e634769f04c750,HISG_82e634769f04c750,CALIBRATION,HARD_NEGATIVE,,LITERATURE_EXCLUDED_FALSE_HOMOLOG_FAMILY,Pfam_38.2_PF01634_seed,I0I970_CALAS/60-215,416baa1762ac31d28e3d553839bb41d36652f944c1fc792303a7adeb6032fef2
NEG_PF01634_83807d057cf8a59cb9cc,HISG_83807d057cf8a59c,HISG_83807d057cf8a59c,FINAL_HOLDOUT,HARD_NEGATIVE,,LITERATURE_EXCLUDED_FALSE_HOMOLOG_FAMILY,Pfam_38.2_PF01634_seed,E9DGQ6_COCPS/58-229,2aa8e206365457449c8d423bfa3a7c8505058d3bba4945c0687f53f0ef39bba9
NEG_PF01634_83f163b8efd5fe8392bd,HISG_83f163b8efd5fe83,HISG_83f163b8efd5fe83,FINAL_HOLDOUT,HARD_NEGATIVE,,LITERATURE_EXCLUDED_FALSE_HOMOLOG_FAMILY,Pfam_38.2_PF01634_seed,HIS1_CLOAB/56-209,169e8d3b3ea2e05ec31cb1cac76ea7600ba1f627887a3b8ae8e1d98ffecc11f7
NEG_PF01634_83f99cb007b73e5ab262,HISG_83f99cb007b73e5a,HISG_83f99cb007b73e5a,CALIBRATION,HARD_NEGATIVE,,LITERATURE_EXCLUDED_FALSE_HOMOLOG_FAMILY,Pfam_38.2_PF01634_seed,H6BN55_EXODN/58-237,0ac26acc6f7f10ef650abb00076de98837229173801e50c74fb184d365d8a19b
NEG_PF01634_8466d7b7717e11c1adcd,HISG_8466d7b7717e11c1,HISG_8466d7b7717e11c1,CALIBRATION,HARD_NEGATIVE,,LITERATURE_EXCLUDED_FALSE_HOMOLOG_FAMILY,Pfam_38.2_PF01634_seed,M2MIJ2_BAUPA/58-237,49b8c109267baa40a77965e7610c1e1b8310b5dea01482907b56fae24994c921
NEG_PF01634_8502e38a305754b24499,HISG_8502e38a305754b2,HISG_8502e38a305754b2,FINAL_HOLDOUT,HARD_NEGATIVE,,LITERATURE_EXCLUDED_FALSE_HOMOLOG_FAMILY,Pfam_38.2_PF01634_seed,F2UDU5_SALR5/81-235,9f73c3c39bad736146cb2b1b168e7b6b1178bb203faef71e8a16eba9f357667d
NEG_PF01634_855e028e65ec58d8e76f,HISG_855e028e65ec58d8,HISG_855e028e65ec58d8,CALIBRATION,HARD_NEGATIVE,,LITERATURE_EXCLUDED_FALSE_HOMOLOG_FAMILY,Pfam_38.2_PF01634_seed,A0A412AXC1_9FIRM/53-206,846faff26b2fa3a7e8b0ae080cb310027c678e205d5cca03cf4bf146cd8b3d14
NEG_PF01634_85a62236b5b9f1dc176e,HISG_85a62236b5b9f1dc,HISG_85a62236b5b9f1dc,CALIBRATION,HARD_NEGATIVE,,LITERATURE_EXCLUDED_FALSE_HOMOLOG_FAMILY,Pfam_38.2_PF01634_seed,Q2NHN8_METST/51-207,246ff11abbc53df1f029d0372b470758c8bccec06b8cb6e391426b09879d7a4e
NEG_PF01634_85a7a5f4523829ee2bc1,HISG_85a7a5f4523829ee,HISG_85a7a5f4523829ee,CALIBRATION,HARD_NEGATIVE,,LITERATURE_EXCLUDED_FALSE_HOMOLOG_FAMILY,Pfam_38.2_PF01634_seed,HIS1_PROMT/52-207,fd17ea12083e1f0c7d9e5ae41b37842c23f99eeabcbaf71ae938cdec7ae06eb6
NEG_PF01634_8675cf13b4c9c8c4cb17,HISG_8675cf13b4c9c8c4,HISG_8675cf13b4c9c8c4,CALIBRATION,HARD_NEGATIVE,,LITERATURE_EXCLUDED_FALSE_HOMOLOG_FAMILY,Pfam_38.2_PF01634_seed,W0BDZ0_9GAMM/52-213,66e0044a3da661efe54c6577d16503dda6d3982ea2d5f27c80060a0dec85efe6
NEG_PF01634_87236c8a47f005f7eefd,HISG_87236c8a47f005f7,HISG_87236c8a47f005f7,FINAL_HOLDOUT,HARD_NEGATIVE,,LITERATURE_EXCLUDED_FALSE_HOMOLOG_FAMILY,Pfam_38.2_PF01634_seed,C6BUP6_MARSD/51-213,6d072070ce4e099406509453f280ca46acc1a3dc84fdd2de1ac0ccb32947771d
NEG_PF01634_877afc263a081cebc7d9,HISG_877afc263a081ceb,HISG_877afc263a081ceb,CALIBRATION,HARD_NEGATIVE,,LITERATURE_EXCLUDED_FALSE_HOMOLOG_FAMILY,Pfam_38.2_PF01634_seed,I4Y5U9_WALMC/59-224,23a3f4e0325f82ef12c93ff68719994fafa719c586c00211e594e6f747e47fe6
NEG_PF01634_892837314cbd62979694,HISG_892837314cbd6297,HISG_892837314cbd6297,CALIBRATION,HARD_NEGATIVE,,LITERATURE_EXCLUDED_FALSE_HOMOLOG_FAMILY,Pfam_38.2_PF01634_seed,G8B6A1_CANPC/58-219,b348d49cae41b3c4a98d3d02b88bf00b4b3d68ec57f92ebc55329324fb9a307c
NEG_PF01634_8a108ba4a1b74c4714d0,HISG_8a108ba4a1b74c47,HISG_8a108ba4a1b74c47,CALIBRATION,HARD_NEGATIVE,,LITERATURE_EXCLUDED_FALSE_HOMOLOG_FAMILY,Pfam_38.2_PF01634_seed,F4CX72_PSEUX/49-198,dbd5225b8ec02ba1de01c87b68b73cd0b7daa6a56c32697176eaa1ee8ae342d8
NEG_PF01634_8aad4348c663d4c97ce1,HISG_8aad4348c663d4c9,HISG_8aad4348c663d4c9,FINAL_HOLDOUT,HARD_NEGATIVE,,LITERATURE_EXCLUDED_FALSE_HOMOLOG_FAMILY,Pfam_38.2_PF01634_seed,HIS1_HAEIN/58-223,dc54400336922616c7eed88351170619b8f7436876d5ac606b9416c2318a1630
NEG_PF01634_8ab81e78cfc2a333ba39,HISG_8ab81e78cfc2a333,HISG_8ab81e78cfc2a333,FINAL_HOLDOUT,HARD_NEGATIVE,,LITERATURE_EXCLUDED_FALSE_HOMOLOG_FAMILY,Pfam_38.2_PF01634_seed,V6JN56_STRRC/49-206,66c357d8adc6d61853f0b41b7aaab5e824461e28022417a92127dd0fbe2072d1
NEG_PF01634_8adc963ce2a08c29bc5f,HISG_8adc963ce2a08c29,HISG_8adc963ce2a08c29,FINAL_HOLDOUT,HARD_NEGATIVE,,LITERATURE_EXCLUDED_FALSE_HOMOLOG_FAMILY,Pfam_38.2_PF01634_seed,A0LUD2_ACIC1/50-212,b6bc27e409a23f73adf7b66f290852b617e2e2083f9325fe614ca56457df0866
NEG_PF01634_8b0596fb91e057f11029,HISG_8b0596fb91e057f1,HISG_8b0596fb91e057f1,FINAL_HOLDOUT,HARD_NEGATIVE,,LITERATURE_EXCLUDED_FALSE_HOMOLOG_FAMILY,Pfam_38.2_PF01634_seed,L7VMJ0_THES1/53-208,c9e983306ec38f2f82248df5a430e53d51f9d0f7cc47b8a8856ea246a1d5ca17
NEG_PF01634_8b40ba2398701fcdf8ef,HISG_8b40ba2398701fcd,HISG_8b40ba2398701fcd,FINAL_HOLDOUT,HARD_NEGATIVE,,LITERATURE_EXCLUDED_FALSE_HOMOLOG_FAMILY,Pfam_38.2_PF01634_seed,R4KQ53_9FIRM/51-207,3277d5fed8a340f9afbf004bdcc3ce2b819522f148e87fba7d09c83dde8dc05e
NEG_PF01634_8b66a760fdb55b09ed85,HISG_8b66a760fdb55b09,HISG_8b66a760fdb55b09,FINAL_HOLDOUT,HARD_NEGATIVE,,LITERATURE_EXCLUDED_FALSE_HOMOLOG_FAMILY,Pfam_38.2_PF01634_seed,G9MGQ1_HYPVG/58-238,6964d95abde2f9f9102e19c5e844c598fe9134233ac805405bfd50d132406c59
NEG_PF01634_8b8ba05a18063ae007be,HISG_8b8ba05a18063ae0,HISG_8b8ba05a18063ae0,CALIBRATION,HARD_NEGATIVE,,LITERATURE_EXCLUDED_FALSE_HOMOLOG_FAMILY,Pfam_38.2_PF01634_seed,A0A388SCE9_9BURK/51-207,346e1c7ec1726ac1470f2c3a6ac1a94ff0fff4cc8ce3ea5b0f2f126e658484b5
NEG_PF01634_8cb4d16b7a417d114edf,HISG_8cb4d16b7a417d11,HISG_8cb4d16b7a417d11,CALIBRATION,HARD_NEGATIVE,,LITERATURE_EXCLUDED_FALSE_HOMOLOG_FAMILY,Pfam_38.2_PF01634_seed,F7YYR5_9THEM/52-206,6c25f4b6e2e8fa8af77aa6bfc651b78f7823d775369efd15fbc821a9206e0a26
NEG_PF01634_8d058f563c05892c895c,HISG_8d058f563c05892c,HISG_8d058f563c05892c,CALIBRATION,HARD_NEGATIVE,,LITERATURE_EXCLUDED_FALSE_HOMOLOG_FAMILY,Pfam_38.2_PF01634_seed,F2JX57_MARM1/53-205,6646d38d55427d326ec81ae36b0a681066aaf357031196ef07eb578d7f805200
NEG_PF01634_8d218cdeb5f28be22791,HISG_8d218cdeb5f28be2,HISG_8d218cdeb5f28be2,FINAL_HOLDOUT,HARD_NEGATIVE,,LITERATURE_EXCLUDED_FALSE_HOMOLOG_FAMILY,Pfam_38.2_PF01634_seed,F9XFC0_ZYMTI/58-237,5cd1ddad52ff82c3f03a75cd5ab8991ec77d80e80d7652791d68b7e1245b6fc6
NEG_PF01634_8d5608406aefdb7e3a62,HISG_8d5608406aefdb7e,HISG_8d5608406aefdb7e,CALIBRATION,HARD_NEGATIVE,,LITERATURE_EXCLUDED_FALSE_HOMOLOG_FAMILY,Pfam_38.2_PF01634_seed,C9LTV2_SELS3/58-213,a6e7f7b88deb94292ba7b0e6fd768b665804a38d2f6f2fb932fff48bc0ffca4b
NEG_PF01634_8d9959c36e54a1cbc8e0,HISG_8d9959c36e54a1cb,HISG_8d9959c36e54a1cb,FINAL_HOLDOUT,HARD_NEGATIVE,,LITERATURE_EXCLUDED_FALSE_HOMOLOG_FAMILY,Pfam_38.2_PF01634_seed,F2NHU1_DESAR/52-215,664a6e4e9a98f5a77cb35159db63be30ada810239fa02fef7df5a72ae46f9920
NEG_PF01634_8e15d1ef99642c130cbe,HISG_8e15d1ef99642c13,HISG_8e15d1ef99642c13,CALIBRATION,HARD_NEGATIVE,,LITERATURE_EXCLUDED_FALSE_HOMOLOG_FAMILY,Pfam_38.2_PF01634_seed,M4DTZ8_BRACM/119-296,868f56f2c83b47d8c0262aa33c48464408db695e6e634bbd16008f82c7a7140e
NEG_PF01634_8e48cb587d47be4b022c,HISG_8e48cb587d47be4b,HISG_8e48cb587d47be4b,FINAL_HOLDOUT,HARD_NEGATIVE,,LITERATURE_EXCLUDED_FALSE_HOMOLOG_FAMILY,Pfam_38.2_PF01634_seed,D2R812_PIRSD/51-204,07d2f258d136e0f1f335178a5404f0f5f2f461cf8e11ce789f1819cc40f09930
NEG_PF01634_8e52ebd3a3d6ffbd49e1,HISG_8e52ebd3a3d6ffbd,HISG_8e52ebd3a3d6ffbd,FINAL_HOLDOUT,HARD_NEGATIVE,,LITERATURE_EXCLUDED_FALSE_HOMOLOG_FAMILY,Pfam_38.2_PF01634_seed,HIS1_STAEQ/51-198,e1f6543c6b8ae0639a94d5dc25755c442136367d74cb2ab7590a4f91217f37bd
NEG_PF01634_8e6dae45cf24ff303fbb,HISG_8e6dae45cf24ff30,HISG_8e6dae45cf24ff30,CALIBRATION,HARD_NEGATIVE,,LITERATURE_EXCLUDED_FALSE_HOMOLOG_FAMILY,Pfam_38.2_PF01634_seed,E3CYZ5_9BACT/49-205,160201f2b5cf6ab2982fb9e601f7bed4d43820f975f26896b8662b3fa9581731
NEG_PF01634_8e9128682f5c4b1fb015,HISG_8e9128682f5c4b1f,HISG_8e9128682f5c4b1f,FINAL_HOLDOUT,HARD_NEGATIVE,,LITERATURE_EXCLUDED_FALSE_HOMOLOG_FAMILY,Pfam_38.2_PF01634_seed,HIS1_NITSB/47-200,744c825f11cbbbd3877f9d28c59622209c83280759b5daa8847a2a77052d85bc
NEG_PF01634_8f2e9d42ec26568fdff0,HISG_8f2e9d42ec26568f,HISG_8f2e9d42ec26568f,FINAL_HOLDOUT,HARD_NEGATIVE,,LITERATURE_EXCLUDED_FALSE_HOMOLOG_FAMILY,Pfam_38.2_PF01634_seed,D2PMB8_KRIFD/49-202,046190031ea34eb4e2d0c6e6f16071c7947bfedcd93c77c0ef96c29956d3510a
NEG_PF01634_8f754051c9b0e520af61,HISG_8f754051c9b0e520,HISG_8f754051c9b0e520,CALIBRATION,HARD_NEGATIVE,,LITERATURE_EXCLUDED_FALSE_HOMOLOG_FAMILY,Pfam_38.2_PF01634_seed,B2A6X7_NATTJ/56-209,1b5f703005280b0c08f9efa110767c328417c4123852cf1961402c11debdc059
NEG_PF01634_8fbe03932fc7ba8af58c,HISG_8fbe03932fc7ba8a,HISG_8fbe03932fc7ba8a,FINAL_HOLDOUT,HARD_NEGATIVE,,LITERATURE_EXCLUDED_FALSE_HOMOLOG_FAMILY,Pfam_38.2_PF01634_seed,A0A401LDT7_9FIRM/54-206,8a08be1a2cd0b60a67ca9ee122461e81a404481f354940424c257cb2238fc529
NEG_PF01634_8fd1fd463329fcc9b665,HISG_8fd1fd463329fcc9,HISG_8fd1fd463329fcc9,FINAL_HOLDOUT,HARD_NEGATIVE,,LITERATURE_EXCLUDED_FALSE_HOMOLOG_FAMILY,Pfam_38.2_PF01634_seed,W8WSQ7_CASD6/55-209,7f1c85705a2504356bc56404ba50a0b3339b1efb4b8c147031a9b64627a40e64
NEG_PF01634_8fee2d35b3c126cb3534,HISG_8fee2d35b3c126cb,HISG_8fee2d35b3c126cb,CALIBRATION,HARD_NEGATIVE,,LITERATURE_EXCLUDED_FALSE_HOMOLOG_FAMILY,Pfam_38.2_PF01634_seed,U5N8W5_9BURK/52-204,5915628cdfdac7d84fc9bb02d1faef4a1a7d6f2a4dd5bf52b5f490914db9a12a
NEG_PF01634_905d807832ff3c4c4146,HISG_905d807832ff3c4c,HISG_905d807832ff3c4c,FINAL_HOLDOUT,HARD_NEGATIVE,,LITERATURE_EXCLUDED_FALSE_HOMOLOG_FAMILY,Pfam_38.2_PF01634_seed,F2JGV4_CELLD/53-207,bbb1b2ea1c98c50d990e3d79924443ea373c1303ed0be46da7671719cdf800c0
NEG_PF01634_90aa2caaab3d595033fe,HISG_90aa2caaab3d5950,HISG_90aa2caaab3d5950,FINAL_HOLDOUT,HARD_NEGATIVE,,LITERATURE_EXCLUDED_FALSE_HOMOLOG_FAMILY,Pfam_38.2_PF01634_seed,HIS1_BIFAA/49-204,3353cd1dc3cc8de5b691471d205e43a9f20893e387dde2e7a860c18570690417
NEG_PF01634_910ae5537b2ba4ef6535,HISG_910ae5537b2ba4ef,HISG_910ae5537b2ba4ef,CALIBRATION,HARD_NEGATIVE,,LITERATURE_EXCLUDED_FALSE_HOMOLOG_FAMILY,Pfam_38.2_PF01634_seed,D6Z3C5_DESAT/50-212,4dbf5bc0f0a5d12947a94dcd78f9662cf3827af49c5433de3e22e5f04b95eeeb
NEG_PF01634_912e487c613a1de50932,HISG_912e487c613a1de5,HISG_912e487c613a1de5,FINAL_HOLDOUT,HARD_NEGATIVE,,LITERATURE_EXCLUDED_FALSE_HOMOLOG_FAMILY,Pfam_38.2_PF01634_seed,F5YL03_TREPZ/50-201,0654143c3f129db452ca378d43c9ddffb9b234748d669b5cfdcff8c40116a962
NEG_PF01634_91e30f6c187985488124,HISG_91e30f6c18798548,HISG_91e30f6c18798548,FINAL_HOLDOUT,HARD_NEGATIVE,,LITERATURE_EXCLUDED_FALSE_HOMOLOG_FAMILY,Pfam_38.2_PF01634_seed,S0EW55_CHTCT/52-213,fa36fc5e260db694d3a5f43d3bb1cac2d47d6212cd2daa18dc7734f661846496
NEG_PF01634_9300904541e6f0d2534d,HISG_9300904541e6f0d2,HISG_9300904541e6f0d2,FINAL_HOLDOUT,HARD_NEGATIVE,,LITERATURE_EXCLUDED_FALSE_HOMOLOG_FAMILY,Pfam_38.2_PF01634_seed,K9Z1W6_CYAAP/52-206,9dd2262ef15ce094d59aabf376552545b32ca1fc4727c5786a2bf81b63732cea
NEG_PF01634_933199a974914b83928c,HISG_933199a974914b83,HISG_933199a974914b83,FINAL_HOLDOUT,HARD_NEGATIVE,,LITERATURE_EXCLUDED_FALSE_HOMOLOG_FAMILY,Pfam_38.2_PF01634_seed,M5EBL1_MALS4/61-233,fabf2cebe050d44ec1517f6edac4f4c323874c0307ce5bdf291c736c12e39818
NEG_PF01634_93322b4fd4b9cc266ea6,HISG_93322b4fd4b9cc26,HISG_93322b4fd4b9cc26,FINAL_HOLDOUT,HARD_NEGATIVE,,LITERATURE_EXCLUDED_FALSE_HOMOLOG_FAMILY,Pfam_38.2_PF01634_seed,C6Y3G1_PEDHD/51-204,e814e2a9949f7f88c4a748cba87d7aacb26b325d7525375b60328cc8c9131873
NEG_PF01634_94151de438cbf9e5c0e2,HISG_94151de438cbf9e5,HISG_94151de438cbf9e5,CALIBRATION,HARD_NEGATIVE,,LITERATURE_EXCLUDED_FALSE_HOMOLOG_FAMILY,Pfam_38.2_PF01634_seed,F2LXL5_HIPMA/49-199,6b063532018bb495fe617a9ff562f23f76ec6dae0b2ac383fb8e989465ba39e4
NEG_PF01634_94392df9da6189ccd1d5,HISG_94392df9da6189cc,HISG_94392df9da6189cc,FINAL_HOLDOUT,HARD_NEGATIVE,,LITERATURE_EXCLUDED_FALSE_HOMOLOG_FAMILY,Pfam_38.2_PF01634_seed,E6WU13_PSEUU/60-227,0eb760ae02c620aaa122a7c928e7b039a60dd5e572380afb280428435554323a
NEG_PF01634_9451617185d6466f1701,HISG_9451617185d6466f,HISG_9451617185d6466f,FINAL_HOLDOUT,HARD_NEGATIVE,,LITERATURE_EXCLUDED_FALSE_HOMOLOG_FAMILY,Pfam_38.2_PF01634_seed,HIS1_IGNH4/49-203,deb214862f1d089001d67ebac4e34d7c13a8cd1debbe0a9a2432826087dee746
NEG_PF01634_9562fc03d1d879b46603,HISG_9562fc03d1d879b4,HISG_9562fc03d1d879b4,FINAL_HOLDOUT,HARD_NEGATIVE,,LITERATURE_EXCLUDED_FALSE_HOMOLOG_FAMILY,Pfam_38.2_PF01634_seed,HIS1_METFK/51-205,8dfac6f44e4a793bfc02179a6c2734ee42d6967c23e553613a4ed614caa1fa8a
NEG_PF01634_95b7a2572bfc3bf77706,HISG_95b7a2572bfc3bf7,HISG_95b7a2572bfc3bf7,CALIBRATION,HARD_NEGATIVE,,LITERATURE_EXCLUDED_FALSE_HOMOLOG_FAMILY,Pfam_38.2_PF01634_seed,D7CL10_SYNLT/55-209,5cbf0fc64192912d9429eee2f33ef45db71b70d1575199f9359a38c0ba89f3bf
NEG_PF01634_96e509d3ec452b7f7621,HISG_96e509d3ec452b7f,HISG_96e509d3ec452b7f,CALIBRATION,HARD_NEGATIVE,,LITERATURE_EXCLUDED_FALSE_HOMOLOG_FAMILY,Pfam_38.2_PF01634_seed,D3UI33_HELM1/47-200,2f158ce396a22fe77d5be79a3a689737c8ce41e86f941544e16a346eaf1e2ccc
NEG_PF01634_986bbaca031ee79ab40f,HISG_986bbaca031ee79a,HISG_986bbaca031ee79a,FINAL_HOLDOUT,HARD_NEGATIVE,,LITERATURE_EXCLUDED_FALSE_HOMOLOG_FAMILY,Pfam_38.2_PF01634_seed,M1NSR8_9CORY/49-202,b7d220bd7c5c9f613428f288acdf05b578f77eb17f5c37dcd44ad10b36fa760f
NEG_PF01634_98871e03bddb31993c03,HISG_98871e03bddb3199,HISG_98871e03bddb3199,CALIBRATION,HARD_NEGATIVE,,LITERATURE_EXCLUDED_FALSE_HOMOLOG_FAMILY,Pfam_38.2_PF01634_seed,Q6AF74_LEIXX/49-198,4600710766341003fb6be4cf07a06aff655cc02ed1cbc49ab307e2d69f7d4988
NEG_PF01634_98de8c639d7eea412b40,HISG_98de8c639d7eea41,HISG_98de8c639d7eea41,CALIBRATION,HARD_NEGATIVE,,LITERATURE_EXCLUDED_FALSE_HOMOLOG_FAMILY,Pfam_38.2_PF01634_seed,HIS1_CALS4/53-205,632ec666c5e18d40d8e6f553b3694a74e5b721b43bddcfa0b465dad09faf7977
NEG_PF01634_9927ee29fe625e5288c8,HISG_9927ee29fe625e52,HISG_9927ee29fe625e52,FINAL_HOLDOUT,HARD_NEGATIVE,,LITERATURE_EXCLUDED_FALSE_HOMOLOG_FAMILY,Pfam_38.2_PF01634_seed,D5GKQ7_TUBMM/58-219,4dc20ba78cdaed0e826eed74d6f4cfed16a8ca07629203a654d198a02da9b9d6
NEG_PF01634_99abf6cce30b9cba170d,HISG_99abf6cce30b9cba,HISG_99abf6cce30b9cba,FINAL_HOLDOUT,HARD_NEGATIVE,,LITERATURE_EXCLUDED_FALSE_HOMOLOG_FAMILY,Pfam_38.2_PF01634_seed,D5BQX2_PUNMI/57-219,82ff567ca0c67cd87b901569bb510b11527bdafc0c0530ae2238302caf902917
NEG_PF01634_9a67a46be055512645c8,HISG_9a67a46be0555126,HISG_9a67a46be0555126,CALIBRATION,HARD_NEGATIVE,,LITERATURE_EXCLUDED_FALSE_HOMOLOG_FAMILY,Pfam_38.2_PF01634_seed,D7GEE9_PROFC/54-208,a0ffde899ad84daa8c53fe6416ad9e667962b773f4042fdf90a8a8cade218fba
NEG_PF01634_9bd43ae4cfa53159f53d,HISG_9bd43ae4cfa53159,HISG_9bd43ae4cfa53159,FINAL_HOLDOUT,HARD_NEGATIVE,,LITERATURE_EXCLUDED_FALSE_HOMOLOG_FAMILY,Pfam_38.2_PF01634_seed,I4AME2_BERLS/59-214,1c27c4de5bf2bee06280e822c35112b1264b5bdd57aa3d4f9a2627f713ca23bf
NEG_PF01634_9bdef8ba199ac7c7cbc1,HISG_9bdef8ba199ac7c7,HISG_9bdef8ba199ac7c7,CALIBRATION,HARD_NEGATIVE,,LITERATURE_EXCLUDED_FALSE_HOMOLOG_FAMILY,Pfam_38.2_PF01634_seed,V5WF84_9SPIO/53-205,457ce4f585f011cfdd21c4a5ffe782984ef6e339835acecfb64c65b8d011e057
NEG_PF01634_9be340425bd39e80df68,HISG_9be340425bd39e80,HISG_9be340425bd39e80,CALIBRATION,HARD_NEGATIVE,,LITERATURE_EXCLUDED_FALSE_HOMOLOG_FAMILY,Pfam_38.2_PF01634_seed,E1QDF1_DESB2/51-211,4d00197ff0217390304a508af894f85ded21943ce0751a9ec010b16180c4e223
NEG_PF01634_9bf6b395c54f3a1034cf,HISG_9bf6b395c54f3a10,HISG_9bf6b395c54f3a10,CALIBRATION,HARD_NEGATIVE,,LITERATURE_EXCLUDED_FALSE_HOMOLOG_FAMILY,Pfam_38.2_PF01634_seed,A0LCJ1_MAGMM/51-213,06ffe75b84bcca1913c708c95af30789f3aa7deacd343f55f44c4c5fbd7c684e
NEG_PF01634_9c21a8a177c2517d9ac3,HISG_9c21a8a177c2517d,HISG_9c21a8a177c2517d,CALIBRATION,HARD_NEGATIVE,,LITERATURE_EXCLUDED_FALSE_HOMOLOG_FAMILY,Pfam_38.2_PF01634_seed,A0A416Z0I4_9FIRM/59-212,b5988e8d668fbada8a89e605aa08f849382611a0276273415b2fba2ddd1015ce
NEG_PF01634_9d31e0533b19c41aad53,HISG_9d31e0533b19c41a,HISG_9d31e0533b19c41a,FINAL_HOLDOUT,HARD_NEGATIVE,,LITERATURE_EXCLUDED_FALSE_HOMOLOG_FAMILY,Pfam_38.2_PF01634_seed,D5XD54_THEPJ/54-210,195cf725bdcdf81604057ca9b2034c38a36a0e0c0517743c36342f2e95d19111
NEG_PF01634_9d3e2f0e882219f57b86,HISG_9d3e2f0e882219f5,HISG_9d3e2f0e882219f5,CALIBRATION,HARD_NEGATIVE,,LITERATURE_EXCLUDED_FALSE_HOMOLOG_FAMILY,Pfam_38.2_PF01634_seed,HIS1_THET8/53-202,c4706918c3e1259f5ccb113413e0d7e3d7afc9c64b90642a45f7924590e4437b
NEG_PF01634_9db051b2f0adfee03def,HISG_9db051b2f0adfee0,HISG_9db051b2f0adfee0,CALIBRATION,HARD_NEGATIVE,,LITERATURE_EXCLUDED_FALSE_HOMOLOG_FAMILY,Pfam_38.2_PF01634_seed,HIS1_HALSA/49-203,281d064cd909f7f29dc104d3aa7bb6c0d043064f8715dd87fb809e12eede3370
NEG_PF01634_9defe14aafc55c08768e,HISG_9defe14aafc55c08,HISG_9defe14aafc55c08,FINAL_HOLDOUT,HARD_NEGATIVE,,LITERATURE_EXCLUDED_FALSE_HOMOLOG_FAMILY,Pfam_38.2_PF01634_seed,H2B240_KAZAF/58-218,19f8f0492983fcc9c898717d4c67c3b2d5b93ff2a19581ed5bdec610e8d4be0b
NEG_PF01634_9df3a4bfb4d82de26cc3,HISG_9df3a4bfb4d82de2,HISG_9df3a4bfb4d82de2,CALIBRATION,HARD_NEGATIVE,,LITERATURE_EXCLUDED_FALSE_HOMOLOG_FAMILY,Pfam_38.2_PF01634_seed,K9RVR3_SYNP3/52-206,aaccc4e6f9deae558c142a0c7c52100d9999b5bbeebe1e6e077e2e65c406e0b8
NEG_PF01634_9e1cea789da6c6fd64bd,HISG_9e1cea789da6c6fd,HISG_9e1cea789da6c6fd,FINAL_HOLDOUT,HARD_NEGATIVE,,LITERATURE_EXCLUDED_FALSE_HOMOLOG_FAMILY,Pfam_38.2_PF01634_seed,C6XQP5_HIRBI/54-230,63e1bcaaa8097badf290739e9b5b3971951e9d89c117e4cf349feba85e11ed25
NEG_PF01634_a121b6728b5be5a84acd,HISG_a121b6728b5be5a8,HISG_a121b6728b5be5a8,CALIBRATION,HARD_NEGATIVE,,LITERATURE_EXCLUDED_FALSE_HOMOLOG_FAMILY,Pfam_38.2_PF01634_seed,D0KYU2_HALNC/55-207,82cac552f968dd959dbec56f2fcbcb49ca40061230746b7a202abdec3a16bf71
NEG_PF01634_a1e32ab82cf70a3352a3,HISG_a1e32ab82cf70a33,HISG_a1e32ab82cf70a33,CALIBRATION,HARD_NEGATIVE,,LITERATURE_EXCLUDED_FALSE_HOMOLOG_FAMILY,Pfam_38.2_PF01634_seed,F4LLT9_TREBD/50-201,b14488b0f553bee4a28812b61853a5d7720d3edc5bafa3f3f0bb6c2e011553df
NEG_PF01634_a1e92b416d06906e8402,HISG_a1e92b416d06906e,HISG_a1e92b416d06906e,FINAL_HOLDOUT,HARD_NEGATIVE,,LITERATURE_EXCLUDED_FALSE_HOMOLOG_FAMILY,Pfam_38.2_PF01634_seed,H8KV43_SOLCM/51-204,1449fd7a371fa3cc4f7e7d4ee41e50856d849e0e29b597ee816ae21cc7a27933
NEG_PF01634_a1ea5bbe1bbce2589eac,HISG_a1ea5bbe1bbce258,HISG_a1ea5bbe1bbce258,FINAL_HOLDOUT,HARD_NEGATIVE,,LITERATURE_EXCLUDED_FALSE_HOMOLOG_FAMILY,Pfam_38.2_PF01634_seed,HIS1_SULTO/49-206,d6f1dd077e025914e371363c22c6b36970f52662a23a76f58b8b792bdaec4538
NEG_PF01634_a277458649d228175385,HISG_a277458649d22817,HISG_a277458649d22817,FINAL_HOLDOUT,HARD_NEGATIVE,,LITERATURE_EXCLUDED_FALSE_HOMOLOG_FAMILY,Pfam_38.2_PF01634_seed,A6VM07_ACTSZ/55-220,45a5cc8fbd73faa226c2dfb42d643f17d4f8531e0dfb24782e014ca35bbcccbf
NEG_PF01634_a289b282a0374df6fcce,HISG_a289b282a0374df6,HISG_a289b282a0374df6,FINAL_HOLDOUT,HARD_NEGATIVE,,LITERATURE_EXCLUDED_FALSE_HOMOLOG_FAMILY,Pfam_38.2_PF01634_seed,C4QXU6_KOMPG/58-218,6a1e00327ae4e963ad8b14e208feb0183fe2b46cd6258a5cb443ee148429159f
NEG_PF01634_a36f27416d4870e6a141,HISG_a36f27416d4870e6,HISG_a36f27416d4870e6,FINAL_HOLDOUT,HARD_NEGATIVE,,LITERATURE_EXCLUDED_FALSE_HOMOLOG_FAMILY,Pfam_38.2_PF01634_seed,V4JP83_9GAMM/56-215,68652d3f9d251bfb41696b055f108247bf515874833bb5926e185e1d8eb37f51
NEG_PF01634_a379d537122e5e3306f3,HISG_a379d537122e5e33,HISG_a379d537122e5e33,CALIBRATION,HARD_NEGATIVE,,LITERATURE_EXCLUDED_FALSE_HOMOLOG_FAMILY,Pfam_38.2_PF01634_seed,N0B061_9BACI/51-202,b3f4c173ca3a70faf9e5b111026d895e43a35ece0a3c12e35bbf724b4583b792
NEG_PF01634_a3b1f8d145df92537008,HISG_a3b1f8d145df9253,HISG_a3b1f8d145df9253,FINAL_HOLDOUT,HARD_NEGATIVE,,LITERATURE_EXCLUDED_FALSE_HOMOLOG_FAMILY,Pfam_38.2_PF01634_seed,C1E526_MICCC/126-289,a359a93861f2ab126920708411fa63c1a2502a9467db849a006182dbb34b20dd
NEG_PF01634_a47d8837845a1f72bc36,HISG_a47d8837845a1f72,HISG_a47d8837845a1f72,CALIBRATION,HARD_NEGATIVE,,LITERATURE_EXCLUDED_FALSE_HOMOLOG_FAMILY,Pfam_38.2_PF01634_seed,D8PBY3_9BACT/65-219,0260adca835826f5425e3d9729bed6cfb70fe81ddf2c3d7788324b418892d416
NEG_PF01634_a4d746967c09c4bc6d1d,HISG_a4d746967c09c4bc,HISG_a4d746967c09c4bc,FINAL_HOLDOUT,HARD_NEGATIVE,,LITERATURE_EXCLUDED_FALSE_HOMOLOG_FAMILY,Pfam_38.2_PF01634_seed,D2RJP9_ACIFV/53-208,e23ef6be4a8ee672250bce077a71120942cee1cf35597dc2e07d1437caaab5c4
NEG_PF01634_a5278ca8ec6734dd6b50,HISG_a5278ca8ec6734dd,HISG_a5278ca8ec6734dd,CALIBRATION,HARD_NEGATIVE,,LITERATURE_EXCLUDED_FALSE_HOMOLOG_FAMILY,Pfam_38.2_PF01634_seed,HIS1_STAA8/51-198,8824bdb1eb57d111b7e46e6a183558b32fafae41de46450741a306025cae6baa
NEG_PF01634_a5f6cdc82ee5c59c8c98,HISG_a5f6cdc82ee5c59c,HISG_a5f6cdc82ee5c59c,CALIBRATION,HARD_NEGATIVE,,LITERATURE_EXCLUDED_FALSE_HOMOLOG_FAMILY,Pfam_38.2_PF01634_seed,G8Y6G8_PICSO/58-220,2dda35445bd06d04925b9dccf5996c5d72554501f297b41e797456d8302567be
NEG_PF01634_a61a054435fa89d280f4,HISG_a61a054435fa89d2,HISG_a61a054435fa89d2,CALIBRATION,HARD_NEGATIVE,,LITERATURE_EXCLUDED_FALSE_HOMOLOG_FAMILY,Pfam_38.2_PF01634_seed,HIS1_SYNR3/52-208,6d3bf491160ba9f782a9ad182937132ae2ab66729b4ccd7407a24edae8933a3a
NEG_PF01634_a73817690f796352d251,HISG_a73817690f796352,HISG_a73817690f796352,FINAL_HOLDOUT,HARD_NEGATIVE,,LITERATURE_EXCLUDED_FALSE_HOMOLOG_FAMILY,Pfam_38.2_PF01634_seed,L0KTS7_METHD/49-210,a30165f23ae08999bff4c36ae0164a612820d70fd2708b541be09977c8e3c231
NEG_PF01634_a988192961bf71bd1d87,HISG_a988192961bf71bd,HISG_a988192961bf71bd,CALIBRATION,HARD_NEGATIVE,,LITERATURE_EXCLUDED_FALSE_HOMOLOG_FAMILY,Pfam_38.2_PF01634_seed,C7Q4Q2_CATAD/49-208,b81b9a8c2354060076c74be977737400ac0ac268510df2b981888d91a1f3a956
NEG_PF01634_aab2b66a959b7c38985b,HISG_aab2b66a959b7c38,HISG_aab2b66a959b7c38,FINAL_HOLDOUT,HARD_NEGATIVE,,LITERATURE_EXCLUDED_FALSE_HOMOLOG_FAMILY,Pfam_38.2_PF01634_seed,S3CR49_GLAL2/72-262,b30699cd07115aa749300973d6cbf9cbbe78aba00207400eba949d3ee315d124
NEG_PF01634_aac86284be5bcfb19d11,HISG_aac86284be5bcfb1,HISG_aac86284be5bcfb1,CALIBRATION,HARD_NEGATIVE,,LITERATURE_EXCLUDED_FALSE_HOMOLOG_FAMILY,Pfam_38.2_PF01634_seed,I0IR05_LEPFC/67-219,996e8cc58b755a0f117dbcabdd78168512968d283e7e87a250efe379fc928fc7
NEG_PF01634_ac57c80a9195e52e153d,HISG_ac57c80a9195e52e,HISG_ac57c80a9195e52e,FINAL_HOLDOUT,HARD_NEGATIVE,,LITERATURE_EXCLUDED_FALSE_HOMOLOG_FAMILY,Pfam_38.2_PF01634_seed,A5I240_CLOBH/58-211,12b91a09582cad06e5870b32e594eb3bd5d26afebb7a497ddc18d6eccf39c060
NEG_PF01634_ad0b6aa357a9475c87ac,HISG_ad0b6aa357a9475c,HISG_ad0b6aa357a9475c,CALIBRATION,HARD_NEGATIVE,,LITERATURE_EXCLUDED_FALSE_HOMOLOG_FAMILY,Pfam_38.2_PF01634_seed,H1Z4J1_9EURY/59-214,e0b67ede99c118d485badb8dbcb56336f5d95f207a9c475c1d410b0fe6f73aad
NEG_PF01634_ad105c079bcdf2cb844f,HISG_ad105c079bcdf2cb,HISG_ad105c079bcdf2cb,CALIBRATION,HARD_NEGATIVE,,LITERATURE_EXCLUDED_FALSE_HOMOLOG_FAMILY,Pfam_38.2_PF01634_seed,V4JH71_9GAMM/50-212,055f2a66e29226039f01b21bad08d6fc1bd6794460b2e4fc86d48542659c2262
NEG_PF01634_ad419e086a9e967a9ab9,HISG_ad419e086a9e967a,HISG_ad419e086a9e967a,CALIBRATION,HARD_NEGATIVE,,LITERATURE_EXCLUDED_FALSE_HOMOLOG_FAMILY,Pfam_38.2_PF01634_seed,A8PXL8_MALGO/61-234,a9008d7b63605f02ba8646ba485d7c372c6af33d570f6d421eca418c4b627210
NEG_PF01634_ada1745b697ec8636fdf,HISG_ada1745b697ec863,HISG_ada1745b697ec863,FINAL_HOLDOUT,HARD_NEGATIVE,,LITERATURE_EXCLUDED_FALSE_HOMOLOG_FAMILY,Pfam_38.2_PF01634_seed,C8V7A0_EMENI/58-227,45430c26b8939bd2738eec852ac40d9987f62a4a8349acfaa2c294212b2f467b
NEG_PF01634_add2f3254fa4cf300323,HISG_add2f3254fa4cf30,HISG_add2f3254fa4cf30,FINAL_HOLDOUT,HARD_NEGATIVE,,LITERATURE_EXCLUDED_FALSE_HOMOLOG_FAMILY,Pfam_38.2_PF01634_seed,K0JZI9_SACES/51-208,74238e53b0349ce07b512ff2f3257fec58f6154fddfc1f50b23a54fe94314d5d
NEG_PF01634_ae16547371cb2c907d35,HISG_ae16547371cb2c90,HISG_ae16547371cb2c90,CALIBRATION,HARD_NEGATIVE,,LITERATURE_EXCLUDED_FALSE_HOMOLOG_FAMILY,Pfam_38.2_PF01634_seed,K5X7S1_AGABU/57-223,8de05b31cf9622667d57b67cfd7e99269424c994b99542e55d288852da2905cb
NEG_PF01634_ae70027040682d0e1bdb,HISG_ae70027040682d0e,HISG_ae70027040682d0e,CALIBRATION,HARD_NEGATIVE,,LITERATURE_EXCLUDED_FALSE_HOMOLOG_FAMILY,Pfam_38.2_PF01634_seed,HIS1_SYMTH/54-210,b01bfb9b183acc9bd6c14bdffefe10fb672221c49c19a8033c1179fbcd9bdf84
NEG_PF01634_ae9f9167ea6277fa6c89,HISG_ae9f9167ea6277fa,HISG_ae9f9167ea6277fa,CALIBRATION,HARD_NEGATIVE,,LITERATURE_EXCLUDED_FALSE_HOMOLOG_FAMILY,Pfam_38.2_PF01634_seed,HIS1_RUBXD/51-204,4602b8bb8a6cb7d9539e1c438e00f438d8ae023d99a6a31e9bc33219c98da2f5
NEG_PF01634_aee0115c2dd77e4d728a,HISG_aee0115c2dd77e4d,HISG_aee0115c2dd77e4d,FINAL_HOLDOUT,HARD_NEGATIVE,,LITERATURE_EXCLUDED_FALSE_HOMOLOG_FAMILY,Pfam_38.2_PF01634_seed,E3HCR0_ILYPC/52-203,92faa1f2421d899298694002087a5eda1975a69ea6b0ba3ebd7259d04067a7a3
NEG_PF01634_af75c8d926740e158aa7,HISG_af75c8d926740e15,HISG_af75c8d926740e15,CALIBRATION,HARD_NEGATIVE,,LITERATURE_EXCLUDED_FALSE_HOMOLOG_FAMILY,Pfam_38.2_PF01634_seed,D3SV22_NATMM/49-202,46a97e18d16539053319cdb72fb158313f4eddefc43708505ae748cc4560d71a
NEG_PF01634_b193b62f162a29b3f06d,HISG_b193b62f162a29b3,HISG_b193b62f162a29b3,CALIBRATION,HARD_NEGATIVE,,LITERATURE_EXCLUDED_FALSE_HOMOLOG_FAMILY,Pfam_38.2_PF01634_seed,L0GTI1_9GAMM/50-212,de0a734d8246ba1b02661ce559b9cdbf48fa032769bd0c85495affadcdcc8f2e
NEG_PF01634_b1f193de03c3c2c8c935,HISG_b1f193de03c3c2c8,HISG_b1f193de03c3c2c8,FINAL_HOLDOUT,HARD_NEGATIVE,,LITERATURE_EXCLUDED_FALSE_HOMOLOG_FAMILY,Pfam_38.2_PF01634_seed,C8WUX5_ALIAD/53-203,9672e7b0d835a0a948d8c8d0a6e7d244077492a1f01907f79d98cfa65797365d
NEG_PF01634_b1f4be2591aebddb80a3,HISG_b1f4be2591aebddb,HISG_b1f4be2591aebddb,CALIBRATION,HARD_NEGATIVE,,LITERATURE_EXCLUDED_FALSE_HOMOLOG_FAMILY,Pfam_38.2_PF01634_seed,A7TGA4_VANPO/58-218,9169e99f0a4741da6638c747b59815c0bae323188a6f09c0cf26b804b4c9d40b
NEG_PF01634_b22a755a1ed3ef35a595,HISG_b22a755a1ed3ef35,HISG_b22a755a1ed3ef35,CALIBRATION,HARD_NEGATIVE,,LITERATURE_EXCLUDED_FALSE_HOMOLOG_FAMILY,Pfam_38.2_PF01634_seed,K9SM62_9CYAN/52-208,e6d115abc6bb1f3b70ceb9f825f6adadd492a84db39142bf040eaae7b4f65c23
NEG_PF01634_b2c37e87e8db5c589582,HISG_b2c37e87e8db5c58,HISG_b2c37e87e8db5c58,CALIBRATION,HARD_NEGATIVE,,LITERATURE_EXCLUDED_FALSE_HOMOLOG_FAMILY,Pfam_38.2_PF01634_seed,F5XS39_MICPN/54-207,5b9d227439a23a309d43fe1ca8473a3e43f179236ed327a28bb738d87b46241c
NEG_PF01634_b52cf9cfb4e9b7d46870,HISG_b52cf9cfb4e9b7d4,HISG_b52cf9cfb4e9b7d4,FINAL_HOLDOUT,HARD_NEGATIVE,,LITERATURE_EXCLUDED_FALSE_HOMOLOG_FAMILY,Pfam_38.2_PF01634_seed,HIS1_SALRD/49-204,b6f926a1193a1bf89c599560aec050d582ce740f9d6d410371aa2e78d682c562
NEG_PF01634_b5637be37241380f95eb,HISG_b5637be37241380f,HISG_b5637be37241380f,FINAL_HOLDOUT,HARD_NEGATIVE,,LITERATURE_EXCLUDED_FALSE_HOMOLOG_FAMILY,Pfam_38.2_PF01634_seed,G8R6I2_OWEHD/51-206,83e7eaa8fbcaa0ded2c22d5bcd132c969c5869117418aab418e012f76f41d85e
NEG_PF01634_b675fb69f41284336e0f,HISG_b675fb69f4128433,HISG_b675fb69f4128433,CALIBRATION,HARD_NEGATIVE,,LITERATURE_EXCLUDED_FALSE_HOMOLOG_FAMILY,Pfam_38.2_PF01634_seed,A8IBU0_AZOC5/55-230,f6193e0cf9929736d4e70273ef2aefcb744403be5876423910e5698d965c00e6
NEG_PF01634_b68796e12c0dca06330c,HISG_b68796e12c0dca06,HISG_b68796e12c0dca06,FINAL_HOLDOUT,HARD_NEGATIVE,,LITERATURE_EXCLUDED_FALSE_HOMOLOG_FAMILY,Pfam_38.2_PF01634_seed,D9SL19_CLOC7/53-206,e405fd5c5efaea82acbd654a35fbd14b3df7c420589bbd0b318e18435a641290
NEG_PF01634_b7555743b78fbfcb7b78,HISG_b7555743b78fbfcb,HISG_b7555743b78fbfcb,CALIBRATION,HARD_NEGATIVE,,LITERATURE_EXCLUDED_FALSE_HOMOLOG_FAMILY,Pfam_38.2_PF01634_seed,E3I4K8_RHOVT/54-231,0c509453e54a7c1be64b3e9ba44210556fb312ca64ff72d153e37ec04c595a64
NEG_PF01634_b7f03810199d7d46a2e8,HISG_b7f03810199d7d46,HISG_b7f03810199d7d46,CALIBRATION,HARD_NEGATIVE,,LITERATURE_EXCLUDED_FALSE_HOMOLOG_FAMILY,Pfam_38.2_PF01634_seed,HIS1_DESHY/55-217,6770977fd9b46135a77f7e97697889b9cb29d5bd610343291e64678a417faeb4
NEG_PF01634_b80123ff6ce4a39586ae,HISG_b80123ff6ce4a395,HISG_b80123ff6ce4a395,FINAL_HOLDOUT,HARD_NEGATIVE,,LITERATURE_EXCLUDED_FALSE_HOMOLOG_FAMILY,Pfam_38.2_PF01634_seed,HIS1_CORDI/49-200,d4fffe70b88da5c17f865cc0957d285c6affbc1a36da8cabf38c8e9a9790c604
NEG_PF01634_b8a64b0167f9c1be3825,HISG_b8a64b0167f9c1be,HISG_b8a64b0167f9c1be,CALIBRATION,HARD_NEGATIVE,,LITERATURE_EXCLUDED_FALSE_HOMOLOG_FAMILY,Pfam_38.2_PF01634_seed,I0HEH1_ACTM4/49-208,b8d7a33ae63638f5b4d16204acb1324f9fc3fcd0c875affdcecad20677acb5c1
NEG_PF01634_b8b5cf63315d945e1783,HISG_b8b5cf63315d945e,HISG_b8b5cf63315d945e,FINAL_HOLDOUT,HARD_NEGATIVE,,LITERATURE_EXCLUDED_FALSE_HOMOLOG_FAMILY,Pfam_38.2_PF01634_seed,D6Y1R9_THEBD/49-202,caf2691b7e64bed408c1eb12d37a79a696da2a8cfbe7ac9e3da74f270aae3d20
NEG_PF01634_ba052c0b48a7963ec1ad,HISG_ba052c0b48a7963e,HISG_ba052c0b48a7963e,FINAL_HOLDOUT,HARD_NEGATIVE,,LITERATURE_EXCLUDED_FALSE_HOMOLOG_FAMILY,Pfam_38.2_PF01634_seed,D7EAP6_METEZ/50-204,e8348d03cde90abcbc0720233b93e002cd8f80f931f491cc14992604570f76a3
NEG_PF01634_ba39a2a24665fb186250,HISG_ba39a2a24665fb18,HISG_ba39a2a24665fb18,CALIBRATION,HARD_NEGATIVE,,LITERATURE_EXCLUDED_FALSE_HOMOLOG_FAMILY,Pfam_38.2_PF01634_seed,B7FST0_PHATC/59-216,8153d34c59b56ce99c67f561e53a981ee72b48feccd07d07f8f89123ff525307
NEG_PF01634_ba7b40ddd161d5288d7f,HISG_ba7b40ddd161d528,HISG_ba7b40ddd161d528,CALIBRATION,HARD_NEGATIVE,,LITERATURE_EXCLUDED_FALSE_HOMOLOG_FAMILY,Pfam_38.2_PF01634_seed,G9WGE5_9LACO/54-204,6af34f37581be4fd7321d2dbfb5a2a57a9fd8544af49d89b705638133f4e6452
NEG_PF01634_ba9fe4b01f602a4284b6,HISG_ba9fe4b01f602a42,HISG_ba9fe4b01f602a42,FINAL_HOLDOUT,HARD_NEGATIVE,,LITERATURE_EXCLUDED_FALSE_HOMOLOG_FAMILY,Pfam_38.2_PF01634_seed,D3Q6A5_STANL/49-202,4e32746b30382ad33493bfe47152afadcb572283c7668c4728bc69c24f8a79fb
NEG_PF01634_bb29f2e9e18c6983e60e,HISG_bb29f2e9e18c6983,HISG_bb29f2e9e18c6983,FINAL_HOLDOUT,HARD_NEGATIVE,,LITERATURE_EXCLUDED_FALSE_HOMOLOG_FAMILY,Pfam_38.2_PF01634_seed,R4XER3_TAPDE/58-228,383f64ddfc91e2c40a0d8cca9ea1b69142a0cc81f609f3797b5e19c93cfbb58f
NEG_PF01634_bbab2327df0b143ae80d,HISG_bbab2327df0b143a,HISG_bbab2327df0b143a,FINAL_HOLDOUT,HARD_NEGATIVE,,LITERATURE_EXCLUDED_FALSE_HOMOLOG_FAMILY,Pfam_38.2_PF01634_seed,F2RCG4_STRVP/49-203,030661147f5372f235ad271a8b5905947240ae13f88cdfad5c17712cec7fec1a
NEG_PF01634_bc24e7209d28e06bed01,HISG_bc24e7209d28e06b,HISG_bc24e7209d28e06b,FINAL_HOLDOUT,HARD_NEGATIVE,,LITERATURE_EXCLUDED_FALSE_HOMOLOG_FAMILY,Pfam_38.2_PF01634_seed,A5DB59_PICGU/30-192,c900d3c0b80518ea80e1d6ceec723a4755f41a604f880cc76ecfc8d95103b456
NEG_PF01634_bdf8ad5431c1efa6311d,HISG_bdf8ad5431c1efa6,HISG_bdf8ad5431c1efa6,CALIBRATION,HARD_NEGATIVE,,LITERATURE_EXCLUDED_FALSE_HOMOLOG_FAMILY,Pfam_38.2_PF01634_seed,F4GZP5_CELFA/49-203,5cb88d321184bedff9341b02f8b4d1b5e5b3b204f1bfb5b3e4282567b2173b89
NEG_PF01634_be4506f68ff8d859a351,HISG_be4506f68ff8d859,HISG_be4506f68ff8d859,CALIBRATION,HARD_NEGATIVE,,LITERATURE_EXCLUDED_FALSE_HOMOLOG_FAMILY,Pfam_38.2_PF01634_seed,C7N6L4_SLAHD/376-531,5e48a16b314664f6d0b373ac64d21ac7eebb7ff6289b7e89a6ab63e3b4bdc880
NEG_PF01634_bf08308a85592574b356,HISG_bf08308a85592574,HISG_bf08308a85592574,FINAL_HOLDOUT,HARD_NEGATIVE,,LITERATURE_EXCLUDED_FALSE_HOMOLOG_FAMILY,Pfam_38.2_PF01634_seed,F4R8I4_MELLP/7-182,a851593a991bffed692022df1fe1678932b78d648f843707ff265f2d3ae12768
NEG_PF01634_bf7bdfcc1f4f384c6b1a,HISG_bf7bdfcc1f4f384c,HISG_bf7bdfcc1f4f384c,CALIBRATION,HARD_NEGATIVE,,LITERATURE_EXCLUDED_FALSE_HOMOLOG_FAMILY,Pfam_38.2_PF01634_seed,F3YXQ4_DESAF/57-219,8d36fcef5e38617779daa3f9c5cc35c25735ce9efb7497ba01dc6ac370c28a3a
NEG_PF01634_c0f18509559f7e265ba6,HISG_c0f18509559f7e26,HISG_c0f18509559f7e26,CALIBRATION,HARD_NEGATIVE,,LITERATURE_EXCLUDED_FALSE_HOMOLOG_FAMILY,Pfam_38.2_PF01634_seed,Q058A8_BUCCC/53-219,d6c638a4ffb20e49bdf9b9ddfc6d2867943c901cb8af10991855d0b379928041
NEG_PF01634_c12f14f0b00aa788d77d,HISG_c12f14f0b00aa788,HISG_c12f14f0b00aa788,FINAL_HOLDOUT,HARD_NEGATIVE,,LITERATURE_EXCLUDED_FALSE_HOMOLOG_FAMILY,Pfam_38.2_PF01634_seed,HIS1_THIDA/55-208,f90427415b50e44b5c6f198bcd652d7ca123f4e12b5452e287f7c0fcf728f134
NEG_PF01634_c15f900e08b3feb2cf5c,HISG_c15f900e08b3feb2,HISG_c15f900e08b3feb2,CALIBRATION,HARD_NEGATIVE,,LITERATURE_EXCLUDED_FALSE_HOMOLOG_FAMILY,Pfam_38.2_PF01634_seed,E6TRF0_EVAC2/60-212,b93fa7505a85fc1c3ec7e1abbb417fc31299eafc561b59f6aa47b158f5458090
NEG_PF01634_c1bedd49faeb0ebc2ad0,HISG_c1bedd49faeb0ebc,HISG_c1bedd49faeb0ebc,CALIBRATION,HARD_NEGATIVE,,LITERATURE_EXCLUDED_FALSE_HOMOLOG_FAMILY,Pfam_38.2_PF01634_seed,C7M0T9_ACIFD/50-208,edc5cbbfb1e3da8cb2db625a5e395d519ab2d43eb1db6f8f97009fc3ec2608ed
NEG_PF01634_c25fd686d30255c2c43c,HISG_c25fd686d30255c2,HISG_c25fd686d30255c2,FINAL_HOLDOUT,HARD_NEGATIVE,,LITERATURE_EXCLUDED_FALSE_HOMOLOG_FAMILY,Pfam_38.2_PF01634_seed,HIS1_ALCBS/54-206,6accbc51013119557a360f4e9bba535c159820ed51a2780012314ea71a294996
NEG_PF01634_c28a756f90e9aa2a99ae,HISG_c28a756f90e9aa2a,HISG_c28a756f90e9aa2a,FINAL_HOLDOUT,HARD_NEGATIVE,,LITERATURE_EXCLUDED_FALSE_HOMOLOG_FAMILY,Pfam_38.2_PF01634_seed,Q1GJC8_RUEST/53-230,a2024633c43029911c9ec56d73e6f3a5b7b93adbc5512e12f543d9512c2ad547
NEG_PF01634_c305e7d4fd49f971600a,HISG_c305e7d4fd49f971,HISG_c305e7d4fd49f971,FINAL_HOLDOUT,HARD_NEGATIVE,,LITERATURE_EXCLUDED_FALSE_HOMOLOG_FAMILY,Pfam_38.2_PF01634_seed,I0AGQ4_IGNAJ/54-211,276cdca2f67d84a5a0fab0abfea19c8ec4a521193ff9a6a892387af9331b0794
NEG_PF01634_c555ee59122e3a459dfb,HISG_c555ee59122e3a45,HISG_c555ee59122e3a45,CALIBRATION,HARD_NEGATIVE,,LITERATURE_EXCLUDED_FALSE_HOMOLOG_FAMILY,Pfam_38.2_PF01634_seed,F2IDA7_FLUTR/51-206,fbf124c184b98645fff61715e60ffde3adc0b518e56f485a47b1b227ebf59f71
NEG_PF01634_c55ccb34790388107120,HISG_c55ccb3479038810,HISG_c55ccb3479038810,CALIBRATION,HARD_NEGATIVE,,LITERATURE_EXCLUDED_FALSE_HOMOLOG_FAMILY,Pfam_38.2_PF01634_seed,A4CLC9_ROBBH/51-206,302fbbadf682d1b314ed8fd0db28ab19ac599a986a0a2a06a6baee8d958f93a1
NEG_PF01634_c5f4104af8ae9c8a1913,HISG_c5f4104af8ae9c8a,HISG_c5f4104af8ae9c8a,FINAL_HOLDOUT,HARD_NEGATIVE,,LITERATURE_EXCLUDED_FALSE_HOMOLOG_FAMILY,Pfam_38.2_PF01634_seed,E6SHF3_THEM7/69-237,05545d570c718988ca2b4a4ce41fb7259dcf24b9a72dd00fcb88087972094be4
NEG_PF01634_c71249f217b93a1bd879,HISG_c71249f217b93a1b,HISG_c71249f217b93a1b,FINAL_HOLDOUT,HARD_NEGATIVE,,LITERATURE_EXCLUDED_FALSE_HOMOLOG_FAMILY,Pfam_38.2_PF01634_seed,J9W6F7_LENBU/54-203,8c881d76c717ca8f4eb1caf0eb38ecd929392383b31498024c86cbe60511bfa1
NEG_PF01634_c8d36ad945971abdf0e8,HISG_c8d36ad945971abd,HISG_c8d36ad945971abd,CALIBRATION,HARD_NEGATIVE,,LITERATURE_EXCLUDED_FALSE_HOMOLOG_FAMILY,Pfam_38.2_PF01634_seed,A0A3N4DDS0_9ACTN/49-202,d50d39502b2a2b0b5a21db6b5c4e5213be05a10c5a8877099e266f3ace272269
NEG_PF01634_c9281561c50d1858d777,HISG_c9281561c50d1858,HISG_c9281561c50d1858,FINAL_HOLDOUT,HARD_NEGATIVE,,LITERATURE_EXCLUDED_FALSE_HOMOLOG_FAMILY,Pfam_38.2_PF01634_seed,D3RWI7_FERPA/48-201,e690dd2b2231e4968b7e4bd329625505a44b7497b9e83c7b119749b42ee51928
NEG_PF01634_c9494294931e7427f3e0,HISG_c9494294931e7427,HISG_c9494294931e7427,CALIBRATION,HARD_NEGATIVE,,LITERATURE_EXCLUDED_FALSE_HOMOLOG_FAMILY,Pfam_38.2_PF01634_seed,HIS1_THEYD/52-213,d3f4a473a562f7cf6a78ae338020a769497782819065bdd4fad4ac1f43ab5253
NEG_PF01634_c9861b7d0a12a77e958c,HISG_c9861b7d0a12a77e,HISG_c9861b7d0a12a77e,CALIBRATION,HARD_NEGATIVE,,LITERATURE_EXCLUDED_FALSE_HOMOLOG_FAMILY,Pfam_38.2_PF01634_seed,F8ADJ7_THEID/51-213,2351e529488f82f665d7b98733a3c35f7243c61d10f6c140649714b35a671da5
NEG_PF01634_ca3e8273702183ef9123,HISG_ca3e8273702183ef,HISG_ca3e8273702183ef,CALIBRATION,HARD_NEGATIVE,,LITERATURE_EXCLUDED_FALSE_HOMOLOG_FAMILY,Pfam_38.2_PF01634_seed,G7UNL1_PSEUP/60-225,f827d323b75069cc08fd45230d72f95d34b0d9fc13e0fdace667b0bd1b0e6fa3
NEG_PF01634_cad60c7b8d21ff58bd8c,HISG_cad60c7b8d21ff58,HISG_cad60c7b8d21ff58,CALIBRATION,HARD_NEGATIVE,,LITERATURE_EXCLUDED_FALSE_HOMOLOG_FAMILY,Pfam_38.2_PF01634_seed,V2X672_MONRO/77-243,5449904e59b61b0adb0640e00ca0325641642a13bf9abb841de4b107f75bd6ad
NEG_PF01634_cb2ff3927d6cf2096f2a,HISG_cb2ff3927d6cf209,HISG_cb2ff3927d6cf209,CALIBRATION,HARD_NEGATIVE,,LITERATURE_EXCLUDED_FALSE_HOMOLOG_FAMILY,Pfam_38.2_PF01634_seed,D7BV67_STRBB/49-203,0728f9d1018475d6720818c4438e55bdaa37dffafe1355463edd06227ea26aba
NEG_PF01634_cbdbabd9a836715c0306,HISG_cbdbabd9a836715c,HISG_cbdbabd9a836715c,FINAL_HOLDOUT,HARD_NEGATIVE,,LITERATURE_EXCLUDED_FALSE_HOMOLOG_FAMILY,Pfam_38.2_PF01634_seed,S3BW49_OPHP1/58-245,ed24b5b7c4359b7cb17f1e6e3efe8b47959f8b07625f72550a455bd592180ffc
NEG_PF01634_cda0644a70404a636c43,HISG_cda0644a70404a63,HISG_cda0644a70404a63,CALIBRATION,HARD_NEGATIVE,,LITERATURE_EXCLUDED_FALSE_HOMOLOG_FAMILY,Pfam_38.2_PF01634_seed,E4NQZ7_HALBP/49-202,44c87d242bf7d6738062b8ae1ab990637f1c247a6dfbf62805233bc223b6f86a
NEG_PF01634_cf3b42868a36e19ed1ed,HISG_cf3b42868a36e19e,HISG_cf3b42868a36e19e,FINAL_HOLDOUT,HARD_NEGATIVE,,LITERATURE_EXCLUDED_FALSE_HOMOLOG_FAMILY,Pfam_38.2_PF01634_seed,D3F090_CONWI/53-211,6c14b1e94e91bea3ae72301aad227e8c69d75bd1d6005485e544b2af7a184479
NEG_PF01634_cf9161beb5cc5e333e79,HISG_cf9161beb5cc5e33,HISG_cf9161beb5cc5e33,CALIBRATION,HARD_NEGATIVE,,LITERATURE_EXCLUDED_FALSE_HOMOLOG_FAMILY,Pfam_38.2_PF01634_seed,C7MWX1_SACVD/55-208,ac53d695c2dac4015bd32850fbf8c0bc8dbd7121d80355e938fae5e0f46319ac
NEG_PF01634_cff9950cda7099f61877,HISG_cff9950cda7099f6,HISG_cff9950cda7099f6,FINAL_HOLDOUT,HARD_NEGATIVE,,LITERATURE_EXCLUDED_FALSE_HOMOLOG_FAMILY,Pfam_38.2_PF01634_seed,W1Q6W7_OGAPD/58-218,6a376d9b88dcabc945f402cde3eca41b88a2307a2b9c3d11ecaa4584086d043f
NEG_PF01634_d03a2a2ab3f92e454bbb,HISG_d03a2a2ab3f92e45,HISG_d03a2a2ab3f92e45,CALIBRATION,HARD_NEGATIVE,,LITERATURE_EXCLUDED_FALSE_HOMOLOG_FAMILY,Pfam_38.2_PF01634_seed,C1FAE3_ACIC5/51-212,8413b993e1cc79956dc9ebfff1f769816c449b404f0f1c93653cd20553a33e2f
NEG_PF01634_d0e141470b0273d5009c,HISG_d0e141470b0273d5,HISG_d0e141470b0273d5,CALIBRATION,HARD_NEGATIVE,,LITERATURE_EXCLUDED_FALSE_HOMOLOG_FAMILY,Pfam_38.2_PF01634_seed,HIS1_ARCFU/2-175,60da1589f8b8c8fa47a0824d0bc764296d68674c13767ed02610c1be350ed412
NEG_PF01634_d0e76ac1ad4c5d8b3351,HISG_d0e76ac1ad4c5d8b,HISG_d0e76ac1ad4c5d8b,CALIBRATION,HARD_NEGATIVE,,LITERATURE_EXCLUDED_FALSE_HOMOLOG_FAMILY,Pfam_38.2_PF01634_seed,C9A5D8_ENTCA/365-517,cb9496a92cdae08d923a7b3a5447d001522b3f6383bcf1a45cd0891ffe8ae191
NEG_PF01634_d0f825b8882dea3f2288,HISG_d0f825b8882dea3f,HISG_d0f825b8882dea3f,FINAL_HOLDOUT,HARD_NEGATIVE,,LITERATURE_EXCLUDED_FALSE_HOMOLOG_FAMILY,Pfam_38.2_PF01634_seed,K9G9U4_PEND2/49-216,46f7a11db62324ade80b1ee07157ef548c919c4d4f99daf84aa681f1abd98388
NEG_PF01634_d12f6a29b0426e3fa54d,HISG_d12f6a29b0426e3f,HISG_d12f6a29b0426e3f,FINAL_HOLDOUT,HARD_NEGATIVE,,LITERATURE_EXCLUDED_FALSE_HOMOLOG_FAMILY,Pfam_38.2_PF01634_seed,D5UPK5_TSUPD/49-202,3f62aa5d13bcad346242e18869f3e8222dc676ca1f58a509148c02f426c71ba9
NEG_PF01634_d13ee68e2f249cf42a74,HISG_d13ee68e2f249cf4,HISG_d13ee68e2f249cf4,FINAL_HOLDOUT,HARD_NEGATIVE,,LITERATURE_EXCLUDED_FALSE_HOMOLOG_FAMILY,Pfam_38.2_PF01634_seed,D1C4E2_SPHTD/54-222,7662f8cda759f4c5318ca95e1486f0177845611934ecee2dc92c0f029d136c9f
NEG_PF01634_d200e6685f4279d5305f,HISG_d200e6685f4279d5,HISG_d200e6685f4279d5,FINAL_HOLDOUT,HARD_NEGATIVE,,LITERATURE_EXCLUDED_FALSE_HOMOLOG_FAMILY,Pfam_38.2_PF01634_seed,V5SBB6_9HYPH/59-235,47ae80ac556892898b05958d4b932493e895b5e15c6bbee2a11db035a007628c
NEG_PF01634_d261db399d417d823b49,HISG_d261db399d417d82,HISG_d261db399d417d82,FINAL_HOLDOUT,HARD_NEGATIVE,,LITERATURE_EXCLUDED_FALSE_HOMOLOG_FAMILY,Pfam_38.2_PF01634_seed,G4QKA3_GLANF/54-219,94d683f6ac77b929ac456dba5068edeba249b620a3ac70b954e3269442c63f78
NEG_PF01634_d270ccb65fd10f7c0eb1,HISG_d270ccb65fd10f7c,HISG_d270ccb65fd10f7c,FINAL_HOLDOUT,HARD_NEGATIVE,,LITERATURE_EXCLUDED_FALSE_HOMOLOG_FAMILY,Pfam_38.2_PF01634_seed,A0A015L744_RHIIW/58-225,437f76175a484a7f613a9c232da0a447db544ed653bb968e018ff5df5dc28375
NEG_PF01634_d30f9a9f476dab76bc6d,HISG_d30f9a9f476dab76,HISG_d30f9a9f476dab76,FINAL_HOLDOUT,HARD_NEGATIVE,,LITERATURE_EXCLUDED_FALSE_HOMOLOG_FAMILY,Pfam_38.2_PF01634_seed,HIS1_DICTD/48-199,0c3d5bb12767d506c51a33d85757e558068a3079f4b986a05ca80950e385eb9d
NEG_PF01634_d37ddf80a84c350a0650,HISG_d37ddf80a84c350a,HISG_d37ddf80a84c350a,FINAL_HOLDOUT,HARD_NEGATIVE,,LITERATURE_EXCLUDED_FALSE_HOMOLOG_FAMILY,Pfam_38.2_PF01634_seed,HIS1_CAMJE/54-219,7f86ab0091827458254794cf73037a3141195a1383de0d3ecb9c303137faffa7
NEG_PF01634_d3e82a2466652b21d088,HISG_d3e82a2466652b21,HISG_d3e82a2466652b21,CALIBRATION,HARD_NEGATIVE,,LITERATURE_EXCLUDED_FALSE_HOMOLOG_FAMILY,Pfam_38.2_PF01634_seed,HIS1_GEMAT/49-212,2bcbec5c77bf93bb03834ec8878edc5b5c4266527251e23a152d69521a46298b
NEG_PF01634_d4bc5d962d431a9ce2c2,HISG_d4bc5d962d431a9c,HISG_d4bc5d962d431a9c,FINAL_HOLDOUT,HARD_NEGATIVE,,LITERATURE_EXCLUDED_FALSE_HOMOLOG_FAMILY,Pfam_38.2_PF01634_seed,E6X0S8_NITSE/47-200,c21733cd3d1b7ed92f652b9c615b957d518a47d90ace1dc76f560300f3d5d882
NEG_PF01634_d4bd6f2fbe2c07d18488,HISG_d4bd6f2fbe2c07d1,HISG_d4bd6f2fbe2c07d1,CALIBRATION,HARD_NEGATIVE,,LITERATURE_EXCLUDED_FALSE_HOMOLOG_FAMILY,Pfam_38.2_PF01634_seed,M4YK80_THEXX/51-209,84cffaa6a447232ad949d8cbd6c44eab4390d6d6283622c55b128f0cce299bd5
NEG_PF01634_d51f650955b0e06ae3ec,HISG_d51f650955b0e06a,HISG_d51f650955b0e06a,CALIBRATION,HARD_NEGATIVE,,LITERATURE_EXCLUDED_FALSE_HOMOLOG_FAMILY,Pfam_38.2_PF01634_seed,Q2FN16_METHJ/65-220,64c706728bfa182a7d0b5925d24709591d9dc531db78bf716c543da4de060c5e
NEG_PF01634_d5f8f449d5b890f70045,HISG_d5f8f449d5b890f7,HISG_d5f8f449d5b890f7,FINAL_HOLDOUT,HARD_NEGATIVE,,LITERATURE_EXCLUDED_FALSE_HOMOLOG_FAMILY,Pfam_38.2_PF01634_seed,HIS1_HAHCH/54-206,599fdca6e44b81d36197154516b995806d4797e5277612f9a5d3888eb3c70447
NEG_PF01634_d66640e97db75dddb046,HISG_d66640e97db75ddd,HISG_d66640e97db75ddd,CALIBRATION,HARD_NEGATIVE,,LITERATURE_EXCLUDED_FALSE_HOMOLOG_FAMILY,Pfam_38.2_PF01634_seed,M1WTP6_PSEP2/52-214,db45e44e448d42ce30c02bc65bdde7171461feb9af6bf0030cd3961f1652f15e
NEG_PF01634_d84071c2bcdad26fe501,HISG_d84071c2bcdad26f,HISG_d84071c2bcdad26f,FINAL_HOLDOUT,HARD_NEGATIVE,,LITERATURE_EXCLUDED_FALSE_HOMOLOG_FAMILY,Pfam_38.2_PF01634_seed,Q160T6_ROSDO/53-229,3836bfb56f7319ecb23750d540c20063de2147a833aea542325cfecca39de3fc
NEG_PF01634_d847e1077d41afa7ab58,HISG_d847e1077d41afa7,HISG_d847e1077d41afa7,CALIBRATION,HARD_NEGATIVE,,LITERATURE_EXCLUDED_FALSE_HOMOLOG_FAMILY,Pfam_38.2_PF01634_seed,E4ZGL8_LEPMJ/86-263,d59ea5bbe7e2342858c63b3654f491ffc471f28eb67ab0f57195ae87f61daf00
NEG_PF01634_d89047ba68b42c714fde,HISG_d89047ba68b42c71,HISG_d89047ba68b42c71,CALIBRATION,HARD_NEGATIVE,,LITERATURE_EXCLUDED_FALSE_HOMOLOG_FAMILY,Pfam_38.2_PF01634_seed,G7WLE2_METH6/49-209,3e9087d9ffd52934eb3e7af908b0eb25b60fe20753b7e948b6dedb9f5a2ce539
NEG_PF01634_d8de14073377e88bb962,HISG_d8de14073377e88b,HISG_d8de14073377e88b,CALIBRATION,HARD_NEGATIVE,,LITERATURE_EXCLUDED_FALSE_HOMOLOG_FAMILY,Pfam_38.2_PF01634_seed,HIS1_CANGA/58-227,78dcd5d16b9b79e298d3bb3f8e0340f3956f98626149a9130a3fa7dc0fe7a3a5
NEG_PF01634_d95267fce8352ac442d2,HISG_d95267fce8352ac4,HISG_d95267fce8352ac4,FINAL_HOLDOUT,HARD_NEGATIVE,,LITERATURE_EXCLUDED_FALSE_HOMOLOG_FAMILY,Pfam_38.2_PF01634_seed,HIS1_PYRAE/49-203,32d9960e34e02bbd618bcb086c07d40c97d4a6f5a2b75fa0400a5588e7d0ea19
NEG_PF01634_d960d3dcfa347a13acf1,HISG_d960d3dcfa347a13,HISG_d960d3dcfa347a13,CALIBRATION,HARD_NEGATIVE,,LITERATURE_EXCLUDED_FALSE_HOMOLOG_FAMILY,Pfam_38.2_PF01634_seed,A0A059XRD2_9BACT/48-199,63780e2a24dd21b3efb816f036251c8f75b801f01fa72cb2887b6adef25652bc
NEG_PF01634_d9e9f25cff15e0464f5d,HISG_d9e9f25cff15e046,HISG_d9e9f25cff15e046,FINAL_HOLDOUT,HARD_NEGATIVE,,LITERATURE_EXCLUDED_FALSE_HOMOLOG_FAMILY,Pfam_38.2_PF01634_seed,A6WCA0_KINRD/53-206,445d3e6e1f877f9d024f3ed9271d2e713e47c3ea1358a1b6a96cbfae6f1ffc4a
NEG_PF01634_da39bb19e0eeb1684afc,HISG_da39bb19e0eeb168,HISG_da39bb19e0eeb168,FINAL_HOLDOUT,HARD_NEGATIVE,,LITERATURE_EXCLUDED_FALSE_HOMOLOG_FAMILY,Pfam_38.2_PF01634_seed,I0HMG2_RUBGI/51-204,8be6765b2244840c735643629f270067bf4ed22513433868ebcbb79331d725dc
NEG_PF01634_da88679a322bdbfc696f,HISG_da88679a322bdbfc,HISG_da88679a322bdbfc,FINAL_HOLDOUT,HARD_NEGATIVE,,LITERATURE_EXCLUDED_FALSE_HOMOLOG_FAMILY,Pfam_38.2_PF01634_seed,F8AVA5_9ACTN/49-202,335794e3dab5cc923801bf370f99eae9adeed1cbbb0357e1e7d00f313db87d0b
NEG_PF01634_db45573e73b4cbc2c0be,HISG_db45573e73b4cbc2,HISG_db45573e73b4cbc2,CALIBRATION,HARD_NEGATIVE,,LITERATURE_EXCLUDED_FALSE_HOMOLOG_FAMILY,Pfam_38.2_PF01634_seed,D4H336_DENA2/56-208,d5d616353e6425b1910495b213af9e8c65496f8a853eaffc2448bd05af24b31e
NEG_PF01634_db7e2110fef8383d182c,HISG_db7e2110fef8383d,HISG_db7e2110fef8383d,FINAL_HOLDOUT,HARD_NEGATIVE,,LITERATURE_EXCLUDED_FALSE_HOMOLOG_FAMILY,Pfam_38.2_PF01634_seed,A0A0D2X809_FUSOF/58-247,d18018834b8cf1817315bd7382c79fdfa2aafb8b1a3d3fcf8f57179f5c0dec00
NEG_PF01634_dc420d2bd3760250a86b,HISG_dc420d2bd3760250,HISG_dc420d2bd3760250,CALIBRATION,HARD_NEGATIVE,,LITERATURE_EXCLUDED_FALSE_HOMOLOG_FAMILY,Pfam_38.2_PF01634_seed,E3GZ04_METFV/57-213,4624e55d97e3bfafca4761ecace6ed90acde4c6f342fd40f1a278b4626bf79f5
NEG_PF01634_dc9375163b5c3d1f7e58,HISG_dc9375163b5c3d1f,HISG_dc9375163b5c3d1f,FINAL_HOLDOUT,HARD_NEGATIVE,,LITERATURE_EXCLUDED_FALSE_HOMOLOG_FAMILY,Pfam_38.2_PF01634_seed,HIS1_SPHAL/61-216,8c8d56b86ffba46d938f9ad69baf071d477b5e523c99677cde055a45c15f6b5e
NEG_PF01634_dd2834e9246e49786df8,HISG_dd2834e9246e4978,HISG_dd2834e9246e4978,FINAL_HOLDOUT,HARD_NEGATIVE,,LITERATURE_EXCLUDED_FALSE_HOMOLOG_FAMILY,Pfam_38.2_PF01634_seed,Q4FND7_PELUB/56-226,cac514d30ccf7622fafcd1d0906c5f8786187de56ff1226defa5dcc048a04ee5
NEG_PF01634_dd5b7b82069348895490,HISG_dd5b7b8206934889,HISG_dd5b7b8206934889,CALIBRATION,HARD_NEGATIVE,,LITERATURE_EXCLUDED_FALSE_HOMOLOG_FAMILY,Pfam_38.2_PF01634_seed,HIS1_PROMA/52-207,62d98205bcd04b5e9cd00422e148085ddfb2289783c6da0ae8f1bc219796370d
NEG_PF01634_de47a811a760f71775c8,HISG_de47a811a760f717,HISG_de47a811a760f717,CALIBRATION,HARD_NEGATIVE,,LITERATURE_EXCLUDED_FALSE_HOMOLOG_FAMILY,Pfam_38.2_PF01634_seed,HIS1_KOCRD/49-202,f5165c51e93194f99f346d377d04f1496bb9a1fc43682a16947d1d5f13bb2cf1
NEG_PF01634_de565fcbc4bd7faacf3f,HISG_de565fcbc4bd7faa,HISG_de565fcbc4bd7faa,FINAL_HOLDOUT,HARD_NEGATIVE,,LITERATURE_EXCLUDED_FALSE_HOMOLOG_FAMILY,Pfam_38.2_PF01634_seed,Q28TU8_JANSC/52-227,dd3824feee348f55ee247ec07f9721c302524c9f95ad9833377a8bf7fb23913f
NEG_PF01634_df9b6d34fa8c32234890,HISG_df9b6d34fa8c3223,HISG_df9b6d34fa8c3223,FINAL_HOLDOUT,HARD_NEGATIVE,,LITERATURE_EXCLUDED_FALSE_HOMOLOG_FAMILY,Pfam_38.2_PF01634_seed,H9UL73_SPIAZ/50-202,5015b9f89560e6f7d373dd27a3efaec0c9ea0b8696b1a3fe82451a6f51a22174
NEG_PF01634_dfc3803788e895b71aa8,HISG_dfc3803788e895b7,HISG_dfc3803788e895b7,FINAL_HOLDOUT,HARD_NEGATIVE,,LITERATURE_EXCLUDED_FALSE_HOMOLOG_FAMILY,Pfam_38.2_PF01634_seed,C0Z6P9_BREBN/59-207,51ef6ade806580ef018cdac7cdf1d25d99633a7d57de418d8b3db0283a9d8c4b
NEG_PF01634_e0438331fa84f41f6b34,HISG_e0438331fa84f41f,HISG_e0438331fa84f41f,FINAL_HOLDOUT,HARD_NEGATIVE,,LITERATURE_EXCLUDED_FALSE_HOMOLOG_FAMILY,Pfam_38.2_PF01634_seed,K0B1C4_GOTA9/53-205,648f00c8c3865d31dd48db74a2d5abaa74d31cbd600e421b1bd4137f2692c709
NEG_PF01634_e05c67b859ae46e55da5,HISG_e05c67b859ae46e5,HISG_e05c67b859ae46e5,CALIBRATION,HARD_NEGATIVE,,LITERATURE_EXCLUDED_FALSE_HOMOLOG_FAMILY,Pfam_38.2_PF01634_seed,S9W1S3_SCHCR/58-231,44d6471eb80bf4bbce12c2b6eb793c58ae7f6a89c8775a8cb208310c90bfb504
NEG_PF01634_e0715d7d9f8a5990e394,HISG_e0715d7d9f8a5990,HISG_e0715d7d9f8a5990,CALIBRATION,HARD_NEGATIVE,,LITERATURE_EXCLUDED_FALSE_HOMOLOG_FAMILY,Pfam_38.2_PF01634_seed,HIS1_CORA7/49-196,54100756f9e7f8cfdb6414d3ded8dba1ab307dd35dc63c6f4562d7589bb4cff3
NEG_PF01634_e0e317f61927e2cfa5f4,HISG_e0e317f61927e2cf,HISG_e0e317f61927e2cf,CALIBRATION,HARD_NEGATIVE,,LITERATURE_EXCLUDED_FALSE_HOMOLOG_FAMILY,Pfam_38.2_PF01634_seed,F8E4M3_FLESM/55-205,e7c3337ce3dc66e3ccdb9b51905fd22dab5f7fe24f61ccc712c8d62bcba57ebc
NEG_PF01634_e0fcf5eec3bbc44ee9f6,HISG_e0fcf5eec3bbc44e,HISG_e0fcf5eec3bbc44e,FINAL_HOLDOUT,HARD_NEGATIVE,,LITERATURE_EXCLUDED_FALSE_HOMOLOG_FAMILY,Pfam_38.2_PF01634_seed,C1FD92_MICCC/117-292,4b35ab943e4111c26780ccc4f071f264bfc115502c244c38c26390aa38b557c5
NEG_PF01634_e158baa937509f6c536c,HISG_e158baa937509f6c,HISG_e158baa937509f6c,FINAL_HOLDOUT,HARD_NEGATIVE,,LITERATURE_EXCLUDED_FALSE_HOMOLOG_FAMILY,Pfam_38.2_PF01634_seed,E9T690_RHOHA/49-203,8aa75ef1bc0ad232ab327b2570b6a7e48d6fd651fcc4387b8deab7080479808c
NEG_PF01634_e16ff524d4ebf5fe5485,HISG_e16ff524d4ebf5fe,HISG_e16ff524d4ebf5fe,FINAL_HOLDOUT,HARD_NEGATIVE,,LITERATURE_EXCLUDED_FALSE_HOMOLOG_FAMILY,Pfam_38.2_PF01634_seed,HIS1_TERTT/53-205,f8546748e7fd86223d633947cc33fd688af531938fbbca04623312a0c76bef1a
NEG_PF01634_e231edcc1d1ea6f2c92b,HISG_e231edcc1d1ea6f2,HISG_e231edcc1d1ea6f2,CALIBRATION,HARD_NEGATIVE,,LITERATURE_EXCLUDED_FALSE_HOMOLOG_FAMILY,Pfam_38.2_PF01634_seed,HIS1_METS5/49-206,f3ee68501f9ce02f7e9566c4dc83876b8c0a44a97bae953feeaca2adc19a39ac
NEG_PF01634_e2aa9f58033585acc40a,HISG_e2aa9f58033585ac,HISG_e2aa9f58033585ac,FINAL_HOLDOUT,HARD_NEGATIVE,,LITERATURE_EXCLUDED_FALSE_HOMOLOG_FAMILY,Pfam_38.2_PF01634_seed,E1QV72_VULDI/47-203,bdae57704d3daadd888c0cd820241edcb176c548a137547e2df918e9347a4a65
NEG_PF01634_e30acb94b569d8053828,HISG_e30acb94b569d805,HISG_e30acb94b569d805,FINAL_HOLDOUT,HARD_NEGATIVE,,LITERATURE_EXCLUDED_FALSE_HOMOLOG_FAMILY,Pfam_38.2_PF01634_seed,HIS1_THEMA/45-196,f6885d9c116b6ae8bfd0fe5889a1a22c95a489614a263634f521c41d6052a0ff
NEG_PF01634_e31042fde5471a44ce6b,HISG_e31042fde5471a44,HISG_e31042fde5471a44,FINAL_HOLDOUT,HARD_NEGATIVE,,LITERATURE_EXCLUDED_FALSE_HOMOLOG_FAMILY,Pfam_38.2_PF01634_seed,Q6AJV9_DESPS/54-216,57aed8128b2e36a76a2ea39782b08999a3f4d7eb268c9785ef5f73215ba0e43a
NEG_PF01634_e32388a35980adbb1d59,HISG_e32388a35980adbb,HISG_e32388a35980adbb,FINAL_HOLDOUT,HARD_NEGATIVE,,LITERATURE_EXCLUDED_FALSE_HOMOLOG_FAMILY,Pfam_38.2_PF01634_seed,HIS1_METJA/49-209,9095dcff06033d785c9fa3491420a46c425e7af944493d2be12fc594182007c1
NEG_PF01634_e32bf32687a7b9ea74d5,HISG_e32bf32687a7b9ea,HISG_e32bf32687a7b9ea,CALIBRATION,HARD_NEGATIVE,,LITERATURE_EXCLUDED_FALSE_HOMOLOG_FAMILY,Pfam_38.2_PF01634_seed,E4T3R1_PALPW/49-204,8a9729f6bcda6cf6078a5f54655510a219471a65807f4a42101d1e580568ed93
NEG_PF01634_e34263320cbfa0d2fc42,HISG_e34263320cbfa0d2,HISG_e34263320cbfa0d2,CALIBRATION,HARD_NEGATIVE,,LITERATURE_EXCLUDED_FALSE_HOMOLOG_FAMILY,Pfam_38.2_PF01634_seed,Q2NCH9_ERYLH/69-220,80a6a3c6fad06b8d96a3e03a7f174ea510437079a4a4267e751d74fcf12c41dd
NEG_PF01634_e35df1da93afbc603795,HISG_e35df1da93afbc60,HISG_e35df1da93afbc60,CALIBRATION,HARD_NEGATIVE,,LITERATURE_EXCLUDED_FALSE_HOMOLOG_FAMILY,Pfam_38.2_PF01634_seed,HIS1_CORJK/49-202,6ad6970751ea2d8cac2e7e5d7fadaebd24b78c6607f5c281940d5eea4e2f9eee
NEG_PF01634_e381a71b8e5a58cf226d,HISG_e381a71b8e5a58cf,HISG_e381a71b8e5a58cf,CALIBRATION,HARD_NEGATIVE,,LITERATURE_EXCLUDED_FALSE_HOMOLOG_FAMILY,Pfam_38.2_PF01634_seed,D3PAJ2_DEFDS/56-207,38f9bcfda03fdc429080716797e304363aad247bb17d88809066d2a67851f54c
NEG_PF01634_e382695c7d5e3417c3cd,HISG_e382695c7d5e3417,HISG_e382695c7d5e3417,CALIBRATION,HARD_NEGATIVE,,LITERATURE_EXCLUDED_FALSE_HOMOLOG_FAMILY,Pfam_38.2_PF01634_seed,A9RE17_PHYPA/135-312,47dd4914e8ff35079c3a5b27302947e3baf313c511cd8013d9a809921f933056
NEG_PF01634_e3c749dd0b478cb3e3f0,HISG_e3c749dd0b478cb3,HISG_e3c749dd0b478cb3,FINAL_HOLDOUT,HARD_NEGATIVE,,LITERATURE_EXCLUDED_FALSE_HOMOLOG_FAMILY,Pfam_38.2_PF01634_seed,B1ZX85_OPITP/46-207,1696404bf42a1b948fd9ebf49dc691188db52a7b2654d5575e1528076cfc9fee
NEG_PF01634_e3c9426f5b579ed80f53,HISG_e3c9426f5b579ed8,HISG_e3c9426f5b579ed8,FINAL_HOLDOUT,HARD_NEGATIVE,,LITERATURE_EXCLUDED_FALSE_HOMOLOG_FAMILY,Pfam_38.2_PF01634_seed,HIS1_DESOH/51-213,22ed8930bc3fed426a6e62ef50ff5174f7128b7777bd102d32b9a63b760f7e53
NEG_PF01634_e3d275331b74eb97b59a,HISG_e3d275331b74eb97,HISG_e3d275331b74eb97,CALIBRATION,HARD_NEGATIVE,,LITERATURE_EXCLUDED_FALSE_HOMOLOG_FAMILY,Pfam_38.2_PF01634_seed,F4PDK2_BATDJ/57-228,a029b1fb422c844814bdfe744f453984f880fa4eb74725b14142e4f9a5e5349b
NEG_PF01634_e465afbff5d2dbf00e1a,HISG_e465afbff5d2dbf0,HISG_e465afbff5d2dbf0,CALIBRATION,HARD_NEGATIVE,,LITERATURE_EXCLUDED_FALSE_HOMOLOG_FAMILY,Pfam_38.2_PF01634_seed,D5EE35_AMICL/49-206,2260fa2bf696797634cb21b8fb0b6aee8b6cfdf1bd1d14de983a7e6824571b7f
NEG_PF01634_e4aa5956f09141e1db6f,HISG_e4aa5956f09141e1,HISG_e4aa5956f09141e1,CALIBRATION,HARD_NEGATIVE,,LITERATURE_EXCLUDED_FALSE_HOMOLOG_FAMILY,Pfam_38.2_PF01634_seed,W0P757_ADVMD/56-215,51b28b351c9eefdef0674ba312e1aade2a804565ef14ff181e5274fbb4145cd6
NEG_PF01634_e4ccedcc21b242b2329b,HISG_e4ccedcc21b242b2,HISG_e4ccedcc21b242b2,FINAL_HOLDOUT,HARD_NEGATIVE,,LITERATURE_EXCLUDED_FALSE_HOMOLOG_FAMILY,Pfam_38.2_PF01634_seed,R4W3G0_9EURY/49-203,4ac950738baa86164c0e8cb92a26b75fd782df930e9ea118ebf403eea2a3cdd3
NEG_PF01634_e4fc8dd32481307e05d5,HISG_e4fc8dd32481307e,HISG_e4fc8dd32481307e,FINAL_HOLDOUT,HARD_NEGATIVE,,LITERATURE_EXCLUDED_FALSE_HOMOLOG_FAMILY,Pfam_38.2_PF01634_seed,HIS1_GLOC7/52-208,730c7cd9ff9f2e5ef77cbeecbdec9581ca5e12714cace6e26bd034ab66fe226c
NEG_PF01634_e6ea978770a3405350db,HISG_e6ea978770a34053,HISG_e6ea978770a34053,FINAL_HOLDOUT,HARD_NEGATIVE,,LITERATURE_EXCLUDED_FALSE_HOMOLOG_FAMILY,Pfam_38.2_PF01634_seed,F8Q0J7_SERL3/57-223,b104487edd662af52fe840d2e6d9084265d12846ace18cd6590d563d60b5c8df
NEG_PF01634_e725a4a26be722f5e946,HISG_e725a4a26be722f5,HISG_e725a4a26be722f5,CALIBRATION,HARD_NEGATIVE,,LITERATURE_EXCLUDED_FALSE_HOMOLOG_FAMILY,Pfam_38.2_PF01634_seed,F6GHT5_LACS5/51-206,365206c6d46f6294f87b07f7c1832f1e863f91bd34d292228f9c8303bd453b30
NEG_PF01634_e765a08b3917a5c0a70b,HISG_e765a08b3917a5c0,HISG_e765a08b3917a5c0,FINAL_HOLDOUT,HARD_NEGATIVE,,LITERATURE_EXCLUDED_FALSE_HOMOLOG_FAMILY,Pfam_38.2_PF01634_seed,G4T0Q2_META2/51-203,33bf4843ce2ec70aa56c06cf66415575c09c7157f1d826bf0fc027a3f9976d6b
NEG_PF01634_e7883c617bb3b67c9358,HISG_e7883c617bb3b67c,HISG_e7883c617bb3b67c,CALIBRATION,HARD_NEGATIVE,,LITERATURE_EXCLUDED_FALSE_HOMOLOG_FAMILY,Pfam_38.2_PF01634_seed,HIS1_SYNC1/54-210,a6eb9cb5279ebaca8224ba3dc21c36301f8c50802b7d78d3b4d15a690ce0b9a4
NEG_PF01634_e80d264823a12b6351f7,HISG_e80d264823a12b63,HISG_e80d264823a12b63,CALIBRATION,HARD_NEGATIVE,,LITERATURE_EXCLUDED_FALSE_HOMOLOG_FAMILY,Pfam_38.2_PF01634_seed,R9SIH9_9EURY/51-208,e7bf698b6d761f2e456e7428601c92f78b848857334327690f28a2509969c786
NEG_PF01634_e8efee26423f471c4fb8,HISG_e8efee26423f471c,HISG_e8efee26423f471c,FINAL_HOLDOUT,HARD_NEGATIVE,,LITERATURE_EXCLUDED_FALSE_HOMOLOG_FAMILY,Pfam_38.2_PF01634_seed,HIS1_DEIRA/60-209,00c5160834de7f50b28ab66742ab940008ab79981a119896e4d0abda82f34484
NEG_PF01634_e95cbc51175328444a20,HISG_e95cbc5117532844,HISG_e95cbc5117532844,FINAL_HOLDOUT,HARD_NEGATIVE,,LITERATURE_EXCLUDED_FALSE_HOMOLOG_FAMILY,Pfam_38.2_PF01634_seed,C9RA12_AMMDK/50-211,9415af6c10d6ff9ce88fc035242e9beb875b6a72dea4cacb61b8ebb01654453c
NEG_PF01634_e99369545f253db83546,HISG_e99369545f253db8,HISG_e99369545f253db8,CALIBRATION,HARD_NEGATIVE,,LITERATURE_EXCLUDED_FALSE_HOMOLOG_FAMILY,Pfam_38.2_PF01634_seed,HIS1_HERAR/62-218,efe0b163ed053b9d85a47aa9ca1c0498b9c4270214ae6e67f9a802b6b7ca0308
NEG_PF01634_ea3c0734a1ac04b2453c,HISG_ea3c0734a1ac04b2,HISG_ea3c0734a1ac04b2,FINAL_HOLDOUT,HARD_NEGATIVE,,LITERATURE_EXCLUDED_FALSE_HOMOLOG_FAMILY,Pfam_38.2_PF01634_seed,D3DKB1_HYDTT/49-201,736d5bed8fba6a9673cf1c071323bdf6bdd6619659d4e674a134088f4dee965d
NEG_PF01634_ea5c02cd03586b6ed4b6,HISG_ea5c02cd03586b6e,HISG_ea5c02cd03586b6e,CALIBRATION,HARD_NEGATIVE,,LITERATURE_EXCLUDED_FALSE_HOMOLOG_FAMILY,Pfam_38.2_PF01634_seed,K9UI80_CHAP6/52-208,c7169d4cba7c758e8354da1acbcb3abf7923b4a6e21034fa2c19db9f6fa6b186
NEG_PF01634_eaf91f819faec8fe32fa,HISG_eaf91f819faec8fe,HISG_eaf91f819faec8fe,FINAL_HOLDOUT,HARD_NEGATIVE,,LITERATURE_EXCLUDED_FALSE_HOMOLOG_FAMILY,Pfam_38.2_PF01634_seed,B0TDN4_HELMI/54-210,b14bb5782ccdd2b61802c77bb0bec21117c0ac066f8aff8c2f39ef58b3420074
NEG_PF01634_eb3a62eb9903061ae19a,HISG_eb3a62eb9903061a,HISG_eb3a62eb9903061a,CALIBRATION,HARD_NEGATIVE,,LITERATURE_EXCLUDED_FALSE_HOMOLOG_FAMILY,Pfam_38.2_PF01634_seed,HIS1_GLOVI/53-208,6897b8f0f7aaa4844531889f46c259151e05ed4762ae6becac392a9047497722
NEG_PF01634_eb46e24a0206838ace74,HISG_eb46e24a0206838a,HISG_eb46e24a0206838a,FINAL_HOLDOUT,HARD_NEGATIVE,,LITERATURE_EXCLUDED_FALSE_HOMOLOG_FAMILY,Pfam_38.2_PF01634_seed,O26222_METTH/60-250,c917591aa828fe222310a9f60624bac9a2a3fb6ab79fdd22a5b26b473bb27d99
NEG_PF01634_ebb270a29b000a286cbf,HISG_ebb270a29b000a28,HISG_ebb270a29b000a28,CALIBRATION,HARD_NEGATIVE,,LITERATURE_EXCLUDED_FALSE_HOMOLOG_FAMILY,Pfam_38.2_PF01634_seed,G0VL76_MEGEL/52-206,888cbd60814e0d4ae49c8716abea692a9d112f4479160f30615b12a4732c09c9
NEG_PF01634_ec256404585523bb5360,HISG_ec256404585523bb,HISG_ec256404585523bb,CALIBRATION,HARD_NEGATIVE,,LITERATURE_EXCLUDED_FALSE_HOMOLOG_FAMILY,Pfam_38.2_PF01634_seed,A7I4J7_METB6/49-211,8f293970738c9d3984bfe4b08c9c5a14a1f5151ac013c23b67052a01b855cf30
NEG_PF01634_ec7254edf9eb7b926bcf,HISG_ec7254edf9eb7b92,HISG_ec7254edf9eb7b92,CALIBRATION,HARD_NEGATIVE,,LITERATURE_EXCLUDED_FALSE_HOMOLOG_FAMILY,Pfam_38.2_PF01634_seed,C1DAJ7_LARHH/51-204,52a30999c441e7f747f7fb941a453e59f02ca96db67f45912cab912031e5fad4
NEG_PF01634_ed7384817bde00fddf40,HISG_ed7384817bde00fd,HISG_ed7384817bde00fd,FINAL_HOLDOUT,HARD_NEGATIVE,,LITERATURE_EXCLUDED_FALSE_HOMOLOG_FAMILY,Pfam_38.2_PF01634_seed,HIS1_LISMO/53-205,4fe0a6c97646e28517428e1d51b13e5eeed7699c6265b4d735457f1c465dc70d
NEG_PF01634_edb1af2c007cd6010448,HISG_edb1af2c007cd601,HISG_edb1af2c007cd601,CALIBRATION,HARD_NEGATIVE,,LITERATURE_EXCLUDED_FALSE_HOMOLOG_FAMILY,Pfam_38.2_PF01634_seed,K8GP67_9CYAN/52-208,bd34e5ae63ec79d5bbead614d5ac5dce2d450d8373b4753bd79e62d7142a1491
NEG_PF01634_eec119b64464d46fdf65,HISG_eec119b64464d46f,HISG_eec119b64464d46f,FINAL_HOLDOUT,HARD_NEGATIVE,,LITERATURE_EXCLUDED_FALSE_HOMOLOG_FAMILY,Pfam_38.2_PF01634_seed,Q2FPA5_METHJ/49-211,ea55522edddc788425ab70ad4077d9fbf0bda524a7f17dc2d5b1f31870f1c596
NEG_PF01634_ef25d2aa1d9b3eb393d1,HISG_ef25d2aa1d9b3eb3,HISG_ef25d2aa1d9b3eb3,CALIBRATION,HARD_NEGATIVE,,LITERATURE_EXCLUDED_FALSE_HOMOLOG_FAMILY,Pfam_38.2_PF01634_seed,HIS1_METAR/50-205,2138d827d17365a7ab228eef19ff1bcdc363401ae7f4d09eb88ccea2a24167e6
NEG_PF01634_ef31a26a7ee2e276fac9,HISG_ef31a26a7ee2e276,HISG_ef31a26a7ee2e276,CALIBRATION,HARD_NEGATIVE,,LITERATURE_EXCLUDED_FALSE_HOMOLOG_FAMILY,Pfam_38.2_PF01634_seed,D1CF69_THET1/56-213,df340758ceaf7f010cf817f387c7b1aaf7d78f931971c725346ee456dce67722
NEG_PF01634_f0115626326178bab47a,HISG_f0115626326178ba,HISG_f0115626326178ba,CALIBRATION,HARD_NEGATIVE,,LITERATURE_EXCLUDED_FALSE_HOMOLOG_FAMILY,Pfam_38.2_PF01634_seed,S2IZK1_MUCC1/58-217,7f96d1cc6e8e0cfd9df57ca5d1369918eb5a438e786850f105154b2b0c9c007c
NEG_PF01634_f1235afabdac87895e54,HISG_f1235afabdac8789,HISG_f1235afabdac8789,CALIBRATION,HARD_NEGATIVE,,LITERATURE_EXCLUDED_FALSE_HOMOLOG_FAMILY,Pfam_38.2_PF01634_seed,Q5QWP9_IDILO/52-217,2c0b7fb977859755590c2ce5b5c6f9897f04568c5eb0630b2c076f179dda5c2c
NEG_PF01634_f15c7c19b1e261d956af,HISG_f15c7c19b1e261d9,HISG_f15c7c19b1e261d9,FINAL_HOLDOUT,HARD_NEGATIVE,,LITERATURE_EXCLUDED_FALSE_HOMOLOG_FAMILY,Pfam_38.2_PF01634_seed,A1S6Z0_SHEAM/52-217,866e13e45dc7da4e8dd78a3ce7d1aca737e2b2a1939a469d05ab1c052b6697dc
NEG_PF01634_f24c034a04d9185eefa4,HISG_f24c034a04d9185e,HISG_f24c034a04d9185e,CALIBRATION,HARD_NEGATIVE,,LITERATURE_EXCLUDED_FALSE_HOMOLOG_FAMILY,Pfam_38.2_PF01634_seed,C4Y1R3_CLAL4/9-169,abdb80a6362bfcca14831e968d25c24f42d86dc2cfcfe216a817a6019e4b37ab
NEG_PF01634_f33a31644b0b9a901ac0,HISG_f33a31644b0b9a90,HISG_f33a31644b0b9a90,FINAL_HOLDOUT,HARD_NEGATIVE,,LITERATURE_EXCLUDED_FALSE_HOMOLOG_FAMILY,Pfam_38.2_PF01634_seed,F8JIL6_HYPSM/55-229,546e5c0ba33e69b092e0fc6c0d4baeca31c260812a17c285dd025e74de868c2a
NEG_PF01634_f47eda7c2aad679c339f,HISG_f47eda7c2aad679c,HISG_f47eda7c2aad679c,CALIBRATION,HARD_NEGATIVE,,LITERATURE_EXCLUDED_FALSE_HOMOLOG_FAMILY,Pfam_38.2_PF01634_seed,K4LGA4_THEPS/55-217,7c2cac46bb82c35903a86383f19b9cf1d2042349ff4eda81160fac4a370690bd
NEG_PF01634_f51213e5aad30290eb46,HISG_f51213e5aad30290,HISG_f51213e5aad30290,CALIBRATION,HARD_NEGATIVE,,LITERATURE_EXCLUDED_FALSE_HOMOLOG_FAMILY,Pfam_38.2_PF01634_seed,N1JJS1_BLUG1/58-249,3c162a57717bc8a0a0a9c12eb2fc20f1250695cf5436267c96d8a85d75d55fbf
NEG_PF01634_f5254e3e94f15975b5b0,HISG_f5254e3e94f15975,HISG_f5254e3e94f15975,CALIBRATION,HARD_NEGATIVE,,LITERATURE_EXCLUDED_FALSE_HOMOLOG_FAMILY,Pfam_38.2_PF01634_seed,E3J7B7_PSEI1/49-202,0e18fbeaf1b9738eb77eef1ee9ed711cf280b0c895cd041cea31cebb7b5aa35b
NEG_PF01634_f5a63b36d74a5414cd9b,HISG_f5a63b36d74a5414,HISG_f5a63b36d74a5414,CALIBRATION,HARD_NEGATIVE,,LITERATURE_EXCLUDED_FALSE_HOMOLOG_FAMILY,Pfam_38.2_PF01634_seed,B8C4E1_THAPS/56-213,b7e0322a33fd3d50d06432eaea38cd7b276d4470546b75ccfc4530741599226b
NEG_PF01634_f7d2f4371a23ece5fe06,HISG_f7d2f4371a23ece5,HISG_f7d2f4371a23ece5,FINAL_HOLDOUT,HARD_NEGATIVE,,LITERATURE_EXCLUDED_FALSE_HOMOLOG_FAMILY,Pfam_38.2_PF01634_seed,F0S276_DESTD/53-209,21cfdbd544a9843df75605997adccd9e37c0151d8841693dc89df8dd7393556f
NEG_PF01634_f823587709c37deb58df,HISG_f823587709c37deb,HISG_f823587709c37deb,CALIBRATION,HARD_NEGATIVE,,LITERATURE_EXCLUDED_FALSE_HOMOLOG_FAMILY,Pfam_38.2_PF01634_seed,F2KP10_ARCVS/48-221,9ab4c94afa61987a65ccdf5a8a3a7d6de4ead7c96b64fc42d3d93df46af697cb
NEG_PF01634_f9953c66a3663ff42cd9,HISG_f9953c66a3663ff4,HISG_f9953c66a3663ff4,FINAL_HOLDOUT,HARD_NEGATIVE,,LITERATURE_EXCLUDED_FALSE_HOMOLOG_FAMILY,Pfam_38.2_PF01634_seed,A8ERM3_ALIB4/47-199,333689f92874f9a9fbd09a33c668c24ff2b3b49aea01cfacdffa163ef164721c
NEG_PF01634_f9ddb4bbf297869c0c96,HISG_f9ddb4bbf297869c,HISG_f9ddb4bbf297869c,CALIBRATION,HARD_NEGATIVE,,LITERATURE_EXCLUDED_FALSE_HOMOLOG_FAMILY,Pfam_38.2_PF01634_seed,D5EWZ7_XYLR2/59-214,dfc1bdd72da658cc4baa6aac9def50db9be0cd86519630ad7b936ea60f3016e4
NEG_PF01634_fa7c82ceeb6be41b5919,HISG_fa7c82ceeb6be41b,HISG_fa7c82ceeb6be41b,CALIBRATION,HARD_NEGATIVE,,LITERATURE_EXCLUDED_FALSE_HOMOLOG_FAMILY,Pfam_38.2_PF01634_seed,D3SPJ6_THEAH/48-198,ab58246e359380b06c77ce0bd377353ee73b04fc3486d905c82e1fa020e7fcd7
NEG_PF01634_fa8932b24d98dbcff379,HISG_fa8932b24d98dbcf,HISG_fa8932b24d98dbcf,CALIBRATION,HARD_NEGATIVE,,LITERATURE_EXCLUDED_FALSE_HOMOLOG_FAMILY,Pfam_38.2_PF01634_seed,HIS1_AQUAE/48-201,bb507efe2b27fbdf8489204e2414e997b139a6db71f2c8f908285c1e692d678b
NEG_PF01634_fb5575748caea166fedb,HISG_fb5575748caea166,HISG_fb5575748caea166,FINAL_HOLDOUT,HARD_NEGATIVE,,LITERATURE_EXCLUDED_FALSE_HOMOLOG_FAMILY,Pfam_38.2_PF01634_seed,I1JPH8_SOYBN/89-266,c5a6a41ad2b728dd5738a68c7a9267d790af8a11e2abff5584e272d6719f4f18
NEG_PF01634_fb643f05c48dd16f2e2a,HISG_fb643f05c48dd16f,HISG_fb643f05c48dd16f,CALIBRATION,HARD_NEGATIVE,,LITERATURE_EXCLUDED_FALSE_HOMOLOG_FAMILY,Pfam_38.2_PF01634_seed,A0A413T363_9BACT/49-204,c517aef03fd782983c3dea7ddbda47ebd13f015d66f8b4e2d81127ad7b5984f8
NEG_PF01634_fb7354c3b9d610c38475,HISG_fb7354c3b9d610c3,HISG_fb7354c3b9d610c3,CALIBRATION,HARD_NEGATIVE,,LITERATURE_EXCLUDED_FALSE_HOMOLOG_FAMILY,Pfam_38.2_PF01634_seed,E4TVG1_MARTH/51-206,536d13f6001765af9e6070f1c60972ecec9d8a9903343fcb55deaffaa8597e25
NEG_PF01634_fe2e6c073acd0ddb4819,HISG_fe2e6c073acd0ddb,HISG_fe2e6c073acd0ddb,CALIBRATION,HARD_NEGATIVE,,LITERATURE_EXCLUDED_FALSE_HOMOLOG_FAMILY,Pfam_38.2_PF01634_seed,A9WK40_CHLAA/52-223,067db80c8944e49c0448fbaa5f566e35bd02ac2cd8daa101a9583d423f8123e9
NEG_PF01634_fe7f84c4b4f96fa34e17,HISG_fe7f84c4b4f96fa3,HISG_fe7f84c4b4f96fa3,FINAL_HOLDOUT,HARD_NEGATIVE,,LITERATURE_EXCLUDED_FALSE_HOMOLOG_FAMILY,Pfam_38.2_PF01634_seed,HIS1_RHOBA/67-220,27133b4cbe7489cd1fad489855740ed8f56d8f0de96525d4cb36ec0ea1ca4d60
NEG_PF01634_ff4bd9eeb059642cd8bd,HISG_ff4bd9eeb059642c,HISG_ff4bd9eeb059642c,CALIBRATION,HARD_NEGATIVE,,LITERATURE_EXCLUDED_FALSE_HOMOLOG_FAMILY,Pfam_38.2_PF01634_seed,D8STQ4_SELML/84-261,4fd091a9a55b7e629719e66d0a34b74f6844fc7ade2de337b77b30a54184179e
NEG_PF01634_ff5df2bdf887eb4b8117,HISG_ff5df2bdf887eb4b,HISG_ff5df2bdf887eb4b,CALIBRATION,HARD_NEGATIVE,,LITERATURE_EXCLUDED_FALSE_HOMOLOG_FAMILY,Pfam_38.2_PF01634_seed,HIS1_DESAL/51-213,9e1512a25d55f179703d894a60236f4e9ee4c689ad55da16463922b36e69d0ee
NEG_PF01634_ffd635918a1d0412117e,HISG_ffd635918a1d0412,HISG_ffd635918a1d0412,CALIBRATION,HARD_NEGATIVE,,LITERATURE_EXCLUDED_FALSE_HOMOLOG_FAMILY,Pfam_38.2_PF01634_seed,H1XWT2_CALAY/50-205,bcda92d10465e49728a5bfee0505a70507d2c2c5f2e215c0d766ad01accb3ac0
NP_951611.1,APAZ_add9dc675b7abd7f,APAZ_add9dc675b7abd7f,CALIBRATION,APAZ,IIa,LITERATURE_PHYLOGENETIC_SET,Ryazansky_et_al_2018_Data_Set_S3,NP_951611.1|243231|APAZ,2f746afa07a4d8a5d5eda4436dd9016eddcaa3b949f850913733e736b312d958
NP_952413.1,APAZ_463d55ff939a9eb1,APAZ_463d55ff939a9eb1,BUILD,APAZ,Ib,LITERATURE_PHYLOGENETIC_SET,Ryazansky_et_al_2018_Data_Set_S3,NP_952413.1|243231|APAZ,b39dec682ca1ed4dfdd1094cf75fdc75fc643bf763fe2462d72158b821984645
WP_002566035.1,APAZ_c65d94d5cd7800bc,APAZ_c65d94d5cd7800bc,FINAL_HOLDOUT,APAZ,Ia,LITERATURE_PHYLOGENETIC_SET,Ryazansky_et_al_2018_Data_Set_S3,WP_002566035.1|208479|APAZ|short,a04f00d17801fad2ad4e421f2820c2dca713a4dd5d1cf8b5e8dbff3b62b7cc2f
WP_002993155.1,APAZ_ff242df0b3d7d719,APAZ_ff242df0b3d7d719,CALIBRATION,APAZ,IIb,LITERATURE_PHYLOGENETIC_SET,Ryazansky_et_al_2018_Data_Set_S3,WP_002993155.1|28453|APAZ,d9b75acf02d2fc41442563d2751a79d86b5c7150cff3438608b119292bda7295
WP_003280119.1,APAZ_5396cea7a74a8afb,APAZ_5396cea7a74a8afb,BUILD,APAZ,Ib,LITERATURE_PHYLOGENETIC_SET,Ryazansky_et_al_2018_Data_Set_S3,WP_003280119.1|316|APAZ,18de24a0d5eb6806816939e4e40aae52a4114b598c2e85d71aae2dd87cb8c5a4
WP_003807800.1,APAZ_5f1793b22708bf82,APAZ_5f1793b22708bf82,BUILD,APAZ,Ib,LITERATURE_PHYLOGENETIC_SET,Ryazansky_et_al_2018_Data_Set_S3,WP_003807800.1|518|APAZ,d7f9410b25a775edd31aa72fab474980f8f4d2ec4d5b0957baaf57edcc36a587
WP_004264290.1,APAZ_3b046cd327227c7e,APAZ_3b046cd327227c7e,BUILD,APAZ,IIb,LITERATURE_PHYLOGENETIC_SET,Ryazansky_et_al_2018_Data_Set_S3,WP_004264290.1|587|APAZ,ede840d9f05e47692f6ad291b1f74fc20581c84a058882ef025adb55b1f92e2c
WP_004271609.1,APAZ_50410f8ae2a66c71,APAZ_50410f8ae2a66c71,BUILD,APAZ,IIb,LITERATURE_PHYLOGENETIC_SET,Ryazansky_et_al_2018_Data_Set_S3,WP_004271609.1|28077|APAZ,43c5e41be8a60eacec5bda26bcd3b17988baefd4925359d22b8b126331d58595
WP_004290502.1,APAZ_9b4e33778023239d,APAZ_9b4e33778023239d,BUILD,APAZ,Ia,LITERATURE_PHYLOGENETIC_SET,Ryazansky_et_al_2018_Data_Set_S3,WP_004290502.1|28111|APAZ|short,efda8b7e2465df1396f5cf0519b7f4d8c1b483ab67326129d52b76b933aeeb1d
WP_004308218.1,APAZ_db7a4da6e2ba7f40,APAZ_db7a4da6e2ba7f40,BUILD,APAZ,Ia,LITERATURE_PHYLOGENETIC_SET,Ryazansky_et_al_2018_Data_Set_S3,WP_004308218.1|816|APAZ|short,0b6c348c262c93e8b783283057fc548e7980abe7672aab9798e74d975ce8f5ed
WP_004594199.1,APAZ_3e86350f99879f5f,APAZ_3e86350f99879f5f,BUILD,APAZ,III,LITERATURE_PHYLOGENETIC_SET,Ryazansky_et_al_2018_Data_Set_S3,WP_004594199.1|29282|APAZ,9f7174f86324bc12f3c18c0df04cbb1a533c8ff05a35b780b69f702a24fa3712
WP_004624807.1,APAZ_48ea3eaf53821b49,APAZ_48ea3eaf53821b49,BUILD,APAZ,Ia,LITERATURE_PHYLOGENETIC_SET,Ryazansky_et_al_2018_Data_Set_S3,WP_004624807.1|29371|APAZ|short,9090b4d487021677e478c766b0a8f37f411eb9fc69e17ee9267cff12c561f5b7
WP_004748890.1,APAZ_a4b1525fda783880,APAZ_a4b1525fda783880,BUILD,APAZ,IIb,LITERATURE_PHYLOGENETIC_SET,Ryazansky_et_al_2018_Data_Set_S3,WP_004748890.1|29498|APAZ,23b92c3f7c74274e9d598fa316e393c09ba168df52069a804114079aa88a9f5b
WP_005277191.1,APAZ_977d9fce12796157,APAZ_977d9fce12796157,BUILD,APAZ,Ia,LITERATURE_PHYLOGENETIC_SET,Ryazansky_et_al_2018_Data_Set_S3,WP_005277191.1|1217695|APAZ|short,25e3b48902bbf8cf63ee349e9489b1c08930ff5857a24fdfa1b09533399d4f96
WP_005372458.1,APAZ_cba5df4cf5a3ab38,APAZ_cba5df4cf5a3ab38,CALIBRATION,APAZ,IIb,LITERATURE_PHYLOGENETIC_SET,Ryazansky_et_al_2018_Data_Set_S3,WP_005372458.1|39773|APAZ,7d5d282ffaea062c4ec5bd859ef3d7db71bd9b0e3d189efaded3a7dd70af8955
WP_005783348.1,APAZ_54b9834122e9db1d,APAZ_54b9834122e9db1d,CALIBRATION,APAZ,Ib,LITERATURE_PHYLOGENETIC_SET,Ryazansky_et_al_2018_Data_Set_S3,WP_005783348.1|47883|APAZ,3680a00c5e37dc480ac39388a93810dafc41dd9d4e621d975c779b99c3e0de41
WP_005801097.1,APAZ_70ed68a4b4708b4e,APAZ_70ed68a4b4708b4e,BUILD,APAZ,Ia,LITERATURE_PHYLOGENETIC_SET,Ryazansky_et_al_2018_Data_Set_S3,WP_005801097.1|817|APAZ|short,27332b4ca1a3b10bd3520cd33df5a92476ec2f35f37af073b9877736ea83d15a
WP_005988489.1,APAZ_1a99018ce6e9923e,APAZ_1a99018ce6e9923e,BUILD,APAZ,Ib,LITERATURE_PHYLOGENETIC_SET,Ryazansky_et_al_2018_Data_Set_S3,WP_005988489.1|56460|APAZ,4cccce65ebeb44c3145c1a93581f81ba2224e15789b43d81794052a4a2f6c06f
WP_006019181.1,APAZ_17a026456ccd491d,APAZ_17a026456ccd491d,FINAL_HOLDOUT,APAZ,IIb,LITERATURE_PHYLOGENETIC_SET,Ryazansky_et_al_2018_Data_Set_S3,WP_006019181.1|56946|APAZ,8bbef9fac8256ca1cbbeb00ea2b5b0c8a63dc0b658828c558cc4c9c43fd1b62c
WP_006270760.1,APAZ_88a8a7382ba2b9b7,APAZ_88a8a7382ba2b9b7,BUILD,APAZ,IIb,LITERATURE_PHYLOGENETIC_SET,Ryazansky_et_al_2018_Data_Set_S3,WP_006270760.1|76891|APAZ,3ba57c683913969539dc505f68fc4d8be3ad8b3e9800523e023273654663da51
WP_006685036.1,APAZ_b56eeeec1ad17b4f,APAZ_b56eeeec1ad17b4f,BUILD,APAZ,IIb,LITERATURE_PHYLOGENETIC_SET,Ryazansky_et_al_2018_Data_Set_S3,WP_006685036.1|133448|APAZ,4380bcd45a2f5c73a49b662b5a45905f4111462c971ebe99fd9b887179e3215a
WP_006746222.1,APAZ_e3f215f605fdb3f6,APAZ_e3f215f605fdb3f6,BUILD,APAZ,Ia,LITERATURE_PHYLOGENETIC_SET,Ryazansky_et_al_2018_Data_Set_S3,WP_006746222.1|108010|APAZ|short,af60b577e885b296cc72ba5f8b1d3fc996cdb2ad3a68db50d8ea1c69a6fc2789
WP_007215639.1,APAZ_32d75c4897e9fca8,APAZ_32d75c4897e9fca8,BUILD,APAZ,Ia,LITERATURE_PHYLOGENETIC_SET,Ryazansky_et_al_2018_Data_Set_S3,WP_007215639.1|246787|APAZ,19d3e9df637561bd6ddc70814b641df7f7b0321423db9e819dd5b6dad4d3363d
WP_008137934.1,APAZ_8204295a55dda992,APAZ_8204295a55dda992,CALIBRATION,APAZ,IIb,LITERATURE_PHYLOGENETIC_SET,Ryazansky_et_al_2018_Data_Set_S3,WP_008137934.1|1144344|APAZ,f3b98d52e918cdea3000cdf84d811cdb222320b8cd2554fdb7d6c0756ab40488
WP_008140723.1,APAZ_ee372cb479fba6cc,APAZ_ee372cb479fba6cc,BUILD,APAZ,IIa,LITERATURE_PHYLOGENETIC_SET,Ryazansky_et_al_2018_Data_Set_S3,WP_008140723.1|387090|APAZ,9a6b258e442fd49342139958b55c8366cdb331546e39cb350fe58bb382ad6b5e
WP_008387995.1,APAZ_4d229b8e5f46221a,APAZ_4d229b8e5f46221a,BUILD,APAZ,III,LITERATURE_PHYLOGENETIC_SET,Ryazansky_et_al_2018_Data_Set_S3,WP_008387995.1|411361|APAZ,74e4c86b786a51d3eea3966171684aee3827421eb9fda14a5db1f3bf63170eec
WP_008510818.1,APAZ_f7b50bb04e34279f,APAZ_f7b50bb04e34279f,FINAL_HOLDOUT,APAZ,IIb,LITERATURE_PHYLOGENETIC_SET,Ryazansky_et_al_2018_Data_Set_S3,WP_008510818.1|1218315|APAZ,a5f4fd9b308f1053ffa4038054ce47e30e500eeb13f189ba6d4e9737c1184b7a
WP_008615787.1,APAZ_422c4d267d2b0937,APAZ_422c4d267d2b0937,BUILD,APAZ,Ia,LITERATURE_PHYLOGENETIC_SET,Ryazansky_et_al_2018_Data_Set_S3,WP_008615787.1|453852|APAZ|short,53ddf85b002f1c375b8cb2d435f7d62f33bee106205269b52de766ccb65582ff
WP_008657175.1,APAZ_9a37def19f3dcaab,APAZ_9a37def19f3dcaab,BUILD,APAZ,Ia,LITERATURE_PHYLOGENETIC_SET,Ryazansky_et_al_2018_Data_Set_S3,WP_008657175.1|816|APAZ|short,355c9166c6d31dcc514a43ee3ea3b9d6b12a13854fa5de1c130d5effa2305fff
WP_008706033.1,APAZ_ba771b4336db4603,APAZ_ba771b4336db4603,BUILD,APAZ,IIb,LITERATURE_PHYLOGENETIC_SET,Ryazansky_et_al_2018_Data_Set_S3,WP_008706033.1|1265734|APAZ,c04288f71d468e99fd863ebaea1c48513c308532d1eed0155e500638b1758099
WP_008781127.1,APAZ_3e3154d632484dc5,APAZ_3e3154d632484dc5,CALIBRATION,APAZ,IIb,LITERATURE_PHYLOGENETIC_SET,Ryazansky_et_al_2018_Data_Set_S3,WP_008781127.1|469592|APAZ,b581efd4caee436b5d4b5d3dcf89d96158a77bb6189a1da631723cefd1a445cf
WP_008877326.1,APAZ_56579b2fe32bfa35,APAZ_56579b2fe32bfa35,BUILD,APAZ,IIa,LITERATURE_PHYLOGENETIC_SET,Ryazansky_et_al_2018_Data_Set_S3,WP_008877326.1|489722|APAZ,e696bc68ccee690502d6c8a11e1c1bf1ab14328d03b3006995a0a7b57ee42765
WP_008983418.1,APAZ_fd437e4d694e45ea,APAZ_fd437e4d694e45ea,BUILD,APAZ,IIb,LITERATURE_PHYLOGENETIC_SET,Ryazansky_et_al_2018_Data_Set_S3,WP_008983418.1|553384|APAZ,239ea83b7d000c4684c6329681bad2f140e598ba15b98a84b45bcdc7163fd8ce
WP_009043888.1,APAZ_84518391a2f43786,APAZ_84518391a2f43786,BUILD,APAZ,Ib,LITERATURE_PHYLOGENETIC_SET,Ryazansky_et_al_2018_Data_Set_S3,WP_009043888.1|587753|APAZ,462d58156c2da7644a2e84943efa801bda39f9bcbf949b2c9448e3bf4348eae9
WP_009301608.1,APAZ_ba4e85de54dc524c,APAZ_ba4e85de54dc524c,BUILD,APAZ,IIa,LITERATURE_PHYLOGENETIC_SET,Ryazansky_et_al_2018_Data_Set_S3,WP_009301608.1|665942|APAZ,e280207d3678821a0dba8145f3f24d2ef1910a303f9f33d52c38e519313193fe
WP_009507644.1,APAZ_be13a615c7bf8e38,APAZ_be13a615c7bf8e38,CALIBRATION,APAZ,IIb,LITERATURE_PHYLOGENETIC_SET,Ryazansky_et_al_2018_Data_Set_S3,WP_009507644.1|794903|APAZ,edd2da1ee17e0bc1ceb8cf4e662b8e6a80d33e5eb948ef2b020f7a476fbfde22
WP_009860218.1,APAZ_160fe183df39f647,APAZ_160fe183df39f647,BUILD,APAZ,Ia,LITERATURE_PHYLOGENETIC_SET,Ryazansky_et_al_2018_Data_Set_S3,WP_009860218.1|328812|APAZ|short,ff4db94e5dadf3e46fc68c6bcd91e66a163ef85fefa863ae2f746ac7657a2737
WP_010123961.1,APAZ_11696bd624251659,APAZ_11696bd624251659,CALIBRATION,APAZ,IIb,LITERATURE_PHYLOGENETIC_SET,Ryazansky_et_al_2018_Data_Set_S3,WP_010123961.1|1030157|APAZ,fdc8f167c9d1490972af5a2c6525fd52743ce2a766282ed22853be08d255007a
WP_010165148.1,APAZ_bc184db384853d4d,APAZ_bc184db384853d4d,FINAL_HOLDOUT,APAZ,IIa,LITERATURE_PHYLOGENETIC_SET,Ryazansky_et_al_2018_Data_Set_S3,WP_010165148.1|1112216|APAZ,e2d1e89dd1a8d50629c84cb343be8b7939a8f109b7cae21800bd1a217b070f53
WP_010424308.1,APAZ_fd3aec8c2d54d233,APAZ_fd3aec8c2d54d233,FINAL_HOLDOUT,APAZ,IIb,LITERATURE_PHYLOGENETIC_SET,Ryazansky_et_al_2018_Data_Set_S3,WP_010424308.1|177400|APAZ,5737a497e8d7aa2e190de5555fa3f80df85e3befbf5bec81f0ae3336e8e49752
WP_010683362.1,APAZ_f5d6c4b154836107,APAZ_f5d6c4b154836107,BUILD,APAZ,IIb,LITERATURE_PHYLOGENETIC_SET,Ryazansky_et_al_2018_Data_Set_S3,WP_010683362.1|39956|APAZ,95b3476001b09c790b0162209b258192540d54e618cfa76401579511eb9a9904
WP_010913851.1,APAZ_d4a723c162d073aa,APAZ_d4a723c162d073aa,FINAL_HOLDOUT,APAZ,IIb,LITERATURE_PHYLOGENETIC_SET,Ryazansky_et_al_2018_Data_Set_S3,WP_010913851.1|2066070|APAZ,5ac98f9490b9f901cd2cba1f33f5477a3daa4b374414ca23c95c31a02e606d9b
WP_011021017.1,APAZ_3d6526e5d2894d6d,APAZ_3d6526e5d2894d6d,CALIBRATION,APAZ,III,LITERATURE_PHYLOGENETIC_SET,Ryazansky_et_al_2018_Data_Set_S3,WP_011021017.1|2214|APAZ,e86eff14d28bb2c384abb120fe4167f188856793f10ad7cd90a40ff00f55f0c5
WP_011504021.1,APAZ_4e2ff2caf012ce82,APAZ_4e2ff2caf012ce82,FINAL_HOLDOUT,APAZ,IIa,LITERATURE_PHYLOGENETIC_SET,Ryazansky_et_al_2018_Data_Set_S3,WP_011504021.1|1076|APAZ,3a989cbc1dc19883194c9f5d765ec8ec9a6c5e0b44ed3863dc8396ec9aadd610
WP_011767948.1,APAZ_b2d23b2179d83d74,APAZ_b2d23b2179d83d74,BUILD,APAZ,IIb,LITERATURE_PHYLOGENETIC_SET,Ryazansky_et_al_2018_Data_Set_S3,WP_011767948.1|189918|APAZ,edfd305a1d71fe85c9f2b0a9f24b0c71ebe7ea0054857b47d96a36a04e92a1cd
WP_011831497.1,APAZ_6818fa90569f7d08,APAZ_6818fa90569f7d08,FINAL_HOLDOUT,APAZ,IIb,LITERATURE_PHYLOGENETIC_SET,Ryazansky_et_al_2018_Data_Set_S3,WP_011831497.1|105560|APAZ,431f77779dcfdefcc7b3c015df447bc30e3c3d258e0e2ba79d01135528241eba
WP_011923975.1,APAZ_3cb9f8bb91cb9acd,APAZ_3cb9f8bb91cb9acd,BUILD,APAZ,Ib,LITERATURE_PHYLOGENETIC_SET,Ryazansky_et_al_2018_Data_Set_S3,WP_011923975.1|114615|APAZ,72130f23279dd894174f8bd7baabee3c5a4f7a2ef8ba37d764b7257e19ad9496
WP_011940822.1,APAZ_5ffc1d09a6018ba1,APAZ_5ffc1d09a6018ba1,BUILD,APAZ,Ib,LITERATURE_PHYLOGENETIC_SET,Ryazansky_et_al_2018_Data_Set_S3,WP_011940822.1|351604|APAZ,9e0f8c164ff7c249568405837339eed90e23f3549ff32ce7dd55ea6d3d787fc1
WP_011971023.1,APAZ_e6f77690fcb33135,APAZ_e6f77690fcb33135,BUILD,APAZ,IIa,LITERATURE_PHYLOGENETIC_SET,Ryazansky_et_al_2018_Data_Set_S3,WP_011971023.1|110321|APAZ,2796ed07a953029aaa88a7b813610358330b6bfab10b51c0d38bd8fa99860ae7
WP_012222258.1,APAZ_b8f4921e94892ccc,APAZ_b8f4921e94892ccc,BUILD,APAZ,IIa,LITERATURE_PHYLOGENETIC_SET,Ryazansky_et_al_2018_Data_Set_S3,WP_012222258.1|33996|APAZ,5323bb232e098169feaae8b2fd2f9714cb783b163c1584bc4f8add4a16677b78
WP_012473795.1,APAZ_70a8d8865319e21e,APAZ_70a8d8865319e21e,BUILD,APAZ,Ib,LITERATURE_PHYLOGENETIC_SET,Ryazansky_et_al_2018_Data_Set_S3,WP_012473795.1|1096|APAZ,a2d659a0a8863bd7cff7e7e1a6e433015bbb63b9ca63755148d9ade569b33f98
WP_012486312.1,APAZ_aac93716b425e859,APAZ_aac93716b425e859,BUILD,APAZ,Ib,LITERATURE_PHYLOGENETIC_SET,Ryazansky_et_al_2018_Data_Set_S3,WP_012486312.1|155077|APAZ,3859b4b9d9ee7e8835e829d48f70721b9874a51f255918d5e44eca0ed8c3fb99
WP_012489404.1,APAZ_df243f09c1cec7ab,APAZ_df243f09c1cec7ab,BUILD,APAZ,IIa,LITERATURE_PHYLOGENETIC_SET,Ryazansky_et_al_2018_Data_Set_S3,WP_012489404.1|379|APAZ,6c59d72e183a33b019da927bf6ad0dc9688b391e38062e4b1c42eee69f529404
WP_013078838.1,APAZ_c48939a4fef0909a,APAZ_c48939a4fef0909a,BUILD,APAZ,Ib,LITERATURE_PHYLOGENETIC_SET,Ryazansky_et_al_2018_Data_Set_S3,WP_013078838.1|88688|APAZ,6024822dace41ade1fe32c803e8f770766cb2173cf91b17aa251a3956e2d24d7
WP_013109336.1,APAZ_9a9d01086064ad00,APAZ_9a9d01086064ad00,BUILD,APAZ,Ib,LITERATURE_PHYLOGENETIC_SET,Ryazansky_et_al_2018_Data_Set_S3,WP_013109336.1|120|APAZ,2ed0cb5f8e7f8f60b3de560c49fa8c2ca624650edf28aa2ebb6d7e767a6c988e
WP_013299755.1,APAZ_e93e9959dd245b6c,APAZ_e93e9959dd245b6c,BUILD,APAZ,Ib,LITERATURE_PHYLOGENETIC_SET,Ryazansky_et_al_2018_Data_Set_S3,WP_013299755.1|208216|APAZ,cf6e2dbd52bd619317138536103cc9a29e49105f4814cddaf0f760b76de744a3
WP_013596009.1,APAZ_c87fe55c31e4f459,APAZ_c87fe55c31e4f459,BUILD,APAZ,Ib,LITERATURE_PHYLOGENETIC_SET,Ryazansky_et_al_2018_Data_Set_S3,WP_013596009.1|80867|APAZ,b886f537c3da15f55809744f97cdd9dde9c1072e588895b0e9dd96fd9868b375
WP_013632722.1,APAZ_1bfa0dc61830b2ec,APAZ_1bfa0dc61830b2ec,BUILD,APAZ,IIa,LITERATURE_PHYLOGENETIC_SET,Ryazansky_et_al_2018_Data_Set_S3,WP_013632722.1|151895|APAZ,84cd192323e028ab73da229fecf9dee9961009788253442b91a441d4d2616696
WP_013637054.1,APAZ_fa2c37fbafe41982,APAZ_fa2c37fbafe41982,CALIBRATION,APAZ,IIa,LITERATURE_PHYLOGENETIC_SET,Ryazansky_et_al_2018_Data_Set_S3,WP_013637054.1|861208|APAZ,9642620f3e0905640022b652f9cc9f2c3d5d239f060e0d704fbcf736e838f686
WP_013654325.1,APAZ_c2f49c4ba7c502d4,APAZ_c2f49c4ba7c502d4,FINAL_HOLDOUT,APAZ,Ib,LITERATURE_PHYLOGENETIC_SET,Ryazansky_et_al_2018_Data_Set_S3,WP_013654325.1|991904|APAZ,be3c394e9c9cdbebe9ed6a4d5f92f8acd7b378083ab58ad789b06db1da2cbbd9
WP_013685229.1,APAZ_9760d53656a86ba1,APAZ_9760d53656a86ba1,FINAL_HOLDOUT,APAZ,Ia,LITERATURE_PHYLOGENETIC_SET,Ryazansky_et_al_2018_Data_Set_S3,WP_013685229.1|191579|APAZ|short,80ae39556ae9444a76edd1edadb918816607557af0dcd100a7d6abc574f2a1f4
WP_013801384.1,APAZ_b54cac981b745f91,APAZ_b54cac981b745f91,BUILD,APAZ,Ib,LITERATURE_PHYLOGENETIC_SET,Ryazansky_et_al_2018_Data_Set_S3,WP_013801384.1|742013|APAZ,7be9f23f2adb1eefa10b58e0833b0c4743e627d96708a476e80483e28e1140fa
WP_013833356.1,APAZ_a00d3d727c91aba6,APAZ_a00d3d727c91aba6,BUILD,APAZ,IIb,LITERATURE_PHYLOGENETIC_SET,Ryazansky_et_al_2018_Data_Set_S3,WP_013833356.1|165696|APAZ,72bfadc022d059be3fcbfec3f6cc8f197620dd791dd52ea99aa59bf2a08722b8
WP_014020246.1,APAZ_fbfa5eb1cb8412a9,APAZ_fbfa5eb1cb8412a9,CALIBRATION,APAZ,IIa,LITERATURE_PHYLOGENETIC_SET,Ryazansky_et_al_2018_Data_Set_S3,WP_014020246.1|104|APAZ,581916a3d28514dd3a5f9f45af9873610b70fc2a21dcc4183942b0867011d14c
WP_014132757.1,APAZ_e7fa82514d83b20d,APAZ_e7fa82514d83b20d,BUILD,APAZ,IIa,LITERATURE_PHYLOGENETIC_SET,Ryazansky_et_al_2018_Data_Set_S3,WP_014132757.1|1082930|APAZ,f17fda5386c911d8c47a88b2da08a52007569e67001d890557817ef47ccf7b26
WP_014200913.1,APAZ_cb1c2ad7a70956c8,APAZ_cb1c2ad7a70956c8,CALIBRATION,APAZ,IIa,LITERATURE_PHYLOGENETIC_SET,Ryazansky_et_al_2018_Data_Set_S3,WP_014200913.1|253245|APAZ,48de8d287963558fee9d83e883c9a15413047f3d39a19a41d08ce639dc1773e2
WP_014387263.1,APAZ_aaebe8cd753cce8a,APAZ_aaebe8cd753cce8a,FINAL_HOLDOUT,APAZ,IIb,LITERATURE_PHYLOGENETIC_SET,Ryazansky_et_al_2018_Data_Set_S3,WP_014387263.1|312277|APAZ,af80dd9cc155761ea25538533db3e9d4c98583ae83b1931213591958c840a92d
WP_014746185.1,APAZ_297e87a73c244c7c,APAZ_297e87a73c244c7c,BUILD,APAZ,IIa,LITERATURE_PHYLOGENETIC_SET,Ryazansky_et_al_2018_Data_Set_S3,WP_014746185.1|171437|APAZ,2b848fc6cd04dd803431b8d912ace52f1d548e78068da54677fdcfeaece165af
WP_015056745.1,APAZ_a441ef4b6dac2b08,APAZ_a441ef4b6dac2b08,FINAL_HOLDOUT,APAZ,IIb,LITERATURE_PHYLOGENETIC_SET,Ryazansky_et_al_2018_Data_Set_S3,WP_015056745.1|651143|APAZ,40cca8b0772fdc14138c09ef9964cf6f7c5302ada60a5dfd99cd8df3cf3d7912
WP_015449154.1,APAZ_11a63257ef15567b,APAZ_11a63257ef15567b,FINAL_HOLDOUT,APAZ,IIa,LITERATURE_PHYLOGENETIC_SET,Ryazansky_et_al_2018_Data_Set_S3,WP_015449154.1|75309|APAZ,d20fd49e177dfcd99e431f97d0f11a8753257d889bcc516a818256c3313c9d12
WP_015596988.1,APAZ_fc71dfe05e49aad1,APAZ_fc71dfe05e49aad1,FINAL_HOLDOUT,APAZ,IIa,LITERATURE_PHYLOGENETIC_SET,Ryazansky_et_al_2018_Data_Set_S3,WP_015596988.1|53399|APAZ,8556f9b57ec9e27ec3371aff227dd267729faf0d9ee70dd8a0cf3e80842fa2c0
WP_015664541.1,APAZ_e37d88d2f9e5958e,APAZ_e37d88d2f9e5958e,BUILD,APAZ,Ib,LITERATURE_PHYLOGENETIC_SET,Ryazansky_et_al_2018_Data_Set_S3,WP_015664541.1|44255|APAZ,65b6442e34a0a8deda3e8e4f58ccde5a12a1ead36079aab518ade028ae151e7e
WP_015895834.1,APAZ_447c5456f6f06923,APAZ_447c5456f6f06923,BUILD,APAZ,IIa,LITERATURE_PHYLOGENETIC_SET,Ryazansky_et_al_2018_Data_Set_S3,WP_015895834.1|33075|APAZ,975200c71b357bcd55e54b93cce745e72f9cddd712d06f3143622d3a2574a3b2
WP_016263566.1,APAZ_66af7f436ceff45b,APAZ_66af7f436ceff45b,CALIBRATION,APAZ,IIb,LITERATURE_PHYLOGENETIC_SET,Ryazansky_et_al_2018_Data_Set_S3,WP_016263566.1|286|APAZ,30bfdacff5f0252cfe00c73f051a2d083779197652a128e2d4d053e5f157c596
WP_016278428.1,APAZ_1cfb5007b8c25211,APAZ_1cfb5007b8c25211,FINAL_HOLDOUT,APAZ,Ia,LITERATURE_PHYLOGENETIC_SET,Ryazansky_et_al_2018_Data_Set_S3,WP_016278428.1|671267|APAZ|short,fd39cddbd40a026a7fdcebd19be42ffe56485ed5fad6418453e64f1bcc4c783a
WP_016393047.1,APAZ_64b03a7a1a1cf1a2,APAZ_64b03a7a1a1cf1a2,CALIBRATION,APAZ,IIb,LITERATURE_PHYLOGENETIC_SET,Ryazansky_et_al_2018_Data_Set_S3,WP_016393047.1|70775|APAZ,35c2138122ff97f2386a7d537153ebe5663a77d3de3234720aeacbb6b7f3a95a
WP_016736429.1,APAZ_304863381d274d80,APAZ_304863381d274d80,BUILD,APAZ,Ib,LITERATURE_PHYLOGENETIC_SET,Ryazansky_et_al_2018_Data_Set_S3,WP_016736429.1|396|APAZ,1d52919c6de6f706817f6b9b3cf031db8e561fe8e3c8f0373f056a4e48f758c1
WP_017454678.1,APAZ_c66ebf0e22158c50,APAZ_c66ebf0e22158c50,BUILD,APAZ,Ia,LITERATURE_PHYLOGENETIC_SET,Ryazansky_et_al_2018_Data_Set_S3,WP_017454678.1|80842|APAZ,eebe772bdb8769141749e62ee3b8e3dd74960edbd862690bd3def06a0f22ecfe
WP_017505568.1,APAZ_26623056970f2218,APAZ_26623056970f2218,BUILD,APAZ,Ib,LITERATURE_PHYLOGENETIC_SET,Ryazansky_et_al_2018_Data_Set_S3,WP_017505568.1|1229204|APAZ,097408ed05f47479c913f7df9d87dc1ca8cc5ba81dffd08a9812e53e28676fcf
WP_018005262.1,APAZ_acde0eb1d7d2fc8a,APAZ_acde0eb1d7d2fc8a,BUILD,APAZ,IIb,LITERATURE_PHYLOGENETIC_SET,Ryazansky_et_al_2018_Data_Set_S3,WP_018005262.1|164546|APAZ,71ac4ba6b843c7cd00a86e92de5bb13d798932bbb91b3952a9a13ea9036eb771
WP_018016394.1,APAZ_d651ed1b6cc412db,APAZ_d651ed1b6cc412db,FINAL_HOLDOUT,APAZ,Ib,LITERATURE_PHYLOGENETIC_SET,Ryazansky_et_al_2018_Data_Set_S3,WP_018016394.1|2426|APAZ,d4354666b4afba9b051b953711c80612ca4f3ad823f70f7d6f870e7c5af5491e
WP_018273545.1,APAZ_54f8e2fb026dc98e,APAZ_54f8e2fb026dc98e,BUILD,APAZ,Ib,LITERATURE_PHYLOGENETIC_SET,Ryazansky_et_al_2018_Data_Set_S3,WP_018273545.1|29448|APAZ,d94b2f1824a075be56f53961f5631262893a99eca5fff9057576a29dad4e8e9f
WP_019015671.1,APAZ_dba00bbb2d13f82b,APAZ_dba00bbb2d13f82b,BUILD,APAZ,IIa,LITERATURE_PHYLOGENETIC_SET,Ryazansky_et_al_2018_Data_Set_S3,WP_019015671.1|457934|APAZ,c09b010c90ae51736a8e5ff504dea30450b8bb081b11b4852ee03a166006836d
WP_019960613.1,APAZ_368b572e5a36b904,APAZ_368b572e5a36b904,BUILD,APAZ,Ib,LITERATURE_PHYLOGENETIC_SET,Ryazansky_et_al_2018_Data_Set_S3,WP_019960613.1|240237|APAZ,0378b1affb7550d56b1e70053a36b883a23c3e684d8cd01a6db03a102cf87906
WP_019977020.1,APAZ_8bdc9f4293aa9d9e,APAZ_8bdc9f4293aa9d9e,FINAL_HOLDOUT,APAZ,Ia,LITERATURE_PHYLOGENETIC_SET,Ryazansky_et_al_2018_Data_Set_S3,WP_019977020.1|247|APAZ|short,7934f7c357331b79152d22883753c9f7308270551ab0af0ebe49573f2cf058ba
WP_020809957.1,APAZ_d40cec004dcb0a9c,APAZ_d40cec004dcb0a9c,FINAL_HOLDOUT,APAZ,Ib,LITERATURE_PHYLOGENETIC_SET,Ryazansky_et_al_2018_Data_Set_S3,WP_020809957.1|357|APAZ,29f4816c1ade5b44ca509abd70b5f35598fc8f0cb7d36ef57b138491ec3b32cf
WP_022545094.1,APAZ_1e53ba49c8e3f1ed,APAZ_1e53ba49c8e3f1ed,BUILD,APAZ,IIb,LITERATURE_PHYLOGENETIC_SET,Ryazansky_et_al_2018_Data_Set_S3,WP_022545094.1|1400053|APAZ,fed66ba87e3a865f5ce79b31a26450ca8b55ef4c1cf721e66fcd21d332915735
WP_022727544.1,APAZ_cdf3c2248bfb1e50,APAZ_cdf3c2248bfb1e50,BUILD,APAZ,IIb,LITERATURE_PHYLOGENETIC_SET,Ryazansky_et_al_2018_Data_Set_S3,WP_022727544.1|1121832|APAZ,0008406a215f0140ff7994e3b17a90d459d02f038e15a29ba17f7c33569ace22
WP_022787370.1,APAZ_6470659e2b2a6099,APAZ_6470659e2b2a6099,BUILD,APAZ,Ia,LITERATURE_PHYLOGENETIC_SET,Ryazansky_et_al_2018_Data_Set_S3,WP_022787370.1|877414|APAZ|short,f6656a1cf155222b683eb526cd4d391139baaab4bc857a8414a466ba662ae210
WP_022842741.1,APAZ_1d2042456bb72a1a,APAZ_1d2042456bb72a1a,BUILD,APAZ,IIb,LITERATURE_PHYLOGENETIC_SET,Ryazansky_et_al_2018_Data_Set_S3,WP_022842741.1|278963|APAZ,673aa8e46d33216b6224b2edbee95fbf88e177579f68a4b987f4e40359c74a55
WP_023680066.1,APAZ_13f2fe13fb2844b7,APAZ_13f2fe13fb2844b7,BUILD,APAZ,IIa,LITERATURE_PHYLOGENETIC_SET,Ryazansky_et_al_2018_Data_Set_S3,WP_023680066.1|1287336|APAZ,c38012405a98b7d7bc04c1ad7fe7ce72ab35cdf0a55dea4422b064ceadc96185
WP_023692463.1,APAZ_c7b9604a7bcbbf7d,APAZ_c7b9604a7bcbbf7d,BUILD,APAZ,Ib,LITERATURE_PHYLOGENETIC_SET,Ryazansky_et_al_2018_Data_Set_S3,WP_023692463.1|1287325|APAZ,7858943f1cd050da673f3dd96a045a0b2cd82609bba580097556e226901063ac
WP_023699068.1,APAZ_c26a64e47863187f,APAZ_c26a64e47863187f,BUILD,APAZ,IIa,LITERATURE_PHYLOGENETIC_SET,Ryazansky_et_al_2018_Data_Set_S3,WP_023699068.1|1287322|APAZ,c938443248c95b3b6ed38922eb19077fd9b256331f8f6e3770f8c7f0061e96e3
WP_023727136.1,APAZ_fd2635690a3d0152,APAZ_fd2635690a3d0152,BUILD,APAZ,IIb,LITERATURE_PHYLOGENETIC_SET,Ryazansky_et_al_2018_Data_Set_S3,WP_023727136.1|1287285|APAZ,e0e540da8397572e8abea226538619c1c3f7af5c8f2d535ee4ad8aae36579354
WP_024740054.1,APAZ_91ead9830ee7377b,APAZ_91ead9830ee7377b,BUILD,APAZ,Ia,LITERATURE_PHYLOGENETIC_SET,Ryazansky_et_al_2018_Data_Set_S3,WP_024740054.1|107401|APAZ|short,8b6e095991f93d3f2921b2928d759f4652861201775cf05dbd9ff4648328835b
WP_024810211.1,APAZ_655bf87ed910a941,APAZ_655bf87ed910a941,BUILD,APAZ,IIb,LITERATURE_PHYLOGENETIC_SET,Ryazansky_et_al_2018_Data_Set_S3,WP_024810211.1|1305735|APAZ,25ed3903c8fac32e45040fe3ce65f25f7b17badb88b12c48e8fbf31665732f05
WP_024973836.1,APAZ_2fb2f3da3b97ce2c,APAZ_2fb2f3da3b97ce2c,CALIBRATION,APAZ,IIb,LITERATURE_PHYLOGENETIC_SET,Ryazansky_et_al_2018_Data_Set_S3,WP_024973836.1|329|APAZ,1c73d63c3c8dbc772654becc7a8370db92a34d89543cf871be99ae0d44e0ee68
WP_025030983.1,APAZ_1394aa9a31cc9f35,APAZ_1394aa9a31cc9f35,BUILD,APAZ,IIa,LITERATURE_PHYLOGENETIC_SET,Ryazansky_et_al_2018_Data_Set_S3,WP_025030983.1|204799|APAZ,046f91a22fa645641f77546efc35bc1afa8412b45057e6073391603e12cac971
WP_025493197.1,APAZ_e2d98f9e08e8d8c4,APAZ_e2d98f9e08e8d8c4,FINAL_HOLDOUT,APAZ,Ia,LITERATURE_PHYLOGENETIC_SET,Ryazansky_et_al_2018_Data_Set_S3,WP_025493197.1|1232455|APAZ|short,126e8a412edfa1635de134cd5cd092757b675b658ccd844a5afa005bd493949f
WP_026042451.1,APAZ_e7e5f5f6ed01f856,APAZ_e7e5f5f6ed01f856,BUILD,APAZ,Ib,LITERATURE_PHYLOGENETIC_SET,Ryazansky_et_al_2018_Data_Set_S3,WP_026042451.1|1225184|APAZ,a5a37a7a39d5b7cf0677533c9d401363835e3fe891a4cfc8249c7679c4dfc710
WP_026782276.1,APAZ_f3d988a13cb6ca98,APAZ_f3d988a13cb6ca98,BUILD,APAZ,IIb,LITERATURE_PHYLOGENETIC_SET,Ryazansky_et_al_2018_Data_Set_S3,WP_026782276.1|257440|APAZ,e41d18c0576ad1b2bb08ad4ec9610b650fc2fee1958ce944b4d845187b9ea8f9
WP_026808685.1,APAZ_8466882a4deb1cbb,APAZ_8466882a4deb1cbb,BUILD,APAZ,Ia,LITERATURE_PHYLOGENETIC_SET,Ryazansky_et_al_2018_Data_Set_S3,WP_026808685.1|86104|APAZ,9cffe9e5f6e131000c27e96dcf616b05579c8516b51bcb1812c1696506bf8a61
WP_026932797.1,APAZ_67eb007eb3227ad1,APAZ_67eb007eb3227ad1,BUILD,APAZ,IIa,LITERATURE_PHYLOGENETIC_SET,Ryazansky_et_al_2018_Data_Set_S3,WP_026932797.1|279359|APAZ,662300c14552b782b47be7349a658d5803b718f36e56947054c59c95948b58c2
WP_027101516.1,APAZ_5069332210c3da36,APAZ_5069332210c3da36,CALIBRATION,APAZ,IIa,LITERATURE_PHYLOGENETIC_SET,Ryazansky_et_al_2018_Data_Set_S3,WP_027101516.1|1298913|APAZ,a8c4211879f2d96f495356f5af40edbaeebe20d3186e0af0e33dc7ca47c93ab2
WP_027160975.1,APAZ_abd16c63e8900aae,APAZ_abd16c63e8900aae,BUILD,APAZ,IIa,LITERATURE_PHYLOGENETIC_SET,Ryazansky_et_al_2018_Data_Set_S3,WP_027160975.1|1040984|APAZ,67cdf9047fcfa79faded7ce812687e68d184d67f897895dc828acf4bf90c2aeb
WP_027412346.1,APAZ_334de62ea9a823be,APAZ_334de62ea9a823be,BUILD,APAZ,Ia,LITERATURE_PHYLOGENETIC_SET,Ryazansky_et_al_2018_Data_Set_S3,WP_027412346.1|279356|APAZ|short,8da0acaa83c74bcce4ab0c8e21462cc21ac937078e66eb2bce02eaba0095522c
WP_027853030.1,APAZ_3862fffeb98c28b8,APAZ_3862fffeb98c28b8,BUILD,APAZ,Ib,LITERATURE_PHYLOGENETIC_SET,Ryazansky_et_al_2018_Data_Set_S3,WP_027853030.1|404770|APAZ,1319bd4fe9f089ab56f2b565c47224d796a5c0c4a54ff51de01a7861710aa8c2
WP_028057923.1,APAZ_1bae91b4c15bc867,APAZ_1bae91b4c15bc867,BUILD,APAZ,IIb,LITERATURE_PHYLOGENETIC_SET,Ryazansky_et_al_2018_Data_Set_S3,WP_028057923.1|1298857|APAZ,27e153983559d6056e77cd871ad8a02df0350acc8d1d9e881deeb35d33015825
WP_028081100.1,APAZ_81c80428baf034dc,APAZ_81c80428baf034dc,FINAL_HOLDOUT,APAZ,IIa,LITERATURE_PHYLOGENETIC_SET,Ryazansky_et_al_2018_Data_Set_S3,WP_028081100.1|413479|APAZ,be94877de76809b1d6a9670f96f040ec4754cf74d7ffe3d43e3422224eae1987
WP_028095445.1,APAZ_9456f78bedeb92bb,APAZ_9456f78bedeb92bb,BUILD,APAZ,IIb,LITERATURE_PHYLOGENETIC_SET,Ryazansky_et_al_2018_Data_Set_S3,WP_028095445.1|337702|APAZ,e3f3425b13761c5b06c9441ce68d7bdfe0b5a85eaf3146b2f1273f720053588e
WP_028153625.1,APAZ_ff6ac628117071db,APAZ_ff6ac628117071db,BUILD,APAZ,IIa,LITERATURE_PHYLOGENETIC_SET,Ryazansky_et_al_2018_Data_Set_S3,WP_028153625.1|375|APAZ,eddac033917447c78e2d194d49c3b0f96586e8ebc0462174f12e529b515e1aec
WP_028337809.1,APAZ_152263891ba8f4a9,APAZ_152263891ba8f4a9,BUILD,APAZ,IIb,LITERATURE_PHYLOGENETIC_SET,Ryazansky_et_al_2018_Data_Set_S3,WP_028337809.1|29448|APAZ,b14188e5111b30921e8ed25ca04c04d06ddae0f6ec854cd92ffa257d8e79fbf5
WP_028849834.1,APAZ_f74a66c97cf26409,APAZ_f74a66c97cf26409,BUILD,APAZ,IIb,LITERATURE_PHYLOGENETIC_SET,Ryazansky_et_al_2018_Data_Set_S3,WP_028849834.1|37926|APAZ,1f521f4143324e66c092389b2443955500f87650949ca3eb04bbf61273dd2397
WP_029005631.1,APAZ_a57bca24e5e9981e,APAZ_a57bca24e5e9981e,BUILD,APAZ,IIb,LITERATURE_PHYLOGENETIC_SET,Ryazansky_et_al_2018_Data_Set_S3,WP_029005631.1|281091|APAZ,056612d0d3b3bfada4902b7d6a8e171d1f411f3721a5a90253cb11eea65fce25
WP_029134085.1,APAZ_a4ada87a9bc5ed07,APAZ_a4ada87a9bc5ed07,BUILD,APAZ,IIa,LITERATURE_PHYLOGENETIC_SET,Ryazansky_et_al_2018_Data_Set_S3,WP_029134085.1|191960|APAZ,95980cadd0371983386d0d29b66ad72f719956610b0b3bc7ff43568b47a5b803
WP_029193119.1,APAZ_105569cba2c176c9,APAZ_105569cba2c176c9,FINAL_HOLDOUT,APAZ,Ia,LITERATURE_PHYLOGENETIC_SET,Ryazansky_et_al_2018_Data_Set_S3,WP_029193119.1|59839|APAZ|short,0268222353bdfb79c1ad347474fcf4facf9400127123d589b199f47955b72deb
WP_030539670.1,APAZ_487c56237b68af13,APAZ_487c56237b68af13,BUILD,APAZ,IIb,LITERATURE_PHYLOGENETIC_SET,Ryazansky_et_al_2018_Data_Set_S3,WP_030539670.1|1303256|APAZ,a5d086184123cd36a0379903e2ab8a49a34f642b5d31feca08a9a2bf173ac725
WP_031452536.1,APAZ_14c1bc5278fbde14,APAZ_14c1bc5278fbde14,BUILD,APAZ,Ia,LITERATURE_PHYLOGENETIC_SET,Ryazansky_et_al_2018_Data_Set_S3,WP_031452536.1|1232437|APAZ|short,03a2f16614783c5b5311a00126fbf13a705a38644c79158f92b27d9ef3a3aa27
WP_032541222.1,APAZ_a1edd7b81f8ba8f9,APAZ_a1edd7b81f8ba8f9,CALIBRATION,APAZ,IIb,LITERATURE_PHYLOGENETIC_SET,Ryazansky_et_al_2018_Data_Set_S3,WP_032541222.1|816|APAZ,c562f74452f3c6d045d1472150af12cf013f2eef6b180256705eea9449b3cec5
WP_033317603.1,APAZ_c32006e4481113a0,APAZ_c32006e4481113a0,BUILD,APAZ,IIb,LITERATURE_PHYLOGENETIC_SET,Ryazansky_et_al_2018_Data_Set_S3,WP_033317603.1|279369|APAZ,df15bc8876223f1b2686cea8c2da4a96c896ce2e2efba8e86a20f8a99bc93a92
WP_034679768.1,APAZ_55fee246fe9d9bc4,APAZ_55fee246fe9d9bc4,BUILD,APAZ,IIa,LITERATURE_PHYLOGENETIC_SET,Ryazansky_et_al_2018_Data_Set_S3,WP_034679768.1|236814|APAZ,6df8c2006ce046fa8e064385b9deb297e94603be7bf1a57721b1cd3edb1ec568
WP_034728376.1,APAZ_6346993704d93107,APAZ_6346993704d93107,BUILD,APAZ,Ia,LITERATURE_PHYLOGENETIC_SET,Ryazansky_et_al_2018_Data_Set_S3,WP_034728376.1|1233950|APAZ|short,b9c05b1596a539c9b5b8d5f7c31a8711b2aa5a709a6579e075923f5ebfb88dd6
WP_035240078.1,APAZ_009916e665db9575,APAZ_009916e665db9575,BUILD,APAZ,Ib,LITERATURE_PHYLOGENETIC_SET,Ryazansky_et_al_2018_Data_Set_S3,WP_035240078.1|1380348|APAZ,42c4720c579ebf7816a0e3f3caeb04625beef5bd6eab24760b79efe846d476fa
WP_035638686.1,APAZ_1d77c4d2cd18eefe,APAZ_1d77c4d2cd18eefe,BUILD,APAZ,Ib,LITERATURE_PHYLOGENETIC_SET,Ryazansky_et_al_2018_Data_Set_S3,WP_035638686.1|566679|APAZ,af480a6b8fea5ae1129d71f86665823febc8df3cdf713a7a9128eb9f809db735
WP_035838021.1,APAZ_e7029d891c15f63c,APAZ_e7029d891c15f63c,BUILD,APAZ,IIb,LITERATURE_PHYLOGENETIC_SET,Ryazansky_et_al_2018_Data_Set_S3,WP_035838021.1|765699|APAZ,500eb5a2708dc5b4dbdf8dd2ef8c392fb3a385dea59a57818eae5caac31e8fda
WP_036017302.1,APAZ_309c53f41aef728a,APAZ_309c53f41aef728a,BUILD,APAZ,IIb,LITERATURE_PHYLOGENETIC_SET,Ryazansky_et_al_2018_Data_Set_S3,WP_036017302.1|102129|APAZ,e772075b7cf027dbf04133c71ef33990594967759445767e78d4e40f59f799fc
WP_036051529.1,APAZ_92307cf5d0cd173a,APAZ_92307cf5d0cd173a,CALIBRATION,APAZ,Ib,LITERATURE_PHYLOGENETIC_SET,Ryazansky_et_al_2018_Data_Set_S3,WP_036051529.1|999627|APAZ,ef414d951ef7d985efb293203080a6f979908849c14a19c197c10ad513273897
WP_036212047.1,APAZ_8d9cc7b1e2a327ba,APAZ_8d9cc7b1e2a327ba,FINAL_HOLDOUT,APAZ,IIb,LITERATURE_PHYLOGENETIC_SET,Ryazansky_et_al_2018_Data_Set_S3,WP_036212047.1|1415754|APAZ,63ae946dc8cfe2dd64a74dec60e25be2f2968322f385537a94eb4089fc5001cb
WP_036267940.1,APAZ_b765f89408b2de9a,APAZ_b765f89408b2de9a,BUILD,APAZ,IIb,LITERATURE_PHYLOGENETIC_SET,Ryazansky_et_al_2018_Data_Set_S3,WP_036267940.1|73780|APAZ,380d243b24e834250a5e880497952040484155399db76022cbcf8abbfb6900cc
WP_036284031.1,APAZ_ac1c2e4ef266eeb3,APAZ_ac1c2e4ef266eeb3,BUILD,APAZ,IIb,LITERATURE_PHYLOGENETIC_SET,Ryazansky_et_al_2018_Data_Set_S3,WP_036284031.1|622637|APAZ,bd7cad6f8cb714fa1e8d00ed4bf00fb3d1164a079d64bafff062f052bbd7bf6a
WP_036632782.1,APAZ_3dddb128bdfb4892,APAZ_3dddb128bdfb4892,FINAL_HOLDOUT,APAZ,IIa,LITERATURE_PHYLOGENETIC_SET,Ryazansky_et_al_2018_Data_Set_S3,WP_036632782.1|823|APAZ,7575316fcd76d3f150a49f336e086ca7ec35ea501c962137f4ea3dc188388e75
WP_036945621.1,APAZ_66832b9026a2b0a5,APAZ_66832b9026a2b0a5,BUILD,APAZ,IIb,LITERATURE_PHYLOGENETIC_SET,Ryazansky_et_al_2018_Data_Set_S3,WP_036945621.1|118173|APAZ,8f4126bd823e517fd7088bf3064fc6f8af91ec22231837faf45189b167b60d05
WP_037165528.1,APAZ_17ad81049aad5091,APAZ_17ad81049aad5091,BUILD,APAZ,IIb,LITERATURE_PHYLOGENETIC_SET,Ryazansky_et_al_2018_Data_Set_S3,WP_037165528.1|1500300|APAZ,a3294f0fbb0668e928908af3d289560a335707aff9c8363a9ba4c25804d3b8cd
WP_037187103.1,APAZ_8557a0ad92c3e102,APAZ_8557a0ad92c3e102,BUILD,APAZ,Ib,LITERATURE_PHYLOGENETIC_SET,Ryazansky_et_al_2018_Data_Set_S3,WP_037187103.1|1500259|APAZ,ad3f57b18ce6533f4d558fcfb74a33cdd77cd588ec0a633b0aa594ac575429ab
WP_037435767.1,APAZ_7f89782992e80c5d,APAZ_7f89782992e80c5d,BUILD,APAZ,Ib,LITERATURE_PHYLOGENETIC_SET,Ryazansky_et_al_2018_Data_Set_S3,WP_037435767.1|380|APAZ,e75a843bcc8c16afed173f82307ccf76e6223634685130dae2605dd19ff98242
WP_037716570.1,APAZ_781486d3a6d24c70,APAZ_781486d3a6d24c70,BUILD,APAZ,IIb,LITERATURE_PHYLOGENETIC_SET,Ryazansky_et_al_2018_Data_Set_S3,WP_037716570.1|68239|APAZ,8d514c7d289aced9f1e01e34b1c5b2715d5e3c05e6028441dfbb8035700159b8
WP_038205789.1,APAZ_04e4dea12ffa4ddd,APAZ_04e4dea12ffa4ddd,BUILD,APAZ,Ib,LITERATURE_PHYLOGENETIC_SET,Ryazansky_et_al_2018_Data_Set_S3,WP_038205789.1|151755|APAZ,1281d0a4008939704f8f6e3edd992aa623a63084ccbaff7aacba2214ce341038
WP_038943875.1,APAZ_966f746533818fdd,APAZ_966f746533818fdd,BUILD,APAZ,Ib,LITERATURE_PHYLOGENETIC_SET,Ryazansky_et_al_2018_Data_Set_S3,WP_038943875.1|375|APAZ,62a3d7b13204e8e79cbe91f79875f6f5488fb718295009dab6538f30adba863c
WP_039858603.1,APAZ_178d92bc0f54c4d9,APAZ_178d92bc0f54c4d9,BUILD,APAZ,IIb,LITERATURE_PHYLOGENETIC_SET,Ryazansky_et_al_2018_Data_Set_S3,WP_039858603.1|205844|APAZ,152a01726414e53910a0600d9e5ef50fa123954adaaefa71c66ea72b8ee38f16
WP_041534907.1,APAZ_2b3897e2c8253b25,APAZ_2b3897e2c8253b25,BUILD,APAZ,IIb,LITERATURE_PHYLOGENETIC_SET,Ryazansky_et_al_2018_Data_Set_S3,WP_041534907.1|208216|APAZ,0f9b85e75ec5f072f770849ef89c9ad295d5b72e07c80f6e21af40c15edebd98
WP_041864518.1,APAZ_f6f42fbb10f8cf2f,APAZ_f6f42fbb10f8cf2f,BUILD,APAZ,IIa,LITERATURE_PHYLOGENETIC_SET,Ryazansky_et_al_2018_Data_Set_S3,WP_041864518.1|40324|APAZ,e1f3e25eea08d8112a4ecfd4b2f533614091674f845d65b54cd93fc888091e2e
WP_042087938.1,APAZ_a0e351d9cfc9ec77,APAZ_a0e351d9cfc9ec77,BUILD,APAZ,Ib,LITERATURE_PHYLOGENETIC_SET,Ryazansky_et_al_2018_Data_Set_S3,WP_042087938.1|1492281|APAZ,7337da50dbe8e0d6fca01b3f65ad59083496fe968791a4a3299fe9777eff7764
WP_042419826.1,APAZ_7a80d929f0719edc,APAZ_7a80d929f0719edc,FINAL_HOLDOUT,APAZ,IIb,LITERATURE_PHYLOGENETIC_SET,Ryazansky_et_al_2018_Data_Set_S3,WP_042419826.1|405782|APAZ,accb90a8e7946e0b94fad43fa5ca7cd81d08a0b0246be183475582c23c0ad89f
WP_042565353.1,APAZ_c53ba7c996cff69d,APAZ_c53ba7c996cff69d,BUILD,APAZ,Ia,LITERATURE_PHYLOGENETIC_SET,Ryazansky_et_al_2018_Data_Set_S3,WP_042565353.1|1587524|APAZ|short,bc2ce50cf0b5af147c1a5ffe54451b9ba2c7430aad4122021097603e50ba8238
WP_042571950.1,APAZ_dda318c3945075d5,APAZ_dda318c3945075d5,BUILD,APAZ,IIb,LITERATURE_PHYLOGENETIC_SET,Ryazansky_et_al_2018_Data_Set_S3,WP_042571950.1|321846|APAZ,bd318d7e5986d3698dfcaa8c6e4aeddc3ea58b88de4c1e5d2baa0ecd95c05f5e
WP_042619122.1,APAZ_137e89401a80c93a,APAZ_137e89401a80c93a,BUILD,APAZ,IIa,LITERATURE_PHYLOGENETIC_SET,Ryazansky_et_al_2018_Data_Set_S3,WP_042619122.1|358|APAZ,2116516529da44d28b674b80fb1c704047b2119f407b51ecb89e675e2976c66c
WP_044015994.1,APAZ_a2a3a56338d7ceb3,APAZ_a2a3a56338d7ceb3,BUILD,APAZ,Ia,LITERATURE_PHYLOGENETIC_SET,Ryazansky_et_al_2018_Data_Set_S3,WP_044015994.1|1539298|APAZ|short,e6456dfdc56d818ee3805f8179b0ed23e4a5b88081e9b454dd2dd2e9c5708448
WP_044237100.1,APAZ_85c25129dbb78a60,APAZ_85c25129dbb78a60,BUILD,APAZ,IIb,LITERATURE_PHYLOGENETIC_SET,Ryazansky_et_al_2018_Data_Set_S3,WP_044237100.1|122|APAZ,14433a72f47fb86874fc53c93ab0f941de2e1448217deb5d2356affc20c49d04
WP_044272248.1,APAZ_8bb37357eaa535bc,APAZ_8bb37357eaa535bc,BUILD,APAZ,IIb,LITERATURE_PHYLOGENETIC_SET,Ryazansky_et_al_2018_Data_Set_S3,WP_044272248.1|1470345|APAZ,a5dc999b902f27fedce78368bfeebd48eb3372f7dca5e5f9436b93b6e67e6d85
WP_044394680.1,APAZ_2adacb1880c646eb,APAZ_2adacb1880c646eb,BUILD,APAZ,IIa,LITERATURE_PHYLOGENETIC_SET,Ryazansky_et_al_2018_Data_Set_S3,WP_044394680.1|80878|APAZ,0ca880879ff8bfe100ca31e51d571451038e16905a5990851609603ec05a2c97
WP_044447509.1,APAZ_054cb7d3f2773ce6,APAZ_054cb7d3f2773ce6,BUILD,APAZ,IIb,LITERATURE_PHYLOGENETIC_SET,Ryazansky_et_al_2018_Data_Set_S3,WP_044447509.1|589873|APAZ,7dfac836e1139248e256366933bb51c9df23b2db2ac3c3fa37221fbfd3e77fec
WP_045057112.1,APAZ_a290a3897967e4d5,APAZ_a290a3897967e4d5,FINAL_HOLDOUT,APAZ,IIb,LITERATURE_PHYLOGENETIC_SET,Ryazansky_et_al_2018_Data_Set_S3,WP_045057112.1|1827278|APAZ,45b73895ed177834715bb0cb9f24be020b988d0e3d450a84b50dc699059f7bda
WP_045167303.1,APAZ_266933585ef21763,APAZ_266933585ef21763,FINAL_HOLDOUT,APAZ,Ia,LITERATURE_PHYLOGENETIC_SET,Ryazansky_et_al_2018_Data_Set_S3,WP_045167303.1|28131|APAZ|short,669ed61646765b6547d6a80e89879f80bdc59348958176a4b8b8d1eb83e19eca
WP_046408756.1,APAZ_f44b97f1d7768085,APAZ_f44b97f1d7768085,BUILD,APAZ,IIa,LITERATURE_PHYLOGENETIC_SET,Ryazansky_et_al_2018_Data_Set_S3,WP_046408756.1|13687|APAZ,9e4cc43d3db244571f69f4b97fce0ce3b627113b6aed98444c2d819e98bdb13a
WP_046756489.1,APAZ_34c8ef862aca462a,APAZ_34c8ef862aca462a,BUILD,APAZ,IIb,LITERATURE_PHYLOGENETIC_SET,Ryazansky_et_al_2018_Data_Set_S3,WP_046756489.1|1348245|APAZ,f6aa48bbf8fbf0e0b4fdcc60171914b9c679ddcee205a40919dede2b52a3f7e2
WP_046846704.1,APAZ_ec8737d353f9cc2f,APAZ_ec8737d353f9cc2f,BUILD,APAZ,IIb,LITERATURE_PHYLOGENETIC_SET,Ryazansky_et_al_2018_Data_Set_S3,WP_046846704.1|113574|APAZ,768de64e6f5f90501bfb1032fb7471240a7e7f55a71486e54b42feee0e1d444c
WP_047468669.1,APAZ_4744e3cb5aad7d1c,APAZ_4744e3cb5aad7d1c,CALIBRATION,APAZ,IIa,LITERATURE_PHYLOGENETIC_SET,Ryazansky_et_al_2018_Data_Set_S3,WP_047468669.1|1339242|APAZ,d8b992061c680a3079acacca3ae7a386fcf58a13bac192783062739a787f49c5
WP_047479138.1,APAZ_e96679bfc0caa1fb,APAZ_e96679bfc0caa1fb,BUILD,APAZ,Ia,LITERATURE_PHYLOGENETIC_SET,Ryazansky_et_al_2018_Data_Set_S3,WP_047479138.1|1500283|APAZ|short,0ddd7aff239f5099b9644a63b0b7ef5152fe455f83f94e47b131cb2e7f62d631
WP_047564307.1,APAZ_5dd13a1d7d852b17,APAZ_5dd13a1d7d852b17,BUILD,APAZ,IIa,LITERATURE_PHYLOGENETIC_SET,Ryazansky_et_al_2018_Data_Set_S3,WP_047564307.1|1574409|APAZ,a441ee5deb0f187c2796daf6c9fd0d03ccae0556472fbc2d49860c94d56814cc
WP_047618202.1,APAZ_cf73b8d69cbe21f1,APAZ_cf73b8d69cbe21f1,BUILD,APAZ,IIa,LITERATURE_PHYLOGENETIC_SET,Ryazansky_et_al_2018_Data_Set_S3,WP_047618202.1|398|APAZ,0aeda7d3449058e582e4ca468da17be9179898c28e351801865657460855b896
WP_048076861.1,APAZ_9a638866f5b6845a,APAZ_9a638866f5b6845a,BUILD,APAZ,III,LITERATURE_PHYLOGENETIC_SET,Ryazansky_et_al_2018_Data_Set_S3,WP_048076861.1|1173487|APAZ,e9fcfca1a5209a11e423a66832f6728269d38f7f0bbdfe250f3adcc895659ed9
WP_048090856.1,APAZ_0a98333ab44ce5c6,APAZ_0a98333ab44ce5c6,BUILD,APAZ,IIb,LITERATURE_PHYLOGENETIC_SET,Ryazansky_et_al_2018_Data_Set_S3,WP_048090856.1|1392998|APAZ,2ba07a2c174a8895edc48773968a83a5eb5a2438532078c911f50968fb0f2c94
WP_048500689.1,APAZ_ff65583648fc11cd,APAZ_ff65583648fc11cd,BUILD,APAZ,IIb,LITERATURE_PHYLOGENETIC_SET,Ryazansky_et_al_2018_Data_Set_S3,WP_048500689.1|232216|APAZ,73c36100aed6ca22e1825e53565266aff722b62e3a41ae2a4ba4401981b3c913
WP_048755578.1,APAZ_0e6fd86eca18ed02,APAZ_0e6fd86eca18ed02,BUILD,APAZ,IIb,LITERATURE_PHYLOGENETIC_SET,Ryazansky_et_al_2018_Data_Set_S3,WP_048755578.1|1035|APAZ,385106078183ec1ebefa003bf73648f5572e668be9ee63fcf4caaab2448e7193
WP_049284968.1,APAZ_2aaf2a22d309dd05,APAZ_2aaf2a22d309dd05,BUILD,APAZ,IIb,LITERATURE_PHYLOGENETIC_SET,Ryazansky_et_al_2018_Data_Set_S3,WP_049284968.1|286|APAZ,33a795d0b0249d3fdb7af65dc09b3fbb42b112efe8d6bd0fa9bd1472012e878e
WP_049803085.1,APAZ_92aa82d329e392be,APAZ_92aa82d329e392be,BUILD,APAZ,Ib,LITERATURE_PHYLOGENETIC_SET,Ryazansky_et_al_2018_Data_Set_S3,WP_049803085.1|375|APAZ,d23abf8875c7786613056344491743353af70c92a4834fccc4b3360c6546c96d
WP_049858702.1,APAZ_3b0643d8a61c9087,APAZ_3b0643d8a61c9087,BUILD,APAZ,Ib,LITERATURE_PHYLOGENETIC_SET,Ryazansky_et_al_2018_Data_Set_S3,WP_049858702.1|1681194|APAZ,d471dbb6357d18055febea0a91802f79a63cba1cc26ba7be3bcdb27c13483bba
WP_049897037.1,APAZ_ab74c890ae3c0f94,APAZ_ab74c890ae3c0f94,BUILD,APAZ,III,LITERATURE_PHYLOGENETIC_SET,Ryazansky_et_al_2018_Data_Set_S3,WP_049897037.1|68911|APAZ,aa2133ba2b07a0d5ee2ebf853761ea7332035d0959bcc173508e10520b6e6c48
WP_049906781.1,APAZ_eb5809f8eb30be42,APAZ_eb5809f8eb30be42,CALIBRATION,APAZ,III,LITERATURE_PHYLOGENETIC_SET,Ryazansky_et_al_2018_Data_Set_S3,WP_049906781.1|119434|APAZ,f8f5731649b2f569a12911e056c1c5bf40776d2048deeedd5d6909e86e8123f5
WP_050038598.1,APAZ_378de102724bccc8,APAZ_378de102724bccc8,BUILD,APAZ,III,LITERATURE_PHYLOGENETIC_SET,Ryazansky_et_al_2018_Data_Set_S3,WP_050038598.1|2237|APAZ,e68724fe79e3ca38fdfe622247554da5b5828f765cf15924a914352cb272a1c0
WP_050399989.1,APAZ_79a97cf57af6eb56,APAZ_79a97cf57af6eb56,BUILD,APAZ,Ib,LITERATURE_PHYLOGENETIC_SET,Ryazansky_et_al_2018_Data_Set_S3,WP_050399989.1|630921|APAZ,4b5615f82b9d1fc6d47d46c4443ddb6b613d1c0f968a4c6e00842cde0c7fd157
WP_050516847.1,APAZ_8fd5ab03eabe816f,APAZ_8fd5ab03eabe816f,BUILD,APAZ,IIa,LITERATURE_PHYLOGENETIC_SET,Ryazansky_et_al_2018_Data_Set_S3,WP_050516847.1|384|APAZ,a8dbd4e760f164921b8123ca943215fae7183151763432a9a270433e9b83f2a8
WP_050591131.1,APAZ_96298c21a7d5aea2,APAZ_96298c21a7d5aea2,BUILD,APAZ,Ib,LITERATURE_PHYLOGENETIC_SET,Ryazansky_et_al_2018_Data_Set_S3,WP_050591131.1|68287|APAZ,7ad7a23aff92e3acc65fa02945e3758ad9efb200fc4c9e39eaa0a9ce80d058af
WP_050631536.1,APAZ_152263891ba8f4a9,APAZ_152263891ba8f4a9,BUILD,APAZ,IIb,LITERATURE_PHYLOGENETIC_SET,Ryazansky_et_al_2018_Data_Set_S3,WP_050631536.1|1654716|APAZ,b14188e5111b30921e8ed25ca04c04d06ddae0f6ec854cd92ffa257d8e79fbf5
WP_050631537.1,APAZ_d06b530124b44919,APAZ_d06b530124b44919,BUILD,APAZ,IIb,LITERATURE_PHYLOGENETIC_SET,Ryazansky_et_al_2018_Data_Set_S3,WP_050631537.1|1654716|APAZ,b0f414a9fb4dc5ea3ac1af879e790d460f565748744205249281f2dda4da248b
WP_050771919.1,APAZ_41bc6be73b47f528,APAZ_41bc6be73b47f528,BUILD,APAZ,IIb,LITERATURE_PHYLOGENETIC_SET,Ryazansky_et_al_2018_Data_Set_S3,WP_050771919.1|404236|APAZ,2b3cafa88ac9d443353de8c8a7763a8790d969ca911e71f31bc71b5f8bc64fec
WP_050783877.1,APAZ_d29320a4a6f7b09d,APAZ_d29320a4a6f7b09d,BUILD,APAZ,Ia,LITERATURE_PHYLOGENETIC_SET,Ryazansky_et_al_2018_Data_Set_S3,WP_050783877.1|516466|APAZ|short,f2c1c8212fc7c48019af712060062bba28c76a0c3a837f44c27f14c871556077
WP_051044811.1,APAZ_c508abadcc78690e,APAZ_c508abadcc78690e,BUILD,APAZ,IIb,LITERATURE_PHYLOGENETIC_SET,Ryazansky_et_al_2018_Data_Set_S3,WP_051044811.1|91459|APAZ,3cebaacde3f39e3298f7ce506af9daba8094eb0a29baa25c5dfa3f8060922b66
WP_051294653.1,APAZ_3158e75527f10004,APAZ_3158e75527f10004,BUILD,APAZ,IIb,LITERATURE_PHYLOGENETIC_SET,Ryazansky_et_al_2018_Data_Set_S3,WP_051294653.1|220343|APAZ,2833ecd845ad566f86581eabd2083ae6c95e235249232c3b47b3160cd88c8bcd
WP_051443965.1,APAZ_8f20a61fe79e09a0,APAZ_8f20a61fe79e09a0,BUILD,APAZ,Ib,LITERATURE_PHYLOGENETIC_SET,Ryazansky_et_al_2018_Data_Set_S3,WP_051443965.1|1429916|APAZ,9c010709f4f6c047e7d8915c3602f4c330e67d571cafcea773724ba9fd448e96
WP_051600234.1,APAZ_8f32ce46746d765c,APAZ_8f32ce46746d765c,CALIBRATION,APAZ,Ib,LITERATURE_PHYLOGENETIC_SET,Ryazansky_et_al_2018_Data_Set_S3,WP_051600234.1|1280944|APAZ,02e05e0db82bd891285dfd2fb98e1238ee9f1d89abbee593a3cd327bb05b226f
WP_051602527.1,APAZ_38015109c49c70a1,APAZ_38015109c49c70a1,BUILD,APAZ,IIa,LITERATURE_PHYLOGENETIC_SET,Ryazansky_et_al_2018_Data_Set_S3,WP_051602527.1|85|APAZ,e7e1930f39caf299e35e975fb1cda8e70266837d1e19c5e590f5baf4ed56e3ce
WP_051634474.1,APAZ_06725f7e86bf2d1e,APAZ_06725f7e86bf2d1e,FINAL_HOLDOUT,APAZ,Ib,LITERATURE_PHYLOGENETIC_SET,Ryazansky_et_al_2018_Data_Set_S3,WP_051634474.1|358|APAZ,6cfff70e48570316bcb8aa2791c6124163eb3d8e35f3d1e070e3e0538626f107
WP_051677674.1,APAZ_d0895981d6287073,APAZ_d0895981d6287073,BUILD,APAZ,IIb,LITERATURE_PHYLOGENETIC_SET,Ryazansky_et_al_2018_Data_Set_S3,WP_051677674.1|1380355|APAZ,daeb328bdb1fbcc221f8ee7fe1e9f13bff95e023fe9f05cbc958db0b1c051710
WP_051821414.1,APAZ_aa0c31395e674b80,APAZ_aa0c31395e674b80,FINAL_HOLDOUT,APAZ,IIb,LITERATURE_PHYLOGENETIC_SET,Ryazansky_et_al_2018_Data_Set_S3,WP_051821414.1|1463855|APAZ,bb55d6c75afbc34e39cb6877721969ec293e9757f6749f99eb4c9da32a00d4a5
WP_051880056.1,APAZ_9da9af5577491ef3,APAZ_9da9af5577491ef3,BUILD,APAZ,Ia,LITERATURE_PHYLOGENETIC_SET,Ryazansky_et_al_2018_Data_Set_S3,WP_051880056.1|421072|APAZ|short,fd1969680241b2878cfa0c2f9fce5e6958223a0ecd93b5a2c19bcd7e14db77e3
WP_051882337.1,APAZ_6474814cf3278343,APAZ_6474814cf3278343,BUILD,APAZ,Ib,LITERATURE_PHYLOGENETIC_SET,Ryazansky_et_al_2018_Data_Set_S3,WP_051882337.1|1247963|APAZ,11b5a70d86554f99baac0732389e04e95265599216ab9fefdcbb71ba94be58d5
WP_052027161.1,APAZ_2eaedbeab6d0a130,APAZ_2eaedbeab6d0a130,FINAL_HOLDOUT,APAZ,IIa,LITERATURE_PHYLOGENETIC_SET,Ryazansky_et_al_2018_Data_Set_S3,WP_052027161.1|1187851|APAZ,e3166e9b7b778683024e47ef16c3c0a3fa7ff12c49629d89f82ab019701f6317
WP_052114702.1,APAZ_55fee246fe9d9bc4,APAZ_55fee246fe9d9bc4,BUILD,APAZ,IIa,LITERATURE_PHYLOGENETIC_SET,Ryazansky_et_al_2018_Data_Set_S3,WP_052114702.1|172045|APAZ,494faf74ab31544b6ca05ccaf62a52ceab1fefab27173202d6c9d177971e9b93
WP_052117900.1,APAZ_a88186d8faf8db9d,APAZ_a88186d8faf8db9d,BUILD,APAZ,Ib,LITERATURE_PHYLOGENETIC_SET,Ryazansky_et_al_2018_Data_Set_S3,WP_052117900.1|205844|APAZ,2ba338b64a828258e9ceba547c04ac9fa80387a9f9cd0e8aca82c101359e2c2f
WP_052192192.1,APAZ_07733cf03fc7d206,APAZ_07733cf03fc7d206,BUILD,APAZ,Ia,LITERATURE_PHYLOGENETIC_SET,Ryazansky_et_al_2018_Data_Set_S3,WP_052192192.1|1564113|APAZ|short,94001d7d8ff1d182a43b6a37fd712124a37b23a034cc56de328fff6703890f54
WP_052259141.1,APAZ_8e436a15f85c12c9,APAZ_8e436a15f85c12c9,CALIBRATION,APAZ,Ib,LITERATURE_PHYLOGENETIC_SET,Ryazansky_et_al_2018_Data_Set_S3,WP_052259141.1|56459|APAZ,0e8d174dd5a49cabf32cac3f0df3d373c2f91a7610b81a4c0f378b871fea9bd7
WP_052303232.1,APAZ_ee09003dc7d6daa2,APAZ_ee09003dc7d6daa2,BUILD,APAZ,Ia,LITERATURE_PHYLOGENETIC_SET,Ryazansky_et_al_2018_Data_Set_S3,WP_052303232.1|60548|APAZ|short,6170b06dbe8312794414ccee5f7db8cce206f7fc637c3dbaf9cfe67e2310716f
WP_052494227.1,APAZ_2add6869e24d570a,APAZ_2add6869e24d570a,FINAL_HOLDOUT,APAZ,IIa,LITERATURE_PHYLOGENETIC_SET,Ryazansky_et_al_2018_Data_Set_S3,WP_052494227.1|58133|APAZ,33b85a2db5681d872f83185959767137a8be167e732aa9edc84b4df3cde8387b
WP_052530012.1,APAZ_2bd2c116762822ad,APAZ_2bd2c116762822ad,BUILD,APAZ,Ib,LITERATURE_PHYLOGENETIC_SET,Ryazansky_et_al_2018_Data_Set_S3,WP_052530012.1|36809|APAZ,b0e5c6ed7b0c414ed490eb615bfa0ff10357b02d3e4af5bad724bf3c485dfc5a
WP_052564896.1,APAZ_459d39e5409cf9e7,APAZ_459d39e5409cf9e7,BUILD,APAZ,Ia,LITERATURE_PHYLOGENETIC_SET,Ryazansky_et_al_2018_Data_Set_S3,WP_052564896.1|795830|APAZ|short,843fb93c2deec6bb044feb20caa84784130785d066487f0ac5742b07cffc57a7
WP_052744930.1,APAZ_1d1a928b0072228b,APAZ_1d1a928b0072228b,BUILD,APAZ,IIb,LITERATURE_PHYLOGENETIC_SET,Ryazansky_et_al_2018_Data_Set_S3,WP_052744930.1|1538294|APAZ,b113c06e4d680a5989e0fa27330feca88816cfb79ec3522b5479f1d9c806f6ec
WP_053058140.1,APAZ_bc98c6b3739b61f5,APAZ_bc98c6b3739b61f5,BUILD,APAZ,Ia,LITERATURE_PHYLOGENETIC_SET,Ryazansky_et_al_2018_Data_Set_S3,WP_053058140.1|909625|APAZ|short,ddfab90d5d149fab68c4ed4b816df81ca9528e9471c79be863e7074ba43ab0a9
WP_053326746.1,APAZ_1b618472bc4e5354,APAZ_1b618472bc4e5354,BUILD,APAZ,IIb,LITERATURE_PHYLOGENETIC_SET,Ryazansky_et_al_2018_Data_Set_S3,WP_053326746.1|1324352|APAZ,613b7e96f9517bcecd9d2c0e19648d823506601d608e03e3f0c68a9916cf5702
WP_053381025.1,APAZ_6674a72859b40e15,APAZ_6674a72859b40e15,FINAL_HOLDOUT,APAZ,IIb,LITERATURE_PHYLOGENETIC_SET,Ryazansky_et_al_2018_Data_Set_S3,WP_053381025.1|42253|APAZ,a94fd3d09b650078a09cbaa3d46199091a9e486d60dcc0718ba359da2c172d37
WP_053571900.1,APAZ_7f578c996dc5ff9c,APAZ_7f578c996dc5ff9c,BUILD,APAZ,Ib,LITERATURE_PHYLOGENETIC_SET,Ryazansky_et_al_2018_Data_Set_S3,WP_053571900.1|1353886|APAZ,00471f77788eb99a9142afbb2802058c0b50994881a0af248eb6e857b898bc59
WP_054211403.1,APAZ_837302c55703fe12,APAZ_837302c55703fe12,BUILD,APAZ,IIb,LITERATURE_PHYLOGENETIC_SET,Ryazansky_et_al_2018_Data_Set_S3,WP_054211403.1|1526658|APAZ,d0ca6a093189a9332350882d1b1ba53fce98eb272236e2d0e16beb9b1c1bf8a9
WP_054765274.1,APAZ_b76d0e9c8f54eee2,APAZ_b76d0e9c8f54eee2,CALIBRATION,APAZ,IIa,LITERATURE_PHYLOGENETIC_SET,Ryazansky_et_al_2018_Data_Set_S3,WP_054765274.1|1532555|APAZ,41242714c8365ec9cba4106051feaa1302cfcc20c3e3921413e7b35f5f5f8c3c
WP_055143318.1,APAZ_f1ee664c91689220,APAZ_f1ee664c91689220,BUILD,APAZ,IIa,LITERATURE_PHYLOGENETIC_SET,Ryazansky_et_al_2018_Data_Set_S3,WP_055143318.1|39492|APAZ,286cfc996ab1669ed555bbbfec770ed29f6c17fa1d1c77f61d68699a6daada53
WP_056034460.1,APAZ_a55d52f1cba720d3,APAZ_a55d52f1cba720d3,BUILD,APAZ,Ia,LITERATURE_PHYLOGENETIC_SET,Ryazansky_et_al_2018_Data_Set_S3,WP_056034460.1|1736366|APAZ|short,b0f809c26b108a709fe0b802476136e140cd26628edc05968da375e5e05f4da8
WP_056152149.1,APAZ_512acd8751d288ab,APAZ_512acd8751d288ab,BUILD,APAZ,Ib,LITERATURE_PHYLOGENETIC_SET,Ryazansky_et_al_2018_Data_Set_S3,WP_056152149.1|1736266|APAZ,c50e71c2d6cc86cea44f381b28527f0975881456a6e07021642638801d031b71
WP_056160041.1,APAZ_bb9cf377f0bb44ac,APAZ_bb9cf377f0bb44ac,CALIBRATION,APAZ,IIb,LITERATURE_PHYLOGENETIC_SET,Ryazansky_et_al_2018_Data_Set_S3,WP_056160041.1|1839|APAZ,7fece11cec5996dace1a9259be5e836e8b85325954b4de7cc3ec157ce7c97453
WP_056186121.1,APAZ_53413fec42732411,APAZ_53413fec42732411,BUILD,APAZ,IIb,LITERATURE_PHYLOGENETIC_SET,Ryazansky_et_al_2018_Data_Set_S3,WP_056186121.1|1736259|APAZ,8bdb2efc415b9c6d85b708d24c2507871fec496ffdf1c6ca13d7db97d70ae619
WP_056209640.1,APAZ_9f49158ff38d1336,APAZ_9f49158ff38d1336,BUILD,APAZ,Ia,LITERATURE_PHYLOGENETIC_SET,Ryazansky_et_al_2018_Data_Set_S3,WP_056209640.1|1736485|APAZ|short,b3a3237c0be0a8e1a65b69729d870a894036d6a44cd8558213cbc2e16f793a33
WP_056495443.1,APAZ_5e33d1db0dd40cc2,APAZ_5e33d1db0dd40cc2,BUILD,APAZ,IIa,LITERATURE_PHYLOGENETIC_SET,Ryazansky_et_al_2018_Data_Set_S3,WP_056495443.1|1735692|APAZ,831886462a57f9019ff7b5d3ab95f0062638b2e7d01c1d37508237516f7bef1d
WP_056695931.1,APAZ_74526d66c66ccf0b,APAZ_74526d66c66ccf0b,CALIBRATION,APAZ,IIb,LITERATURE_PHYLOGENETIC_SET,Ryazansky_et_al_2018_Data_Set_S3,WP_056695931.1|414371|APAZ,d2e04125028e83788ada39d3bae13d5cbe796b3e610b9b35724ab5e71da81115
WP_057026385.1,APAZ_7cb89eff30e04fdb,APAZ_7cb89eff30e04fdb,BUILD,APAZ,IIb,LITERATURE_PHYLOGENETIC_SET,Ryazansky_et_al_2018_Data_Set_S3,WP_057026385.1|108015|APAZ,d16195dcd468383d7f781fa6cf7555bcb6ac64a549e5abb1195aa87471300c0d
WP_057221537.1,APAZ_810950de44d62ba6,APAZ_810950de44d62ba6,FINAL_HOLDOUT,APAZ,Ib,LITERATURE_PHYLOGENETIC_SET,Ryazansky_et_al_2018_Data_Set_S3,WP_057221537.1|106591|APAZ,4a6677146b43c2dba885bee9661fde9f4722040287f1b70b5a6a59223b11aa81
WP_057482737.1,APAZ_096fcc0c4bb75d84,APAZ_096fcc0c4bb75d84,BUILD,APAZ,IIb,LITERATURE_PHYLOGENETIC_SET,Ryazansky_et_al_2018_Data_Set_S3,WP_057482737.1|270918|APAZ,da251bae401620fdaa04406228ee70262e87d5ff1c0bc30a1e3c9509156351c8
WP_057834160.1,APAZ_9daa530ed6965253,APAZ_9daa530ed6965253,CALIBRATION,APAZ,Ib,LITERATURE_PHYLOGENETIC_SET,Ryazansky_et_al_2018_Data_Set_S3,WP_057834160.1|280332|APAZ,e5d0a9706dbdef506d6b67d1ba1e5ced0cd91300b45c69db4305a9d590a86af6
WP_058745238.1,APAZ_1f4d8c8dc2614b82,APAZ_1f4d8c8dc2614b82,BUILD,APAZ,IIb,LITERATURE_PHYLOGENETIC_SET,Ryazansky_et_al_2018_Data_Set_S3,WP_058745238.1|172044|APAZ,a357cb6a7df531bcd28f246719e41aa6c0b98e95bdc7566ca55e08273de90957
WP_059000176.1,APAZ_0b72ea0215ab1516,APAZ_0b72ea0215ab1516,FINAL_HOLDOUT,APAZ,IIb,LITERATURE_PHYLOGENETIC_SET,Ryazansky_et_al_2018_Data_Set_S3,WP_059000176.1|1552121|APAZ,3cf1122fd6a513afafde46ec46b4ee95832bfc1d334b5b9c39a86cc8d0208742
WP_059401471.1,APAZ_c5aa466f6046712b,APAZ_c5aa466f6046712b,BUILD,APAZ,IIa,LITERATURE_PHYLOGENETIC_SET,Ryazansky_et_al_2018_Data_Set_S3,WP_059401471.1|1603291|APAZ,56eca1298fcf6618a1cfc438e58c946fe67f5485cf8a5c7911e6e05a7ea2dc50
WP_059622937.1,APAZ_765d98427657c9e3,APAZ_765d98427657c9e3,FINAL_HOLDOUT,APAZ,IIa,LITERATURE_PHYLOGENETIC_SET,Ryazansky_et_al_2018_Data_Set_S3,WP_059622937.1|60552|APAZ,6824426eb7ddffde2a30d80fdd27066e74679c087932464434efbafaec68bf26
WP_059945304.1,APAZ_2865cc50b285bb9f,APAZ_2865cc50b285bb9f,CALIBRATION,APAZ,Ia,LITERATURE_PHYLOGENETIC_SET,Ryazansky_et_al_2018_Data_Set_S3,WP_059945304.1|1503055|APAZ|short,595ccf927097635497429249638c1f6a6f0f37ea69f0600013a3544d3075d13c
WP_059982501.1,APAZ_ccba0d49cf49eb85,APAZ_ccba0d49cf49eb85,BUILD,APAZ,Ia,LITERATURE_PHYLOGENETIC_SET,Ryazansky_et_al_2018_Data_Set_S3,WP_059982501.1|101571|APAZ|short,f3375214c3fdf8bc280b86ff80d9b4a45fb7b1b2adcdeef05fcfce019dd67aba
WP_060847086.1,APAZ_4bac6413811cbc58,APAZ_4bac6413811cbc58,BUILD,APAZ,IIb,LITERATURE_PHYLOGENETIC_SET,Ryazansky_et_al_2018_Data_Set_S3,WP_060847086.1|270351|APAZ,0208a4c4ed12213fff0fe1c50af0607afe0bf077d9d97e8d3e6f840bee68351c
WP_061048384.1,APAZ_b4cf4dc9b49b5c0d,APAZ_b4cf4dc9b49b5c0d,BUILD,APAZ,Ib,LITERATURE_PHYLOGENETIC_SET,Ryazansky_et_al_2018_Data_Set_S3,WP_061048384.1|221822|APAZ,8cad4a02399bf7762213afd5158388d9de720a72c2d7258271de60295a4cca88
WP_061078947.1,APAZ_d7dea904ac353ff0,APAZ_d7dea904ac353ff0,FINAL_HOLDOUT,APAZ,III,LITERATURE_PHYLOGENETIC_SET,Ryazansky_et_al_2018_Data_Set_S3,WP_061078947.1|2014|APAZ,3152d1d4e8ebb6e9ec6997ce8a78cf4b18f7d58d5417b02fafcf1723e19f060e
WP_061535229.1,APAZ_481f4c7388a2f4c8,APAZ_481f4c7388a2f4c8,BUILD,APAZ,Ib,LITERATURE_PHYLOGENETIC_SET,Ryazansky_et_al_2018_Data_Set_S3,WP_061535229.1|279058|APAZ,d28b6a4f7e52bce9304145d0049b1337cae7dc9aa67de10fb759cf0eb76c028f
WP_061934617.1,APAZ_3f423b2f4b1cd3df,APAZ_3f423b2f4b1cd3df,BUILD,APAZ,IIb,LITERATURE_PHYLOGENETIC_SET,Ryazansky_et_al_2018_Data_Set_S3,WP_061934617.1|1638162|APAZ,2a78380419e3888a90ed0ff4d3a6f704bae4d6ff55c2d3f8120dae9babd0a6de
WP_061958301.1,APAZ_e492c46eca4f0d69,APAZ_e492c46eca4f0d69,CALIBRATION,APAZ,IIb,LITERATURE_PHYLOGENETIC_SET,Ryazansky_et_al_2018_Data_Set_S3,WP_061958301.1|82633|APAZ,9a19c93d95c5f16a5cfac21d49d61f23468faf3abefb289f0d715ec73ababf5a
WP_062341847.1,APAZ_960daa4665f37f43,APAZ_960daa4665f37f43,FINAL_HOLDOUT,APAZ,Ib,LITERATURE_PHYLOGENETIC_SET,Ryazansky_et_al_2018_Data_Set_S3,WP_062341847.1|1768752|APAZ,ee9b9b30d900509cae6fd3f77b21ab426890d6a3d9c4e1a8f2c209d6643026e6
WP_062365449.1,APAZ_f249c39439992d5a,APAZ_f249c39439992d5a,BUILD,APAZ,IIb,LITERATURE_PHYLOGENETIC_SET,Ryazansky_et_al_2018_Data_Set_S3,WP_062365449.1|34073|APAZ,8380bffd84d753a8ecc7f81ba0681db7616dea659d2ce1150e1aecf119d6abcb
WP_062419304.1,APAZ_7b76877081e7c2b7,APAZ_7b76877081e7c2b7,BUILD,APAZ,IIb,LITERATURE_PHYLOGENETIC_SET,Ryazansky_et_al_2018_Data_Set_S3,WP_062419304.1|229921|APAZ,de7fbd9015456b0d6b7fdaef519af14e223c9b7db97e3abfaa27ccc515abd99f
WP_062486946.1,APAZ_179411b28c4685fc,APAZ_179411b28c4685fc,BUILD,APAZ,IIa,LITERATURE_PHYLOGENETIC_SET,Ryazansky_et_al_2018_Data_Set_S3,WP_062486946.1|1715989|APAZ,5d43a55f68ae8d51b923562a759944fbd1c5912fedd931153ee4434c22734d9e
WP_062547850.1,APAZ_f83c143894408338,APAZ_f83c143894408338,BUILD,APAZ,Ib,LITERATURE_PHYLOGENETIC_SET,Ryazansky_et_al_2018_Data_Set_S3,WP_062547850.1|1727164|APAZ,801d8b18f674d49d26464302848f267cfd564674c18303d503838c6e5a3275d0
WP_062680196.1,APAZ_77a80a62d4c4d4bd,APAZ_77a80a62d4c4d4bd,BUILD,APAZ,Ib,LITERATURE_PHYLOGENETIC_SET,Ryazansky_et_al_2018_Data_Set_S3,WP_062680196.1|222|APAZ,694969965e774f5979abc66064ed58910bdb801a4119c591ea1cee3dad540b02
WP_062785679.1,APAZ_6165254ada150f58,APAZ_6165254ada150f58,BUILD,APAZ,Ib,LITERATURE_PHYLOGENETIC_SET,Ryazansky_et_al_2018_Data_Set_S3,WP_062785679.1|13688|APAZ,1f8a5d121b9cc40af3ec8db1ec70ba1f957b6088c60e78acff7e99247cb9cc11
WP_063002581.1,APAZ_3dd4a7deab2da4c1,APAZ_3dd4a7deab2da4c1,BUILD,APAZ,IIb,LITERATURE_PHYLOGENETIC_SET,Ryazansky_et_al_2018_Data_Set_S3,WP_063002581.1|508464|APAZ,22127d900c1486891ee800afe013e40e24c7b31b3d6f8694d35120e7601a1901
WP_064102550.1,APAZ_31c982f34c71d794,APAZ_31c982f34c71d794,BUILD,APAZ,IIb,LITERATURE_PHYLOGENETIC_SET,Ryazansky_et_al_2018_Data_Set_S3,WP_064102550.1|1805633|APAZ,c8fcb3f75961ac7dc0e2c631b52415e023d42a8c4aa6e1a373ab743b54509e13
WP_064304386.1,APAZ_3281f6cc02834141,APAZ_3281f6cc02834141,FINAL_HOLDOUT,APAZ,Ib,LITERATURE_PHYLOGENETIC_SET,Ryazansky_et_al_2018_Data_Set_S3,WP_064304386.1|303|APAZ,42f585464a4c603a13cddd7ca3cef1990a8c19ecb01550885d0d7c40178b86d6
WP_064665416.1,APAZ_eab41b1ec96bd9cd,APAZ_eab41b1ec96bd9cd,BUILD,APAZ,IIb,LITERATURE_PHYLOGENETIC_SET,Ryazansky_et_al_2018_Data_Set_S3,WP_064665416.1|182141|APAZ,3195307c0de6e7197fc1142c671081c7de8cfaf95b0043f025a91142eede558b
WP_064683281.1,APAZ_051f34af8136775f,APAZ_051f34af8136775f,BUILD,APAZ,IIb,LITERATURE_PHYLOGENETIC_SET,Ryazansky_et_al_2018_Data_Set_S3,WP_064683281.1|1138189|APAZ,4c53c73042b62e7a346d74591e7630f89e058f9d7642cb604c54897ce6633a96
WP_064790849.1,APAZ_6346b21f05f9f707,APAZ_6346b21f05f9f707,CALIBRATION,APAZ,IIa,LITERATURE_PHYLOGENETIC_SET,Ryazansky_et_al_2018_Data_Set_S3,WP_064790849.1|502049|APAZ,d53b3c7b302c5d3f2a0839434e387aebe8a086224e79c40af4e2ee35769c3cc5
WP_064816696.1,APAZ_4edeb07a15724aeb,APAZ_4edeb07a15724aeb,FINAL_HOLDOUT,APAZ,IIb,LITERATURE_PHYLOGENETIC_SET,Ryazansky_et_al_2018_Data_Set_S3,WP_064816696.1|1703960|APAZ,7a26f3f8fa6e69ee169c76de2dd855c29236be090f5f4ab4483a8534f940cac6
WP_064835082.1,APAZ_f5a9b4911d36f61b,APAZ_f5a9b4911d36f61b,BUILD,APAZ,IIb,LITERATURE_PHYLOGENETIC_SET,Ryazansky_et_al_2018_Data_Set_S3,WP_064835082.1|396|APAZ,6f98407e49236b283812fd25fd32891a0dd0246cc46ae7e42c5e23bf946f2aea
WP_065006787.1,APAZ_43a7f1b884d4290c,APAZ_43a7f1b884d4290c,FINAL_HOLDOUT,APAZ,IIb,LITERATURE_PHYLOGENETIC_SET,Ryazansky_et_al_2018_Data_Set_S3,WP_065006787.1|1854057|APAZ,0d57519630e0ff67ee2247b081151689378fbcdc4494cc3cba8397779899ef9a
WP_065010823.1,APAZ_28fe2c5344647160,APAZ_28fe2c5344647160,BUILD,APAZ,IIb,LITERATURE_PHYLOGENETIC_SET,Ryazansky_et_al_2018_Data_Set_S3,WP_065010823.1|68287|APAZ,deeb39e855607ab8548435c41ba499938aec903ef0022c648307b01c705afcb9
WP_065137571.1,APAZ_e759d96808830053,APAZ_e759d96808830053,BUILD,APAZ,Ib,LITERATURE_PHYLOGENETIC_SET,Ryazansky_et_al_2018_Data_Set_S3,WP_065137571.1|1778|APAZ,83450150bf41ab724c2558467fa150090d542774c2fedb90153ae8e01242948f
WP_065578027.1,APAZ_7f3d47ca01f80c3e,APAZ_7f3d47ca01f80c3e,FINAL_HOLDOUT,APAZ,IIb,LITERATURE_PHYLOGENETIC_SET,Ryazansky_et_al_2018_Data_Set_S3,WP_065578027.1|1196095|APAZ,1135118e943410b55a095409b69931ec9af21f742e5ae88f4cfc5ba6456c8df6
WP_065656395.1,APAZ_b6eb1fdef86a66fe,APAZ_b6eb1fdef86a66fe,BUILD,APAZ,IIb,LITERATURE_PHYLOGENETIC_SET,Ryazansky_et_al_2018_Data_Set_S3,WP_065656395.1|358|APAZ,11eaaf29402c4592997981b347844eef5eef1c563df8bc2928ce29abcedae666
WP_065664090.1,APAZ_f9dff99590df7f8f,APAZ_f9dff99590df7f8f,FINAL_HOLDOUT,APAZ,Ib,LITERATURE_PHYLOGENETIC_SET,Ryazansky_et_al_2018_Data_Set_S3,WP_065664090.1|1841655|APAZ,988c780efb981ecfa8fff1dfa060f65815d55709a9f4c5ffaba3f81dfa66ef34
WP_065998852.1,APAZ_e50b6a10c7257d4b,APAZ_e50b6a10c7257d4b,FINAL_HOLDOUT,APAZ,IIb,LITERATURE_PHYLOGENETIC_SET,Ryazansky_et_al_2018_Data_Set_S3,WP_065998852.1|1886027|APAZ,cb9caf47c589d0085f1a8a041afa942673eed42dc55e6ee5a2a3ee4b8462e162
WP_066514273.1,APAZ_6bbc5378bf86739f,APAZ_6bbc5378bf86739f,CALIBRATION,APAZ,Ib,LITERATURE_PHYLOGENETIC_SET,Ryazansky_et_al_2018_Data_Set_S3,WP_066514273.1|120107|APAZ,3adc4655c93f9f399114b77c24f9f629bb3b51f5318cda08c71511cd1840aa31
WP_066752989.1,APAZ_420ca9a6d3eb9d69,APAZ_420ca9a6d3eb9d69,BUILD,APAZ,Ia,LITERATURE_PHYLOGENETIC_SET,Ryazansky_et_al_2018_Data_Set_S3,WP_066752989.1|1685010|APAZ|short,16c681cc009524c332dc33f7027b6ab9a6ceaff8c3f3b568bca4348446c78e1a
WP_066802957.1,APAZ_c9ae019514387151,APAZ_c9ae019514387151,BUILD,APAZ,IIa,LITERATURE_PHYLOGENETIC_SET,Ryazansky_et_al_2018_Data_Set_S3,WP_066802957.1|40681|APAZ,6fcc4daff38cb134df9eff746589370da04f6b7d6d60d5f4ef8e54e55fcdb615
WP_067325608.1,APAZ_abd16c63e8900aae,APAZ_abd16c63e8900aae,BUILD,APAZ,IIa,LITERATURE_PHYLOGENETIC_SET,Ryazansky_et_al_2018_Data_Set_S3,WP_067325608.1|1854058|APAZ,59b7e4e33e06c456f9d26e8d3cf7959df73649f34408acfd27fea59e2924968d
WP_067673142.1,APAZ_43c0921f7c3b2241,APAZ_43c0921f7c3b2241,BUILD,APAZ,IIb,LITERATURE_PHYLOGENETIC_SET,Ryazansky_et_al_2018_Data_Set_S3,WP_067673142.1|1822215|APAZ,a3762758cd2d047d3e168d4cd8f7e00e6ca7da2b616504e956cbeca7fa51064a
WP_067696367.1,APAZ_d59bdfbc0623db3c,APAZ_d59bdfbc0623db3c,CALIBRATION,APAZ,IIa,LITERATURE_PHYLOGENETIC_SET,Ryazansky_et_al_2018_Data_Set_S3,WP_067696367.1|499656|APAZ,86a358b5b2b4c97222a106791d707f10138dfb21ee145c538d9dce9f5d1e365a
WP_067969880.1,APAZ_eaddadeedd3510eb,APAZ_eaddadeedd3510eb,BUILD,APAZ,IIb,LITERATURE_PHYLOGENETIC_SET,Ryazansky_et_al_2018_Data_Set_S3,WP_067969880.1|83263|APAZ,f057f1bb1758d9d432a9d75755b18b4bc6e46293f38bfcd45034d13e16ddaff0
WP_068017268.1,APAZ_7de37d6e58feb0de,APAZ_7de37d6e58feb0de,CALIBRATION,APAZ,IIb,LITERATURE_PHYLOGENETIC_SET,Ryazansky_et_al_2018_Data_Set_S3,WP_068017268.1|674703|APAZ,c244ba2e34b9919912001cafa7cb51b6377f86b27e78eee4e5f1ac3bd2155625
WP_068094658.1,APAZ_126a37fb492e5ce6,APAZ_126a37fb492e5ce6,FINAL_HOLDOUT,APAZ,IIb,LITERATURE_PHYLOGENETIC_SET,Ryazansky_et_al_2018_Data_Set_S3,WP_068094658.1|76978|APAZ,42ed8722067b02c3c1b73c3b97ba4092397eb2155cf5e084c823ae3ff86cba54
WP_068133588.1,APAZ_ffe08bf00ee300bf,APAZ_ffe08bf00ee300bf,BUILD,APAZ,IIb,LITERATURE_PHYLOGENETIC_SET,Ryazansky_et_al_2018_Data_Set_S3,WP_068133588.1|980254|APAZ,8f5a404bdfb7a80d2a1398564d077dacac44bd7c34d92fe02c840cd3866270dd
WP_068185907.1,APAZ_2dd4df0a67384ace,APAZ_2dd4df0a67384ace,FINAL_HOLDOUT,APAZ,Ia,LITERATURE_PHYLOGENETIC_SET,Ryazansky_et_al_2018_Data_Set_S3,WP_068185907.1|1857568|APAZ|short,c89c4fabf53c7dc8d316aa0d7bb23a02383975f8b1f664ceaa3e3c4b4d09b06a
WP_068222132.1,APAZ_26b798b986c5c14b,APAZ_26b798b986c5c14b,CALIBRATION,APAZ,IIb,LITERATURE_PHYLOGENETIC_SET,Ryazansky_et_al_2018_Data_Set_S3,WP_068222132.1|333140|APAZ,9449839533c3d59f89bab2cbc46b2e841464fce3d8eadf4a0287cd52b7844db7
WP_068768974.1,APAZ_90013c5269cba826,APAZ_90013c5269cba826,BUILD,APAZ,IIb,LITERATURE_PHYLOGENETIC_SET,Ryazansky_et_al_2018_Data_Set_S3,WP_068768974.1|1184151|APAZ,0ea6a9894acce92305b8c24f653da06838f65c181c549d36809308c60046f72f
WP_068818385.1,APAZ_5df3cb956e233c8d,APAZ_5df3cb956e233c8d,BUILD,APAZ,IIb,LITERATURE_PHYLOGENETIC_SET,Ryazansky_et_al_2018_Data_Set_S3,WP_068818385.1|268141|APAZ,c12c3b184ae9c8bc02fc6cbf638153ea0d5e0bd25c6f3be443eddfc5c991724c
WP_068847673.1,APAZ_d0a40fe52b2c04a7,APAZ_d0a40fe52b2c04a7,BUILD,APAZ,IIa,LITERATURE_PHYLOGENETIC_SET,Ryazansky_et_al_2018_Data_Set_S3,WP_068847673.1|1841610|APAZ,e7899b8959a43b97d575d69b752699c7222476581b085933b141c6cc00070200
WP_069020256.1,APAZ_4750ec70fff54465,APAZ_4750ec70fff54465,FINAL_HOLDOUT,APAZ,IIb,LITERATURE_PHYLOGENETIC_SET,Ryazansky_et_al_2018_Data_Set_S3,WP_069020256.1|1818881|APAZ,081f915cb563467113e9aa837e97c10738fcd542e4a5519a41bcb0e90bf74a10
WP_069707909.1,APAZ_45e122f19a2cd3da,APAZ_45e122f19a2cd3da,BUILD,APAZ,Ib,LITERATURE_PHYLOGENETIC_SET,Ryazansky_et_al_2018_Data_Set_S3,WP_069707909.1|158500|APAZ,144b640ec4849d04599c21fc2b06c4c5841ffcda800a65a91ccd73b5ae1d21d1
WP_070666720.1,APAZ_7cd8ba1f238c05c0,APAZ_7cd8ba1f238c05c0,BUILD,APAZ,IIa,LITERATURE_PHYLOGENETIC_SET,Ryazansky_et_al_2018_Data_Set_S3,WP_070666720.1|838|APAZ,39093e209246a6572983a2496b1c127f9d4ae5c2dfb71efd82afb4c8cd920c34
WP_071098581.1,APAZ_1d1a928b0072228b,APAZ_1d1a928b0072228b,BUILD,APAZ,IIb,LITERATURE_PHYLOGENETIC_SET,Ryazansky_et_al_2018_Data_Set_S3,WP_071098581.1|1172030|APAZ,a312d9a9d9f685704c1a085226ece22d7a1275e12d2b520aab7526f9b038a727
WP_071145652.1,APAZ_c3b82e97008bf293,APAZ_c3b82e97008bf293,BUILD,APAZ,Ia,LITERATURE_PHYLOGENETIC_SET,Ryazansky_et_al_2018_Data_Set_S3,WP_071145652.1|1852362|APAZ|short,0c984c79eb20360f500d731ffb15177348843ae1684811174e0e2e163fd13982
WP_071240727.1,APAZ_3fe080c92783f699,APAZ_3fe080c92783f699,FINAL_HOLDOUT,APAZ,Ib,LITERATURE_PHYLOGENETIC_SET,Ryazansky_et_al_2018_Data_Set_S3,WP_071240727.1|1882733|APAZ,b2607227d9fc679a757f6788bf796746b47af8fa981c0899b71f5e172cd3c626
WP_071507486.1,APAZ_9c0c0e38ee4ce37a,APAZ_9c0c0e38ee4ce37a,BUILD,APAZ,Ib,LITERATURE_PHYLOGENETIC_SET,Ryazansky_et_al_2018_Data_Set_S3,WP_071507486.1|305|APAZ,146a9f1644322115fbf71caf2554e822cca762a4482b14d80dd96fb544dbe7d4
WP_071970084.1,APAZ_13cdf37900688226,APAZ_13cdf37900688226,BUILD,APAZ,IIa,LITERATURE_PHYLOGENETIC_SET,Ryazansky_et_al_2018_Data_Set_S3,WP_071970084.1|1917485|APAZ,bd9304ce6430f5ee3e84db8314035721d17ba797892fe0a410c0e08bc3725acd
WP_071980017.1,APAZ_5c42e1ebb65b827b,APAZ_5c42e1ebb65b827b,CALIBRATION,APAZ,IIb,LITERATURE_PHYLOGENETIC_SET,Ryazansky_et_al_2018_Data_Set_S3,WP_071980017.1|1917158|APAZ,6b92db36c21c8085034ae22436efd6fb062bec544b0dd541c666b62681c13446
WP_072017557.1,APAZ_b87a7cffd402a48b,APAZ_b87a7cffd402a48b,BUILD,APAZ,Ib,LITERATURE_PHYLOGENETIC_SET,Ryazansky_et_al_2018_Data_Set_S3,WP_072017557.1|371042|APAZ,7bc3c88d595225690205f80684b882728ed723d345369821c5352b2db9a3a66b
WP_072559535.1,APAZ_488030e024f451ff,APAZ_488030e024f451ff,CALIBRATION,APAZ,IIb,LITERATURE_PHYLOGENETIC_SET,Ryazansky_et_al_2018_Data_Set_S3,WP_072559535.1|1913578|APAZ,001e64ac825389fc94238a5bbb73eb841323b160bf3d2a05ff8b14e69f12c6fc
WP_072766083.1,APAZ_6e287c5dd9d7f097,APAZ_6e287c5dd9d7f097,FINAL_HOLDOUT,APAZ,Ia,LITERATURE_PHYLOGENETIC_SET,Ryazansky_et_al_2018_Data_Set_S3,WP_072766083.1|558155|APAZ|short,053eab391ba7d822bda7ba2839ada486f13a8b4cce675392b01d0063757ca72a
WP_072995904.1,APAZ_3814b16d620889c2,APAZ_3814b16d620889c2,BUILD,APAZ,IIb,LITERATURE_PHYLOGENETIC_SET,Ryazansky_et_al_2018_Data_Set_S3,WP_072995904.1|192903|APAZ,7dd996dbea8cc3aefc67bb36e5fabf273b7c868def2c37cb934ee7ebffc21288
WP_073035593.1,APAZ_8d5a919ec4fa632d,APAZ_8d5a919ec4fa632d,BUILD,APAZ,IIb,LITERATURE_PHYLOGENETIC_SET,Ryazansky_et_al_2018_Data_Set_S3,WP_073035593.1|337701|APAZ,4d5e0c9e3ac7b7bda8ef8c1546c291383a4efe714522abf1c960d8608f3ee1d6
WP_073067332.1,APAZ_c0d1833dc58b3d89,APAZ_c0d1833dc58b3d89,CALIBRATION,APAZ,IIb,LITERATURE_PHYLOGENETIC_SET,Ryazansky_et_al_2018_Data_Set_S3,WP_073067332.1|1194090|APAZ,6c2863fa8afc65e8b1b076f034ccd58a647205ce95264211f397b476274af0cb
WP_073099040.1,APAZ_dbccf25428b5b01a,APAZ_dbccf25428b5b01a,CALIBRATION,APAZ,IIb,LITERATURE_PHYLOGENETIC_SET,Ryazansky_et_al_2018_Data_Set_S3,WP_073099040.1|988|APAZ,8d8f065d44b7b10b67601d4298f2c2793f7b600b731a1db9d0dc773e45a18c6f
WP_073132933.1,APAZ_1de07bcaaa948c50,APAZ_1de07bcaaa948c50,BUILD,APAZ,Ia,LITERATURE_PHYLOGENETIC_SET,Ryazansky_et_al_2018_Data_Set_S3,WP_073132933.1|947013|APAZ|short,99d78b6219f79b53a8d061f7a706581a877420360549bde996e05fe5b5505439
WP_073243758.1,APAZ_e04c49458623efaa,APAZ_e04c49458623efaa,CALIBRATION,APAZ,Ia,LITERATURE_PHYLOGENETIC_SET,Ryazansky_et_al_2018_Data_Set_S3,WP_073243758.1|983|APAZ|short,bbc23a7ac738952c671d3e1aa8563897f31573747f9101a2c74b99cf6f2d7f2f
WP_073365442.1,APAZ_72538dd255b410d7,APAZ_72538dd255b410d7,BUILD,APAZ,IIa,LITERATURE_PHYLOGENETIC_SET,Ryazansky_et_al_2018_Data_Set_S3,WP_073365442.1|1124188|APAZ,0215f4abe8fe8a38f7c2cf0790c6698cfca1e05c8b15d9a486712b558a3a4b70
WP_073409929.1,APAZ_4edcb51f007d5c8c,APAZ_4edcb51f007d5c8c,BUILD,APAZ,Ia,LITERATURE_PHYLOGENETIC_SET,Ryazansky_et_al_2018_Data_Set_S3,WP_073409929.1|986|APAZ|short,5b45af868a74643f44a64bb98c7168083e92443d5ac47082751ebdd764ee5e6d
WP_073904454.1,APAZ_2b555ef1b702679f,APAZ_2b555ef1b702679f,BUILD,APAZ,Ib,LITERATURE_PHYLOGENETIC_SET,Ryazansky_et_al_2018_Data_Set_S3,WP_073904454.1|1490482|APAZ,85953985774ee88e45d1ce2c30a01e44ccf0eaba5ba7f013111e81dfa2bfd603
WP_074121857.1,APAZ_cc880ce9eac7b631,APAZ_cc880ce9eac7b631,BUILD,APAZ,IIb,LITERATURE_PHYLOGENETIC_SET,Ryazansky_et_al_2018_Data_Set_S3,WP_074121857.1|1680155|APAZ,c7a69ff83aca76c57e664483990d9369c6f17f75618c13b11abb267fb040e49a
WP_074129929.1,APAZ_f53418c2f1ff61f5,APAZ_f53418c2f1ff61f5,FINAL_HOLDOUT,APAZ,IIb,LITERATURE_PHYLOGENETIC_SET,Ryazansky_et_al_2018_Data_Set_S3,WP_074129929.1|1680160|APAZ,ad4e5d732c67492b55757791a4045becdab955110daed8326d883d35d1043862
WP_074343878.1,APAZ_2fd879fe1dd530d4,APAZ_2fd879fe1dd530d4,BUILD,APAZ,Ib,LITERATURE_PHYLOGENETIC_SET,Ryazansky_et_al_2018_Data_Set_S3,WP_074343878.1|36809|APAZ,5ad89828c1f87dfe0e02ce87490b20c5dae2c7b1f17a9453c5627feb3fc63c72
WP_074487307.1,APAZ_52e7c787f4c2d916,APAZ_52e7c787f4c2d916,CALIBRATION,APAZ,IIa,LITERATURE_PHYLOGENETIC_SET,Ryazansky_et_al_2018_Data_Set_S3,WP_074487307.1|1302689|APAZ,c37956c6af642cf2381ea6cb65085cba6d5834d0f1c3bd65523c8b3c0ab51d00
WP_074793583.1,APAZ_28944cb528dbfac7,APAZ_28944cb528dbfac7,BUILD,APAZ,IIa,LITERATURE_PHYLOGENETIC_SET,Ryazansky_et_al_2018_Data_Set_S3,WP_074793583.1|35799|APAZ,b41af253e060e3f0ca6f24abf40a64d91b9e6096dc50b49b629fa5942b4abd7c
WP_075061401.1,APAZ_d36abb3c973ed790,APAZ_d36abb3c973ed790,BUILD,APAZ,IIb,LITERATURE_PHYLOGENETIC_SET,Ryazansky_et_al_2018_Data_Set_S3,WP_075061401.1|1134406|APAZ,30a01dc93f186cdf672cf2db4abd69e119ffc6b1cdec72cae157c52e0536b287
WP_075285887.1,APAZ_8e436a15f85c12c9,APAZ_8e436a15f85c12c9,CALIBRATION,APAZ,Ib,LITERATURE_PHYLOGENETIC_SET,Ryazansky_et_al_2018_Data_Set_S3,WP_075285887.1|339|APAZ,5b7700cc5edbe0df3529350426e98962db9f3fe2d4e34b264f3d8d932a1b19c0
WP_075628770.1,APAZ_ff8c6197684c313e,APAZ_ff8c6197684c313e,BUILD,APAZ,IIb,LITERATURE_PHYLOGENETIC_SET,Ryazansky_et_al_2018_Data_Set_S3,WP_075628770.1|464029|APAZ,453c0f80605b58a7cdfb7b9ad3a934d5cda09f3d40d89c2d55e8652993c7bea5
WP_075634050.1,APAZ_5f69b5289d83fbda,APAZ_5f69b5289d83fbda,BUILD,APAZ,IIa,LITERATURE_PHYLOGENETIC_SET,Ryazansky_et_al_2018_Data_Set_S3,WP_075634050.1|1672749|APAZ,f707ebe119c526ec63b649d52b3ef56b3a521a10041cc2474de1b73ce13ed3dc
WP_075793711.1,APAZ_fb9721c0d5f7eb42,APAZ_fb9721c0d5f7eb42,BUILD,APAZ,Ia,LITERATURE_PHYLOGENETIC_SET,Ryazansky_et_al_2018_Data_Set_S3,WP_075793711.1|1141883|APAZ|short,a57774c33940080473279a8d0bbf34d79a1c4b37155ad9805f0d4e8e88bcbf4c
WP_077230992.1,APAZ_b0d47a400a3f7653,APAZ_b0d47a400a3f7653,BUILD,APAZ,IIb,LITERATURE_PHYLOGENETIC_SET,Ryazansky_et_al_2018_Data_Set_S3,WP_077230992.1|29448|APAZ,a8a8936c4601227eb4bab08f7e17a3165f5822490d9d8a8d4868cb191d58bdbc
WP_077292092.1,APAZ_a6237c76f7f4caac,APAZ_a6237c76f7f4caac,BUILD,APAZ,IIb,LITERATURE_PHYLOGENETIC_SET,Ryazansky_et_al_2018_Data_Set_S3,WP_077292092.1|187304|APAZ,7eb3d7b43651e4d81a0c468dba53e952ec0498fc51fe12be2c3e6d8bb15010ca
WP_077293451.1,APAZ_534af5f9846fee74,APAZ_534af5f9846fee74,CALIBRATION,APAZ,Ib,LITERATURE_PHYLOGENETIC_SET,Ryazansky_et_al_2018_Data_Set_S3,WP_077293451.1|187304|APAZ,fee0e4f048781278335476be25859db580978c08f0d369db68acc1724282c1ca
WP_077684787.1,APAZ_a8766291c813d7a1,APAZ_a8766291c813d7a1,CALIBRATION,APAZ,Ib,LITERATURE_PHYLOGENETIC_SET,Ryazansky_et_al_2018_Data_Set_S3,WP_077684787.1|1332264|APAZ,a82ba73788608da4f300cf31bbcbea2c802ebbca649da1b19e13d44f3ee1cde0
WP_078056299.1,APAZ_0f77fcbcf676af35,APAZ_0f77fcbcf676af35,BUILD,APAZ,IIa,LITERATURE_PHYLOGENETIC_SET,Ryazansky_et_al_2018_Data_Set_S3,WP_078056299.1|1234595|APAZ,c5a939e0d28a481fde803f028136d535cbae5993a0eb0d04dcbf2bf025c0f2ac
WP_078366926.1,APAZ_7a686cf3bc23bfcf,APAZ_7a686cf3bc23bfcf,BUILD,APAZ,IIa,LITERATURE_PHYLOGENETIC_SET,Ryazansky_et_al_2018_Data_Set_S3,WP_078366926.1|28066|APAZ,1da854161ba42305b0aeb6947098332e6169b91ffb9c14926d005d8b0e7966fc
WP_078792595.1,APAZ_6a14d48ece6e6745,APAZ_6a14d48ece6e6745,BUILD,APAZ,Ia,LITERATURE_PHYLOGENETIC_SET,Ryazansky_et_al_2018_Data_Set_S3,WP_078792595.1|238|APAZ|short,f9899c73b28aa41750442230864195c4f2cc479ed32bb3d7e56b1f0e20e0f5f1
WP_078813596.1,APAZ_19ab78f5bd857d23,APAZ_19ab78f5bd857d23,FINAL_HOLDOUT,APAZ,Ib,LITERATURE_PHYLOGENETIC_SET,Ryazansky_et_al_2018_Data_Set_S3,WP_078813596.1|48467|APAZ,510b0f79950aa188094242ffb9bb57f46c63307b2f13131f8e321d5625804826
WP_078814669.1,APAZ_5d96662524790b14,APAZ_5d96662524790b14,BUILD,APAZ,Ia,LITERATURE_PHYLOGENETIC_SET,Ryazansky_et_al_2018_Data_Set_S3,WP_078814669.1|48467|APAZ|short,c056318e647b56f24b11902c80d0ce2904aa3d5335e03942db687cb5e6c213bc
WP_079392070.1,APAZ_6278fbac8bfc4f3d,APAZ_6278fbac8bfc4f3d,CALIBRATION,APAZ,Ib,LITERATURE_PHYLOGENETIC_SET,Ryazansky_et_al_2018_Data_Set_S3,WP_079392070.1|286|APAZ,9bc1d861e6676f8692ede635f77fe0a15b34e4d5bfec1ed53bd1ecd13c9514e2
WP_079605750.1,APAZ_f6e479c0017e860e,APAZ_f6e479c0017e860e,BUILD,APAZ,Ib,LITERATURE_PHYLOGENETIC_SET,Ryazansky_et_al_2018_Data_Set_S3,WP_079605750.1|1437360|APAZ,4b0379459a62456cc1a08cadd9f8a5e99a7bc4c3fd6dac039a1252fd20973a74
WP_079685319.1,APAZ_d1bd2269e885ee8a,APAZ_d1bd2269e885ee8a,BUILD,APAZ,IIb,LITERATURE_PHYLOGENETIC_SET,Ryazansky_et_al_2018_Data_Set_S3,WP_079685319.1|688867|APAZ,b1366c4c7f39c7e1f97342ca73a5687c09d733589990c18124e0d98a431a8e1e
WP_079731542.1,APAZ_1fba07ce1bce1356,APAZ_1fba07ce1bce1356,BUILD,APAZ,IIa,LITERATURE_PHYLOGENETIC_SET,Ryazansky_et_al_2018_Data_Set_S3,WP_079731542.1|428990|APAZ,9b94af51fb7575e081dc509718a741fc39446a368b29e51cf1a4f7a8a4ac67f6
WP_079791392.1,APAZ_3d88afc93a1932bb,APAZ_3d88afc93a1932bb,BUILD,APAZ,Ib,LITERATURE_PHYLOGENETIC_SET,Ryazansky_et_al_2018_Data_Set_S3,WP_079791392.1|28901|APAZ,5945bab1c4d5f6111c4f691f92c6b7a2a73808bd7a84c1ee20bc6149f571c6df
WP_080522385.1,APAZ_a9a07e41f75c3ea3,APAZ_a9a07e41f75c3ea3,BUILD,APAZ,Ib,LITERATURE_PHYLOGENETIC_SET,Ryazansky_et_al_2018_Data_Set_S3,WP_080522385.1|1420851|APAZ,f4bdd5dda5a20ebbd8127ad81b0de50c01833f6acad091db4b02f5b2e3455c85
WP_080574728.1,APAZ_a0810cc3c646900c,APAZ_a0810cc3c646900c,BUILD,APAZ,IIa,LITERATURE_PHYLOGENETIC_SET,Ryazansky_et_al_2018_Data_Set_S3,WP_080574728.1|29449|APAZ,d8abf6ced893d06562a4076a8de822eba5dafca4d100f8035f3692d5ef98b910
WP_080700186.1,APAZ_58731b148ea00904,APAZ_58731b148ea00904,BUILD,APAZ,Ib,LITERATURE_PHYLOGENETIC_SET,Ryazansky_et_al_2018_Data_Set_S3,WP_080700186.1|103855|APAZ,deb496566804dabaf6fe6a8915b714cc0dea9a255ac1d4a2abe6ff90fd0b52fa
WP_080801769.1,APAZ_47991a2127a26b9c,APAZ_47991a2127a26b9c,FINAL_HOLDOUT,APAZ,IIb,LITERATURE_PHYLOGENETIC_SET,Ryazansky_et_al_2018_Data_Set_S3,WP_080801769.1|1183401|APAZ,6a45e224d08ff8166bcfcfe58c0544c39cbc5585f13a4b1ff80b1121195ad308
WP_080810443.1,APAZ_09e498184bbc7768,APAZ_09e498184bbc7768,BUILD,APAZ,IIb,LITERATURE_PHYLOGENETIC_SET,Ryazansky_et_al_2018_Data_Set_S3,WP_080810443.1|1209493|APAZ,315effbf2956000a509bf755c4d57b456a408f42266b08617a8d0a9dfa693ce7
WP_080811272.1,APAZ_b450257d31e65758,APAZ_b450257d31e65758,CALIBRATION,APAZ,IIb,LITERATURE_PHYLOGENETIC_SET,Ryazansky_et_al_2018_Data_Set_S3,WP_080811272.1|1209493|APAZ,bd3a1108aa9421a794302e98650d38136cb2d672bd41e0791b1e696122daede5
WP_080826259.1,APAZ_922b471c5b1fa8b4,APAZ_922b471c5b1fa8b4,BUILD,APAZ,IIb,LITERATURE_PHYLOGENETIC_SET,Ryazansky_et_al_2018_Data_Set_S3,WP_080826259.1|1183411|APAZ,7848b69e549fd1b286d61ff3f091515d1c6892140e1116dfb9b4135e06ed33f4
WP_080902475.1,APAZ_84518391a2f43786,APAZ_84518391a2f43786,BUILD,APAZ,Ib,LITERATURE_PHYLOGENETIC_SET,Ryazansky_et_al_2018_Data_Set_S3,WP_080902475.1|294|APAZ,be44757ea61f268a3e6a254e2a7b8fccb2f341aee76ac474951d5bbac813adcf
WP_081000780.1,APAZ_b4b1a02e1aedc46a,APAZ_b4b1a02e1aedc46a,CALIBRATION,APAZ,IIb,LITERATURE_PHYLOGENETIC_SET,Ryazansky_et_al_2018_Data_Set_S3,WP_081000780.1|87883|APAZ,7175b02beae53d8ca5c18af788ee1aff9a62533117597388b20a820abfb63f22
WP_081147616.1,APAZ_601a5372f5b6887a,APAZ_601a5372f5b6887a,CALIBRATION,APAZ,IIa,LITERATURE_PHYLOGENETIC_SET,Ryazansky_et_al_2018_Data_Set_S3,WP_081147616.1|1703345|APAZ,caf4b018920fb7acbbcec5cf944433cd48974342997e0109ec6a520dc583e71c
WP_081215336.1,APAZ_36ef2459ea6f8d27,APAZ_36ef2459ea6f8d27,BUILD,APAZ,IIb,LITERATURE_PHYLOGENETIC_SET,Ryazansky_et_al_2018_Data_Set_S3,WP_081215336.1|13690|APAZ,bef5418be895c35218bda1e0cb79b78535791d0bd3fff856e254cefca4d5a417
WP_081295619.1,APAZ_cf91ce58497aef11,APAZ_cf91ce58497aef11,BUILD,APAZ,IIa,LITERATURE_PHYLOGENETIC_SET,Ryazansky_et_al_2018_Data_Set_S3,WP_081295619.1|384|APAZ|short,ffcd0e6bac53e151faad737935b920d7a0984b700d3a4e1019c6e001a06ad9d9
WP_081435115.1,APAZ_8b5aa851cd58b75f,APAZ_8b5aa851cd58b75f,FINAL_HOLDOUT,APAZ,IIa,LITERATURE_PHYLOGENETIC_SET,Ryazansky_et_al_2018_Data_Set_S3,WP_081435115.1|160791|APAZ,766e0f7b8a3cbe2717c3549fa5c77e3339f0a92275663fc34ed095ff9f782b15
WP_081441952.1,APAZ_e7786d6030dbf259,APAZ_e7786d6030dbf259,CALIBRATION,APAZ,Ia,LITERATURE_PHYLOGENETIC_SET,Ryazansky_et_al_2018_Data_Set_S3,WP_081441952.1|314344|APAZ|short,cc072950fb903b4fb8d2d5a918803d642f0d6e1e87277f39a70dcab895add291
WP_081444939.1,APAZ_1e0da772173d098c,APAZ_1e0da772173d098c,BUILD,APAZ,Ia,LITERATURE_PHYLOGENETIC_SET,Ryazansky_et_al_2018_Data_Set_S3,WP_081444939.1|124|APAZ|short,256377090a9cedf383286145d8eb14a0389b1957e3a308d3924d349f67a85009
WP_081624727.1,APAZ_622dd722188c6d8f,APAZ_622dd722188c6d8f,BUILD,APAZ,Ia,LITERATURE_PHYLOGENETIC_SET,Ryazansky_et_al_2018_Data_Set_S3,WP_081624727.1|33035|APAZ,adf28e7e579a54d6bb73a3d7f9dede89341ac336cf3ee023175ddadb03d8d576
WP_081684175.1,APAZ_a8766291c813d7a1,APAZ_a8766291c813d7a1,CALIBRATION,APAZ,Ib,LITERATURE_PHYLOGENETIC_SET,Ryazansky_et_al_2018_Data_Set_S3,WP_081684175.1|266854|APAZ,7aaf9a7aeaa9359ba7e11ae7c3edc99ae9a80dc3770fd56026d908bd3b522319
WP_081705202.1,APAZ_b475c1d0595b9af0,APAZ_b475c1d0595b9af0,BUILD,APAZ,IIb,LITERATURE_PHYLOGENETIC_SET,Ryazansky_et_al_2018_Data_Set_S3,WP_081705202.1|1416614|APAZ,763cf835f5b98e067e0000977edba1e06d17c98c7ccfa35e543e24a6628b285d
WP_081730962.1,APAZ_ba50ffbd361ca3f3,APAZ_ba50ffbd361ca3f3,CALIBRATION,APAZ,Ib,LITERATURE_PHYLOGENETIC_SET,Ryazansky_et_al_2018_Data_Set_S3,WP_081730962.1|68287|APAZ,11ddef5841cc00578e38efcb22fe68824b71f45c0b6287d01d944ac29798bd73
WP_081743200.1,APAZ_d0d91a6490debdbc,APAZ_d0d91a6490debdbc,CALIBRATION,APAZ,Ia,LITERATURE_PHYLOGENETIC_SET,Ryazansky_et_al_2018_Data_Set_S3,WP_081743200.1|288965|APAZ|short,e4f2722119d959dc31f6f9d7ecfa9c1d1aa1987b3ff6ebcad15af1ca57b9926c
WP_081852774.1,APAZ_98ec33d024d06bd5,APAZ_98ec33d024d06bd5,BUILD,APAZ,IIa,LITERATURE_PHYLOGENETIC_SET,Ryazansky_et_al_2018_Data_Set_S3,WP_081852774.1|1125973|APAZ,965f9ce2101c9e8ca6b41bd05ce9f6f047d82c61b7e6535b2d3d305e96f87ec7
WP_081903350.1,APAZ_3de1ca0ed097bf40,APAZ_3de1ca0ed097bf40,BUILD,APAZ,IIb,LITERATURE_PHYLOGENETIC_SET,Ryazansky_et_al_2018_Data_Set_S3,WP_081903350.1|58117|APAZ,60dba57fbdae59480233e0fb8eb7a05608c8eafddaf440b037fc3432faeeaa0e
WP_081912819.1,APAZ_36ef2459ea6f8d27,APAZ_36ef2459ea6f8d27,BUILD,APAZ,IIb,LITERATURE_PHYLOGENETIC_SET,Ryazansky_et_al_2018_Data_Set_S3,WP_081912819.1|1522072|APAZ,ab3187128d9d22cf71810521d3c4ad3ab547353588b4c9eef70e36e098d43ea5
WP_082096051.1,APAZ_30b6d179f3746b7f,APAZ_30b6d179f3746b7f,FINAL_HOLDOUT,APAZ,IIb,LITERATURE_PHYLOGENETIC_SET,Ryazansky_et_al_2018_Data_Set_S3,WP_082096051.1|1603555|APAZ,6937937f2255672c4b5dd40b4f8006bdeeb092efffecba1cd0bea753dd7eecca
WP_082340617.1,APAZ_072fc17e0a703000,APAZ_072fc17e0a703000,BUILD,APAZ,Ib,LITERATURE_PHYLOGENETIC_SET,Ryazansky_et_al_2018_Data_Set_S3,WP_082340617.1|339|APAZ,89ccb648a2dca4d2b9746d915d0815df657127db7ba9cd3b0783ae4e3bd40d87
WP_082442752.1,APAZ_fa50c14f54833d83,APAZ_fa50c14f54833d83,BUILD,APAZ,IIa,LITERATURE_PHYLOGENETIC_SET,Ryazansky_et_al_2018_Data_Set_S3,WP_082442752.1|311410|APAZ,18ed3310b5c14ae7eaf882da65fcc1260704632c910fa2648ff8a3495cc520f3
WP_082469977.1,APAZ_b5f4b50bbee9c44e,APAZ_b5f4b50bbee9c44e,BUILD,APAZ,IIb,LITERATURE_PHYLOGENETIC_SET,Ryazansky_et_al_2018_Data_Set_S3,WP_082469977.1|1736242|APAZ,da2d257547a15402bbe4d98c9d89abaaab00712167a4ef18fc4154ec3d61ffc4
WP_082549597.1,APAZ_bd6a1c5b7a2042f8,APAZ_bd6a1c5b7a2042f8,BUILD,APAZ,IIa,LITERATURE_PHYLOGENETIC_SET,Ryazansky_et_al_2018_Data_Set_S3,WP_082549597.1|1736555|APAZ,80edfb529cb4416727d09204e15b7f838ead76b4895d4a5443a3a8edd614c1a3
WP_082576376.1,APAZ_4c9754a515119c10,APAZ_4c9754a515119c10,FINAL_HOLDOUT,APAZ,Ib,LITERATURE_PHYLOGENETIC_SET,Ryazansky_et_al_2018_Data_Set_S3,WP_082576376.1|1736568|APAZ,eb19816f6501632ccad6215a332e0532f3f6c72a9b8c141c4af8a31ad25344b0
WP_082657619.1,APAZ_a9302b1417adc2b8,APAZ_a9302b1417adc2b8,BUILD,APAZ,IIb,LITERATURE_PHYLOGENETIC_SET,Ryazansky_et_al_2018_Data_Set_S3,WP_082657619.1|165697|APAZ,17bdd9ea91ba386aeae00c9e6c68183734d82c467dec9113efb51844784fb353
WP_082670027.1,APAZ_f166615ae41c7336,APAZ_f166615ae41c7336,BUILD,APAZ,Ib,LITERATURE_PHYLOGENETIC_SET,Ryazansky_et_al_2018_Data_Set_S3,WP_082670027.1|33051|APAZ,f19e9cdb552ea1948ce050c4a28104818106137ed5cc7c50ce59fd5818dff874
WP_082722381.1,APAZ_136a76b17031d9d2,APAZ_136a76b17031d9d2,BUILD,APAZ,Ib,LITERATURE_PHYLOGENETIC_SET,Ryazansky_et_al_2018_Data_Set_S3,WP_082722381.1|1385591|APAZ,7bf1651cfa34d97e5282d172d0d2999f036c759b2dd77227eb6ee1f957a3d9e2
WP_082731713.1,APAZ_b0de8bba10f70396,APAZ_b0de8bba10f70396,BUILD,APAZ,IIa,LITERATURE_PHYLOGENETIC_SET,Ryazansky_et_al_2018_Data_Set_S3,WP_082731713.1|13687|APAZ,cf35ff9a82eebb09e40009e96ee028fad7fbf807bc12c04b6d626950dd1c0757
WP_082738120.1,APAZ_9b1058fdbbd3418c,APAZ_9b1058fdbbd3418c,CALIBRATION,APAZ,IIa,LITERATURE_PHYLOGENETIC_SET,Ryazansky_et_al_2018_Data_Set_S3,WP_082738120.1|13687|APAZ,f791706e317312fca34d7315a761d39b3b1d0b924e5280c7a7f9ee5bdd52fc7b
WP_082755986.1,APAZ_b3bd542599c0e0a5,APAZ_b3bd542599c0e0a5,BUILD,APAZ,Ia,LITERATURE_PHYLOGENETIC_SET,Ryazansky_et_al_2018_Data_Set_S3,WP_082755986.1|1355477|APAZ|short,cab90bc15e73f8ec636f2a0938b7895c01bf879ee5c41e78fe9a9c68be7cc03f
WP_082795034.1,APAZ_a61ddd9395487ec0,APAZ_a61ddd9395487ec0,BUILD,APAZ,Ib,LITERATURE_PHYLOGENETIC_SET,Ryazansky_et_al_2018_Data_Set_S3,WP_082795034.1|33051|APAZ,fdaf06e3b6271f89871300ae9d28b59aec292a653a1d7c4777380ab2bb58d36c
WP_082822067.1,APAZ_526d27554c81fa78,APAZ_526d27554c81fa78,BUILD,APAZ,IIa,LITERATURE_PHYLOGENETIC_SET,Ryazansky_et_al_2018_Data_Set_S3,WP_082822067.1|43992|APAZ,edd2de8b0b91828b7aa5d1d617ea789c3703a019356962c3897d21067a4fd60a
WP_082932868.1,APAZ_b4b1a02e1aedc46a,APAZ_b4b1a02e1aedc46a,CALIBRATION,APAZ,IIb,LITERATURE_PHYLOGENETIC_SET,Ryazansky_et_al_2018_Data_Set_S3,WP_082932868.1|190721|APAZ,5442654987594b6ea4c4b1e4f36e46b6ee6dd429ae4f38f1f87d80d606882f9a
WP_083240732.1,APAZ_f3d4f7b7e7c4e4ba,APAZ_f3d4f7b7e7c4e4ba,BUILD,APAZ,IIa,LITERATURE_PHYLOGENETIC_SET,Ryazansky_et_al_2018_Data_Set_S3,WP_083240732.1|1774968|APAZ,427b29666cb6ac53a988e6969bc2652d37ca2e28f6a960a8dc42c3721bec5355
WP_083473000.1,APAZ_3ff979dbd67fde7b,APAZ_3ff979dbd67fde7b,BUILD,APAZ,IIb,LITERATURE_PHYLOGENETIC_SET,Ryazansky_et_al_2018_Data_Set_S3,WP_083473000.1|269536|APAZ,01095e59672745705089c0de703617a12be8ddc464a01221d717ccabc10a2dc9
WP_083509781.1,APAZ_2ab6b3e4c966c30d,APAZ_2ab6b3e4c966c30d,BUILD,APAZ,IIa,LITERATURE_PHYLOGENETIC_SET,Ryazansky_et_al_2018_Data_Set_S3,WP_083509781.1|121290|APAZ,afd02117eb4b387de8ad855993f351499ac824123492ea048b624a243d97d3d4
WP_083592922.1,APAZ_673d9cd2be862215,APAZ_673d9cd2be862215,CALIBRATION,APAZ,Ib,LITERATURE_PHYLOGENETIC_SET,Ryazansky_et_al_2018_Data_Set_S3,WP_083592922.1|1317114|APAZ,0e79b05c1ead6d69dd6cae502702b05447e497d7c070721fcc20c967f7e8e0b4
WP_083637046.1,APAZ_f12dd7096c5ef915,APAZ_f12dd7096c5ef915,BUILD,APAZ,IIb,LITERATURE_PHYLOGENETIC_SET,Ryazansky_et_al_2018_Data_Set_S3,WP_083637046.1|1922337|APAZ,e793e2b4627909af8bcb54b7eb41ffe066fcec5b52b8ab804b73f8633090ab75
WP_083657918.1,APAZ_23c657c34a20a57c,APAZ_23c657c34a20a57c,FINAL_HOLDOUT,APAZ,Ib,LITERATURE_PHYLOGENETIC_SET,Ryazansky_et_al_2018_Data_Set_S3,WP_083657918.1|1892903|APAZ,abda230e14d6f60a8efc4d11bc0b95446337b6773a499ddc70b04b68b194cea0
WP_083716755.1,APAZ_78ed568d1b06b7a6,APAZ_78ed568d1b06b7a6,BUILD,APAZ,IIa,LITERATURE_PHYLOGENETIC_SET,Ryazansky_et_al_2018_Data_Set_S3,WP_083716755.1|1250539|APAZ,f98f566f2f4f63b5c8763c59d7411be8a4d08149d4e2cdd11180bfb0ca41294c
WP_083779632.1,APAZ_c07a59d412456be9,APAZ_c07a59d412456be9,CALIBRATION,APAZ,IIb,LITERATURE_PHYLOGENETIC_SET,Ryazansky_et_al_2018_Data_Set_S3,WP_083779632.1|314267|APAZ,31ad84f89998ad1bd2ca7eaa889a70f24463f8997b3942df40e135100746d313
WP_083808461.1,APAZ_040cb41cd46f6bc3,APAZ_040cb41cd46f6bc3,BUILD,APAZ,IIb,LITERATURE_PHYLOGENETIC_SET,Ryazansky_et_al_2018_Data_Set_S3,WP_083808461.1|940615|APAZ,1d2d43023dd56233d1367a199f8d9ae74079ea6eaa60ed5d11f3a77b54200b3b
WP_083808707.1,APAZ_6de4f0f1e6e5955d,APAZ_6de4f0f1e6e5955d,BUILD,APAZ,IIb,LITERATURE_PHYLOGENETIC_SET,Ryazansky_et_al_2018_Data_Set_S3,WP_083808707.1|1032527|APAZ,cc2ec16898e97bd4d7cb18ce3ed0b455e309efa72d3caaccbac028b097ef9d13
WP_083869695.1,APAZ_ddf5345795901fd8,APAZ_ddf5345795901fd8,BUILD,APAZ,IIb,LITERATURE_PHYLOGENETIC_SET,Ryazansky_et_al_2018_Data_Set_S3,WP_083869695.1|477641|APAZ,f9ae1c519ed9d86d5260e9f300c1d36db6a5828c49cb434051b1b2693ff78d26
WP_083871010.1,APAZ_92f875761929d670,APAZ_92f875761929d670,CALIBRATION,APAZ,Ia,LITERATURE_PHYLOGENETIC_SET,Ryazansky_et_al_2018_Data_Set_S3,WP_083871010.1|1288121|APAZ|short,52b9fc2db9b000ee3ed44a3502d59b0bbd967bb9fb623cd3fe0d39bb66040afd
WP_083942961.1,APAZ_6165254ada150f58,APAZ_6165254ada150f58,BUILD,APAZ,Ib,LITERATURE_PHYLOGENETIC_SET,Ryazansky_et_al_2018_Data_Set_S3,WP_083942961.1|266127|APAZ,914eb02ac130bc78be3ba5e56cd391f09c22910cddd9d407453c20878e1b7d82
WP_083960493.1,APAZ_5254aa1cf4c7cc1b,APAZ_5254aa1cf4c7cc1b,CALIBRATION,APAZ,Ib,LITERATURE_PHYLOGENETIC_SET,Ryazansky_et_al_2018_Data_Set_S3,WP_083960493.1|980561|APAZ,da169088e9a8d743d5c8d47f0fd607d084336de90d660f319d59ed3443854aa1
WP_083991981.1,APAZ_aa262a76428d232b,APAZ_aa262a76428d232b,BUILD,APAZ,IIa,LITERATURE_PHYLOGENETIC_SET,Ryazansky_et_al_2018_Data_Set_S3,WP_083991981.1|630921|APAZ,5b296e1aef2835747875412b129a36cd6dbcb6c8c5a973f69a2142a87c93cdda
WP_084182446.1,APAZ_d6ef189fc0e86222,APAZ_d6ef189fc0e86222,BUILD,APAZ,Ib,LITERATURE_PHYLOGENETIC_SET,Ryazansky_et_al_2018_Data_Set_S3,WP_084182446.1|39687|APAZ,bcdce733f4b85edf602b36346bd6f6120fc0cf2bddccecc094b6c6113599dc4a
WP_084218942.1,APAZ_c5e49082999581a0,APAZ_c5e49082999581a0,FINAL_HOLDOUT,APAZ,Ib,LITERATURE_PHYLOGENETIC_SET,Ryazansky_et_al_2018_Data_Set_S3,WP_084218942.1|328301|APAZ,06bb3a8ce74791a55edfdd4dd8859d65b2e4c2c5e9b7d069a39a18df5efc4d5c
WP_084234542.1,APAZ_e0d843ab56fc4eff,APAZ_e0d843ab56fc4eff,FINAL_HOLDOUT,APAZ,Ia,LITERATURE_PHYLOGENETIC_SET,Ryazansky_et_al_2018_Data_Set_S3,WP_084234542.1|100176|APAZ|short,391a9ade1be0b22a4c7395e5b1030588853e1b3a08a19ec1ed6bb2845932135c
WP_084375251.1,APAZ_b394db6ee15958e6,APAZ_b394db6ee15958e6,CALIBRATION,APAZ,IIa,LITERATURE_PHYLOGENETIC_SET,Ryazansky_et_al_2018_Data_Set_S3,WP_084375251.1|41276|APAZ,b638d15c095172ef5c2cf92bc06f6c79cda831bb0b641483a6f36b65ed803a93
WP_084462763.1,APAZ_40d15f324fe3c370,APAZ_40d15f324fe3c370,BUILD,APAZ,Ia,LITERATURE_PHYLOGENETIC_SET,Ryazansky_et_al_2018_Data_Set_S3,WP_084462763.1|580166|APAZ|short,b8f4955af304978ed56dfe63f40840caa63673a44d301ec2d07c18ebd64cc17b
WP_084467687.1,APAZ_8abdd731ea1dde51,APAZ_8abdd731ea1dde51,FINAL_HOLDOUT,APAZ,IIb,LITERATURE_PHYLOGENETIC_SET,Ryazansky_et_al_2018_Data_Set_S3,WP_084467687.1|103730|APAZ,cc27d59138b8519958844c59ddb89bdf29d1c6e99f6b1633a2b36f60ec3bae6c
WP_084522028.1,APAZ_669d9b211add4f37,APAZ_669d9b211add4f37,BUILD,APAZ,IIb,LITERATURE_PHYLOGENETIC_SET,Ryazansky_et_al_2018_Data_Set_S3,WP_084522028.1|53432|APAZ,39ee240ea022d7c5b45bc2e1d61c5f691643cad876fbd52f476506060952f253
WP_084600957.1,APAZ_f9ab09894a25a2dd,APAZ_f9ab09894a25a2dd,BUILD,APAZ,Ib,LITERATURE_PHYLOGENETIC_SET,Ryazansky_et_al_2018_Data_Set_S3,WP_084600957.1|80878|APAZ,ab0bdb6001833a5318a3c7d4b1960242a5099e52b832bf28931d16ecc2e6b0bd
WP_084625517.1,APAZ_178d92bc0f54c4d9,APAZ_178d92bc0f54c4d9,BUILD,APAZ,IIb,LITERATURE_PHYLOGENETIC_SET,Ryazansky_et_al_2018_Data_Set_S3,WP_084625517.1|1207055|APAZ,cd5a66d002233730c9603978f2db8809863e8579f506e491b25b57b40b9bdab0
WP_084685017.1,APAZ_dc1096b8d9b0805e,APAZ_dc1096b8d9b0805e,BUILD,APAZ,IIb,LITERATURE_PHYLOGENETIC_SET,Ryazansky_et_al_2018_Data_Set_S3,WP_084685017.1|244365|APAZ,0dc3dfac5db2b194557c6081c12383d0183d9b1f9d7d9f47fe67c0abaa1c9e66
WP_085350364.1,APAZ_d5b0d5169f482818,APAZ_d5b0d5169f482818,FINAL_HOLDOUT,APAZ,IIa,LITERATURE_PHYLOGENETIC_SET,Ryazansky_et_al_2018_Data_Set_S3,WP_085350364.1|255045|APAZ,9c29580229a859171fa7ce8f2c991e50b45dcdce4fb3973179cb08b847f77605
WP_085474560.1,APAZ_745d60f2beb62f23,APAZ_745d60f2beb62f23,FINAL_HOLDOUT,APAZ,Ia,LITERATURE_PHYLOGENETIC_SET,Ryazansky_et_al_2018_Data_Set_S3,WP_085474560.1|561061|APAZ|short,ca5380bcbbaded55df44aa9f768e5bcee89ebdd874587b420d5dfa299d048e8e
WP_085482892.1,APAZ_846470d2e0d2451b,APAZ_846470d2e0d2451b,BUILD,APAZ,Ia,LITERATURE_PHYLOGENETIC_SET,Ryazansky_et_al_2018_Data_Set_S3,WP_085482892.1|1515439|APAZ|short,944384c876c6d6efcd937d314f96cefa41c8bfb52c83689acb72ec2eee50ad7c
WP_085773725.1,APAZ_a0c3b766017b3468,APAZ_a0c3b766017b3468,BUILD,APAZ,Ib,LITERATURE_PHYLOGENETIC_SET,Ryazansky_et_al_2018_Data_Set_S3,WP_085773725.1|655015|APAZ,769339eff6f754b94c7e2ce0a69c78e089c63bbbf973f95df660d0021995fb40
WP_085809851.1,APAZ_6af28f2b44be490b,APAZ_6af28f2b44be490b,BUILD,APAZ,IIb,LITERATURE_PHYLOGENETIC_SET,Ryazansky_et_al_2018_Data_Set_S3,WP_085809851.1|1917973|APAZ,5a4c1365d52aa399599323fa7f15643c77f3541b60df0995e7331cbbd14fe8a1
WP_085870580.1,APAZ_3d0e97d983d1a7a9,APAZ_3d0e97d983d1a7a9,CALIBRATION,APAZ,IIb,LITERATURE_PHYLOGENETIC_SET,Ryazansky_et_al_2018_Data_Set_S3,WP_085870580.1|1839|APAZ,01ff9c102dca3a82ddd9ab044face973d0b662a52ce17a2904cd119f9635b11b
WP_085933358.1,APAZ_a00d3d727c91aba6,APAZ_a00d3d727c91aba6,BUILD,APAZ,IIb,LITERATURE_PHYLOGENETIC_SET,Ryazansky_et_al_2018_Data_Set_S3,WP_085933358.1|225324|APAZ,c94d8be4a6c5676e0c5999688b54e9e6232264012c5a93842a07667349fb2c59
WP_085936213.1,APAZ_8e6d1300880ad490,APAZ_8e6d1300880ad490,BUILD,APAZ,Ib,LITERATURE_PHYLOGENETIC_SET,Ryazansky_et_al_2018_Data_Set_S3,WP_085936213.1|225324|APAZ,10efb76ea4c3461425dda3b10ce16a84c2a66bf5861bee4f4ea9b19ce85742ba
WP_085937812.1,APAZ_5dae00865da72bb6,APAZ_5dae00865da72bb6,BUILD,APAZ,IIb,LITERATURE_PHYLOGENETIC_SET,Ryazansky_et_al_2018_Data_Set_S3,WP_085937812.1|225324|APAZ,9bae6d8a2a772af6253c07bbe4c36420c37ce7098bc93cdf5e52df94fe96a330
WP_085984230.1,APAZ_b2c9d53e5dfdc8ef,APAZ_b2c9d53e5dfdc8ef,BUILD,APAZ,IIb,LITERATURE_PHYLOGENETIC_SET,Ryazansky_et_al_2018_Data_Set_S3,WP_085984230.1|1131813|APAZ,13942cece1e577cfb8b356570fa1cbf47010c86d26b9662069bd8bd1d657d478
WP_087252836.1,APAZ_291e2216100525a6,APAZ_291e2216100525a6,BUILD,APAZ,Ia,LITERATURE_PHYLOGENETIC_SET,Ryazansky_et_al_2018_Data_Set_S3,WP_087252836.1|1965647|APAZ|short,f0ff959de77e2c932906e7858f68d5bb2604bccc48ea77ff4595dd81901098e3
WP_087287470.1,APAZ_8b09f9f7d009c36a,APAZ_8b09f9f7d009c36a,BUILD,APAZ,Ia,LITERATURE_PHYLOGENETIC_SET,Ryazansky_et_al_2018_Data_Set_S3,WP_087287470.1|1965576|APAZ|short,18be7bd25f77a0558200a2b21f0abd6fbb561a627e4eb991f4354fd4539a4487
WP_087292483.1,APAZ_21af9d4642a4df67,APAZ_21af9d4642a4df67,BUILD,APAZ,Ia,LITERATURE_PHYLOGENETIC_SET,Ryazansky_et_al_2018_Data_Set_S3,WP_087292483.1|1965588|APAZ|short,9f6404c1f941bca3a51629023a4e48b305af3c954d75c71260f6c365b3add8fa
WP_087337819.1,APAZ_db56ed71c60514eb,APAZ_db56ed71c60514eb,BUILD,APAZ,Ia,LITERATURE_PHYLOGENETIC_SET,Ryazansky_et_al_2018_Data_Set_S3,WP_087337819.1|357276|APAZ|short,2b919972ba21e151445c666e40d25e5b0624da62c5c7630dd6168fb6e5ef155d
WP_087406053.1,APAZ_e9ccd7d222fae623,APAZ_e9ccd7d222fae623,BUILD,APAZ,Ia,LITERATURE_PHYLOGENETIC_SET,Ryazansky_et_al_2018_Data_Set_S3,WP_087406053.1|1965620|APAZ|short,d893290a1f820675f6729b5c662e387bfe901c1c9c2961ab97a090fdf15a4e59
WP_087738802.1,APAZ_89c417d6d67808cb,APAZ_89c417d6d67808cb,BUILD,APAZ,Ib,LITERATURE_PHYLOGENETIC_SET,Ryazansky_et_al_2018_Data_Set_S3,WP_087738802.1|1701573|APAZ,988bc5387924c26a446b89a74f7a3cf082775865f567d6ece966e28765902007
WP_088201561.1,APAZ_eb9f17d5d0de91d4,APAZ_eb9f17d5d0de91d4,BUILD,APAZ,IIa,LITERATURE_PHYLOGENETIC_SET,Ryazansky_et_al_2018_Data_Set_S3,WP_088201561.1|382|APAZ,f2db70cf4bee95dd9597a150765ce5dc3c246342a54712468a278ef81de1847a
WP_088492884.1,APAZ_e2b1ab911bdeffc2,APAZ_e2b1ab911bdeffc2,BUILD,APAZ,Ia,LITERATURE_PHYLOGENETIC_SET,Ryazansky_et_al_2018_Data_Set_S3,WP_088492884.1|837|APAZ|short,61c4c608127f76048729d4b0e45f0c75a602bc7d233c9492001df957eb1ee3fe
WP_088664285.1,APAZ_690df67508ab9a77,APAZ_690df67508ab9a77,BUILD,APAZ,IIb,LITERATURE_PHYLOGENETIC_SET,Ryazansky_et_al_2018_Data_Set_S3,WP_088664285.1|1317112|APAZ,3b16027d5b93d5a075675b3f0abfbb7aa7346d824a2ef81b365184cb40ca4064
WP_088892393.1,APAZ_01bc01ba02b6f60f,APAZ_01bc01ba02b6f60f,BUILD,APAZ,IIb,LITERATURE_PHYLOGENETIC_SET,Ryazansky_et_al_2018_Data_Set_S3,WP_088892393.1|1962290|APAZ,59b1e69c17f1f17f2d4c7b4f8a9bd490f71223fc46288059ad477d7454052870
WP_089318528.1,APAZ_80fd84205885b554,APAZ_80fd84205885b554,CALIBRATION,APAZ,IIb,LITERATURE_PHYLOGENETIC_SET,Ryazansky_et_al_2018_Data_Set_S3,WP_089318528.1|1610492|APAZ,8000b26b44ae373e28224d42af45c83a10450019e816821d4f14f1a59041e8e8
WP_089334214.1,APAZ_f0ae7d13795e5de1,APAZ_f0ae7d13795e5de1,BUILD,APAZ,IIb,LITERATURE_PHYLOGENETIC_SET,Ryazansky_et_al_2018_Data_Set_S3,WP_089334214.1|1411120|APAZ,2d28dff7d88886611103aa3462feb74f866bcc64bc99b0439d9752880dbcb67d
WP_089355802.1,APAZ_4c09a8c7c2a340ef,APAZ_4c09a8c7c2a340ef,FINAL_HOLDOUT,APAZ,IIa,LITERATURE_PHYLOGENETIC_SET,Ryazansky_et_al_2018_Data_Set_S3,WP_089355802.1|447679|APAZ,175d52d9b00dd7b58d5c213806350c66fd3a976f744d22b6775cd51096a70a70
WP_089457547.1,APAZ_2865cc50b285bb9f,APAZ_2865cc50b285bb9f,CALIBRATION,APAZ,Ia,LITERATURE_PHYLOGENETIC_SET,Ryazansky_et_al_2018_Data_Set_S3,WP_089457547.1|2015357|APAZ|short,2dc3e404be2b870037523d830c77b2b5d44304a5f77ae93a6b1bca68a4466d72
WP_089699120.1,APAZ_084a67f340c58139,APAZ_084a67f340c58139,BUILD,APAZ,III,LITERATURE_PHYLOGENETIC_SET,Ryazansky_et_al_2018_Data_Set_S3,WP_089699120.1|660521|APAZ,814c7a3bf4f5cb0465894274faf86538dc16034add505c72f428405bbe151861
WP_089761443.1,APAZ_538b4ae8c3bd3b8a,APAZ_538b4ae8c3bd3b8a,BUILD,APAZ,Ia,LITERATURE_PHYLOGENETIC_SET,Ryazansky_et_al_2018_Data_Set_S3,WP_089761443.1|408074|APAZ,6bd0179e960a8a6ed9a7d4aef8e688a5f3ea98ebd6b1696b0fc7abe70ed42629
WP_089769862.1,APAZ_b4c387c46beef82a,APAZ_b4c387c46beef82a,BUILD,APAZ,III,LITERATURE_PHYLOGENETIC_SET,Ryazansky_et_al_2018_Data_Set_S3,WP_089769862.1|660517|APAZ,2b9a0ddddd7b1e83f98b810098dbfe2b31b99fdf90bfd8601d816e7888d2c603
WP_090072629.1,APAZ_d1b985db12c66db6,APAZ_d1b985db12c66db6,BUILD,APAZ,IIa,LITERATURE_PHYLOGENETIC_SET,Ryazansky_et_al_2018_Data_Set_S3,WP_090072629.1|655353|APAZ,58416e99eed41788bb09839687de09fb8af10028f53409b65ce1c1f61ccad09b
WP_090227846.1,APAZ_dcc0f27a76b369f1,APAZ_dcc0f27a76b369f1,FINAL_HOLDOUT,APAZ,Ib,LITERATURE_PHYLOGENETIC_SET,Ryazansky_et_al_2018_Data_Set_S3,WP_090227846.1|1007099|APAZ,1ffe5cb387a855e51e7173c3dfccb6ebfd562ef10e48bfbf8ba56e56e27241fa
WP_090270687.1,APAZ_2b96cd87984465f4,APAZ_2b96cd87984465f4,BUILD,APAZ,IIa,LITERATURE_PHYLOGENETIC_SET,Ryazansky_et_al_2018_Data_Set_S3,WP_090270687.1|657014|APAZ,1073abb1e3c47e87f412626e45b928265e2df5913966aabc1e59e1846d0be83d
WP_090603244.1,APAZ_9af05f6a01edc5f5,APAZ_9af05f6a01edc5f5,FINAL_HOLDOUT,APAZ,Ia,LITERATURE_PHYLOGENETIC_SET,Ryazansky_et_al_2018_Data_Set_S3,WP_090603244.1|332977|APAZ|short,8b0be27abf0fbfba149acfedd8f4ae58e10290bd3f60cb86338880ba71e77209
WP_090624110.1,APAZ_0e5a841267a85668,APAZ_0e5a841267a85668,BUILD,APAZ,Ia,LITERATURE_PHYLOGENETIC_SET,Ryazansky_et_al_2018_Data_Set_S3,WP_090624110.1|1477437|APAZ|short,86d8d8e08408c73f73b4320b77eb3e939b4362a019c596d4f3399d630fb8ac3e
WP_090828645.1,APAZ_383d3b7c01347b3d,APAZ_383d3b7c01347b3d,BUILD,APAZ,Ib,LITERATURE_PHYLOGENETIC_SET,Ryazansky_et_al_2018_Data_Set_S3,WP_090828645.1|1233|APAZ,00b317ad829d0aee9dc8cef8b2f33427a149c1d41a1fec411f457132da293eb4
WP_090997603.1,APAZ_ab2314a5397c7975,APAZ_ab2314a5397c7975,BUILD,APAZ,IIa,LITERATURE_PHYLOGENETIC_SET,Ryazansky_et_al_2018_Data_Set_S3,WP_090997603.1|414048|APAZ,ea0feebf796b130032cd455e52a281d56698245831cac7d9f02e3fe7391f27a8
WP_091126757.1,APAZ_d4ef5dd0430d4f0c,APAZ_d4ef5dd0430d4f0c,CALIBRATION,APAZ,IIb,LITERATURE_PHYLOGENETIC_SET,Ryazansky_et_al_2018_Data_Set_S3,WP_091126757.1|574651|APAZ,ebef3a489c41fc39ab278522b558bb3ff67468b826d34acdd862a8509ea8184e
WP_091133619.1,APAZ_d836a1454a6b4d51,APAZ_d836a1454a6b4d51,BUILD,APAZ,Ib,LITERATURE_PHYLOGENETIC_SET,Ryazansky_et_al_2018_Data_Set_S3,WP_091133619.1|549386|APAZ,5d7cccffc16ed5280e256942897e481611cb00e39daf0b5c624332eb85988de4
WP_091170676.1,APAZ_d092ff7a1b80bd83,APAZ_d092ff7a1b80bd83,BUILD,APAZ,Ia,LITERATURE_PHYLOGENETIC_SET,Ryazansky_et_al_2018_Data_Set_S3,WP_091170676.1|551996|APAZ|short,02b6c6b2d4552ff0e0749dff8fa8827077a49cf64880b1e3735e77a3106be3b8
WP_091379109.1,APAZ_7a635ee073aaaa72,APAZ_7a635ee073aaaa72,BUILD,APAZ,Ib,LITERATURE_PHYLOGENETIC_SET,Ryazansky_et_al_2018_Data_Set_S3,WP_091379109.1|1881103|APAZ,34e896ef2ff7617bf9281f8c630b1909e1dd496993b108dbf53f4a6fb7154b09
WP_091471579.1,APAZ_a59ce32be1f0accc,APAZ_a59ce32be1f0accc,FINAL_HOLDOUT,APAZ,Ib,LITERATURE_PHYLOGENETIC_SET,Ryazansky_et_al_2018_Data_Set_S3,WP_091471579.1|492660|APAZ,cf2abde1b0d44020ab8d2059b68e4fa8b2558beadbae64af5be4de6fbb5e2ce5
WP_091516911.1,APAZ_7986ecae651ee069,APAZ_7986ecae651ee069,BUILD,APAZ,IIb,LITERATURE_PHYLOGENETIC_SET,Ryazansky_et_al_2018_Data_Set_S3,WP_091516911.1|998|APAZ,03db6547792661d58b70be37eb7c0a1f5f494458489f79007436aea007299c6e
WP_091535647.1,APAZ_ff31ac661741d00f,APAZ_ff31ac661741d00f,FINAL_HOLDOUT,APAZ,IIa,LITERATURE_PHYLOGENETIC_SET,Ryazansky_et_al_2018_Data_Set_S3,WP_091535647.1|1780376|APAZ,d90a53bffe55fefa5f73c73c328b96372aa3731d995c40c0fc5481affa637586
WP_091639649.1,APAZ_3de1ca0ed097bf40,APAZ_3de1ca0ed097bf40,BUILD,APAZ,IIb,LITERATURE_PHYLOGENETIC_SET,Ryazansky_et_al_2018_Data_Set_S3,WP_091639649.1|145854|APAZ,a08b9b8a7304e1a48b4bc0a4cbd7da767f62cf9a3cbc341436c0006c385be7a4
WP_091781164.1,APAZ_c3aa9d8a43b3fa4b,APAZ_c3aa9d8a43b3fa4b,BUILD,APAZ,Ia,LITERATURE_PHYLOGENETIC_SET,Ryazansky_et_al_2018_Data_Set_S3,WP_091781164.1|1761778|APAZ|short,8a63096ec98c6d8860649047839a7f42e6217480f254ad916d845306bf0323cf
WP_091963790.1,APAZ_2daf7e4eca8f09a4,APAZ_2daf7e4eca8f09a4,BUILD,APAZ,IIa,LITERATURE_PHYLOGENETIC_SET,Ryazansky_et_al_2018_Data_Set_S3,WP_091963790.1|1761772|APAZ,b1114e93662cb5fed05ec1a72758af6dae3120e3782b92a3d4981f538e80aa34
WP_091963848.1,APAZ_79a97cf57af6eb56,APAZ_79a97cf57af6eb56,BUILD,APAZ,Ib,LITERATURE_PHYLOGENETIC_SET,Ryazansky_et_al_2018_Data_Set_S3,WP_091963848.1|1761772|APAZ,071fcd404e594ff58702a405cb9623d668fa8aa981aefb6655931d0489cf036e
WP_091979223.1,APAZ_5dafd88555c78e3a,APAZ_5dafd88555c78e3a,BUILD,APAZ,IIb,LITERATURE_PHYLOGENETIC_SET,Ryazansky_et_al_2018_Data_Set_S3,WP_091979223.1|1502776|APAZ,1a81238cc8ff81137e8edb0e20bc80d8849d77b70ea4e23ac7a50764e8c6708b
WP_092021235.1,APAZ_f1827985c8e1bb78,APAZ_f1827985c8e1bb78,BUILD,APAZ,IIb,LITERATURE_PHYLOGENETIC_SET,Ryazansky_et_al_2018_Data_Set_S3,WP_092021235.1|488535|APAZ,32a60f37a4e37f7452d025e2fbe7fa9ded74bc761a27e98a20c54986b8f04fba
WP_092033621.1,APAZ_3f3cb7d6f1d146c8,APAZ_3f3cb7d6f1d146c8,CALIBRATION,APAZ,Ia,LITERATURE_PHYLOGENETIC_SET,Ryazansky_et_al_2018_Data_Set_S3,WP_092033621.1|1855398|APAZ,6c865101fe9706dc835ea043c47405d5a6e485fbab3365e28ce9fe7f4519920c
WP_092048392.1,APAZ_3a12636fcafe1028,APAZ_3a12636fcafe1028,FINAL_HOLDOUT,APAZ,IIb,LITERATURE_PHYLOGENETIC_SET,Ryazansky_et_al_2018_Data_Set_S3,WP_092048392.1|1576369|APAZ,921f89d65b3e01f233b08dbfbb221c3f3960c039a765ed49d00ed8f5e8259b09
WP_092119516.1,APAZ_188cc84173fb3253,APAZ_188cc84173fb3253,BUILD,APAZ,Ia,LITERATURE_PHYLOGENETIC_SET,Ryazansky_et_al_2018_Data_Set_S3,WP_092119516.1|1855396|APAZ|short,45e6e8c52ca3978da0bb1aff7566bb139da9aa1d301e6b542cd393365abaa5e9
WP_092226358.1,APAZ_52883a29fb13d079,APAZ_52883a29fb13d079,BUILD,APAZ,IIb,LITERATURE_PHYLOGENETIC_SET,Ryazansky_et_al_2018_Data_Set_S3,WP_092226358.1|1855318|APAZ,a6d28d28cad953a9d35c33da11d6a3bd02b0cb9fc2ac83ef56734a9350e27c8b
WP_092282752.1,APAZ_a09eafed4ffb486f,APAZ_a09eafed4ffb486f,BUILD,APAZ,Ia,LITERATURE_PHYLOGENETIC_SET,Ryazansky_et_al_2018_Data_Set_S3,WP_092282752.1|937334|APAZ,8532bab39c503d516fdd82581a89d3989002e2ec76df52ab19ed6f4d9da44694
WP_092416776.1,APAZ_9f7e744fcb6df1d2,APAZ_9f7e744fcb6df1d2,BUILD,APAZ,IIa,LITERATURE_PHYLOGENETIC_SET,Ryazansky_et_al_2018_Data_Set_S3,WP_092416776.1|1801620|APAZ,760736deb1e70ce8250fbbdb739540deaab3786b9ec222720eefd273489a904e
WP_092459739.1,APAZ_451049c87404d703,APAZ_451049c87404d703,FINAL_HOLDOUT,APAZ,IIa,LITERATURE_PHYLOGENETIC_SET,Ryazansky_et_al_2018_Data_Set_S3,WP_092459739.1|1393122|APAZ,2e51f6dce2aec53d6c37ddc8aa643a598903db0b652cb5ecad641167dc5fc55c
WP_092637302.1,APAZ_1a6b7e7cbfb26f59,APAZ_1a6b7e7cbfb26f59,BUILD,APAZ,IIb,LITERATURE_PHYLOGENETIC_SET,Ryazansky_et_al_2018_Data_Set_S3,WP_092637302.1|1884352|APAZ,1d31b95fd9935d8ff9abb248b2665fce49e77078eb12c0993c912678bcb23faf
WP_092662301.1,APAZ_766e5a34c5bf5641,APAZ_766e5a34c5bf5641,FINAL_HOLDOUT,APAZ,III,LITERATURE_PHYLOGENETIC_SET,Ryazansky_et_al_2018_Data_Set_S3,WP_092662301.1|1367881|APAZ,a72496ff7d753aa29f7284267ea22c6cae61f7e9923adc42a07e1f6a6ac39062
WP_092684840.1,APAZ_f61fefc230ff9705,APAZ_f61fefc230ff9705,BUILD,APAZ,IIb,LITERATURE_PHYLOGENETIC_SET,Ryazansky_et_al_2018_Data_Set_S3,WP_092684840.1|1513892|APAZ,383752608530c14ad475a4183957e3b945ae53262d628aca63b694ba35d6e275
WP_092821445.1,APAZ_b47fcf9b0b299c69,APAZ_b47fcf9b0b299c69,BUILD,APAZ,Ib,LITERATURE_PHYLOGENETIC_SET,Ryazansky_et_al_2018_Data_Set_S3,WP_092821445.1|1380357|APAZ,1eb554cbd44345b85eac867f133472e844db3bfa23540084f043eff833f0200b
WP_092838821.1,APAZ_ced655826d05d825,APAZ_ced655826d05d825,BUILD,APAZ,IIa,LITERATURE_PHYLOGENETIC_SET,Ryazansky_et_al_2018_Data_Set_S3,WP_092838821.1|1005928|APAZ,19b9a1c3cfcd199ea421185634592936c03b9eed7568c72c7fcbb2cc3d47e887
WP_092910136.1,APAZ_eb1eb79c30c07e34,APAZ_eb1eb79c30c07e34,BUILD,APAZ,IIa,LITERATURE_PHYLOGENETIC_SET,Ryazansky_et_al_2018_Data_Set_S3,WP_092910136.1|1882830|APAZ,6ae6fc4d54c050a6317f839a74dd94f5306dfb3b7b9c712cbbc16e2262601cf2
WP_092996169.1,APAZ_5dafd88555c78e3a,APAZ_5dafd88555c78e3a,BUILD,APAZ,IIb,LITERATURE_PHYLOGENETIC_SET,Ryazansky_et_al_2018_Data_Set_S3,WP_092996169.1|1566262|APAZ,09b823cb6a29cb3a36170b5a8e9e9d82f7e66ee4eb3e7be6eed15ff1e2707442
WP_093039141.1,APAZ_79fc6de6ae88be0c,APAZ_79fc6de6ae88be0c,BUILD,APAZ,IIa,LITERATURE_PHYLOGENETIC_SET,Ryazansky_et_al_2018_Data_Set_S3,WP_093039141.1|1287727|APAZ,1ab6123b6b2d4258a9db0f7c409e4264f4217336c8e2831b65c07f456c80da62
WP_093081846.1,APAZ_0dda5c185ef54eb5,APAZ_0dda5c185ef54eb5,FINAL_HOLDOUT,APAZ,IIb,LITERATURE_PHYLOGENETIC_SET,Ryazansky_et_al_2018_Data_Set_S3,WP_093081846.1|1884369|APAZ,2725677b251a7d878fd80f114b6b8ef7033c16a948c3c11023582a01ff096d6d
WP_093153036.1,APAZ_b902a8d3985717f7,APAZ_b902a8d3985717f7,BUILD,APAZ,Ib,LITERATURE_PHYLOGENETIC_SET,Ryazansky_et_al_2018_Data_Set_S3,WP_093153036.1|420996|APAZ,d26277669527fcabc4496ef7eab94bd6826cbf2f0d17a57f257efae55843bec8
WP_093164034.1,APAZ_cbf1f1694380a2eb,APAZ_cbf1f1694380a2eb,BUILD,APAZ,Ib,LITERATURE_PHYLOGENETIC_SET,Ryazansky_et_al_2018_Data_Set_S3,WP_093164034.1|1882828|APAZ,339ae06ad1bca89408ecfa8cd4791a4cec01dc6138f972bb32533ce52803f663
WP_093280827.1,APAZ_c4f1c3d629cd6ce9,APAZ_c4f1c3d629cd6ce9,FINAL_HOLDOUT,APAZ,IIa,LITERATURE_PHYLOGENETIC_SET,Ryazansky_et_al_2018_Data_Set_S3,WP_093280827.1|489703|APAZ,1f3426a6d61762cf2728a1a83556e44e28994faa874e22d5231ea8af9a8556b2
WP_093307966.1,APAZ_73d3fb549daac257,APAZ_73d3fb549daac257,BUILD,APAZ,Ib,LITERATURE_PHYLOGENETIC_SET,Ryazansky_et_al_2018_Data_Set_S3,WP_093307966.1|34072|APAZ,1aaca866dc9941d5a9a2223f0d7fb0ba0a02e1f84762f6787d3053b0cf0b34cf
WP_093590751.1,APAZ_1d211f79e4bcf5f2,APAZ_1d211f79e4bcf5f2,BUILD,APAZ,IIb,LITERATURE_PHYLOGENETIC_SET,Ryazansky_et_al_2018_Data_Set_S3,WP_093590751.1|235987|APAZ,a6b35e754c2a24ee3fe8599fb5493b623f0d57a72d2e8765464fad96b3abc1ad
WP_093736217.1,APAZ_c3199f78ae11483d,APAZ_c3199f78ae11483d,BUILD,APAZ,IIb,LITERATURE_PHYLOGENETIC_SET,Ryazansky_et_al_2018_Data_Set_S3,WP_093736217.1|1839759|APAZ,982bcc1a2b51f96c1aea13658224325b0040a0cff366fd92f8640eaa312b9392
WP_093896586.1,APAZ_195719774490a832,APAZ_195719774490a832,BUILD,APAZ,IIb,LITERATURE_PHYLOGENETIC_SET,Ryazansky_et_al_2018_Data_Set_S3,WP_093896586.1|1839774|APAZ,f0e1f0d41041be3218048f638e7dd3b311ad46fc14b968a08ab1f68522ab10ff
WP_093992232.1,APAZ_4b94c993a749163c,APAZ_4b94c993a749163c,BUILD,APAZ,IIb,LITERATURE_PHYLOGENETIC_SET,Ryazansky_et_al_2018_Data_Set_S3,WP_093992232.1|1819565|APAZ,f0ec94c10abae8ddd29ec415468c1cd710fa25230b702e39024b7c4ec9cf4f40
WP_094291737.1,APAZ_e497099851a35144,APAZ_e497099851a35144,CALIBRATION,APAZ,IIa,LITERATURE_PHYLOGENETIC_SET,Ryazansky_et_al_2018_Data_Set_S3,WP_094291737.1|2004485|APAZ,511306dfe19da874353135b6550223649df56f457d798ae866ba4ee184db2fa1
WP_094530879.1,APAZ_f1fbd1ce5da0d69e,APAZ_f1fbd1ce5da0d69e,FINAL_HOLDOUT,APAZ,IIb,LITERATURE_PHYLOGENETIC_SET,Ryazansky_et_al_2018_Data_Set_S3,WP_094530879.1|1980935|APAZ,11b4307212f6167839b6189b28a3fd0ea60401d916a4e1ee5b0fb09a70cb64ba
WP_095387429.1,APAZ_3070660e664cc5c1,APAZ_3070660e664cc5c1,CALIBRATION,APAZ,IIb,LITERATURE_PHYLOGENETIC_SET,Ryazansky_et_al_2018_Data_Set_S3,WP_095387429.1|2012632|APAZ,0b9531c9364f01b85e3b854be74209a9b87a79a5e412a799e647d68d3e0dd7ec
WP_095447452.1,APAZ_fa2c37fbafe41982,APAZ_fa2c37fbafe41982,CALIBRATION,APAZ,IIa,LITERATURE_PHYLOGENETIC_SET,Ryazansky_et_al_2018_Data_Set_S3,WP_095447452.1|271865|APAZ,ffb4b2a80543897f3efaaf19431c0691a019b396fd9952ac2cc0a5557fa5e783
WP_095565911.1,APAZ_08243eb14c9d4b63,APAZ_08243eb14c9d4b63,BUILD,APAZ,IIb,LITERATURE_PHYLOGENETIC_SET,Ryazansky_et_al_2018_Data_Set_S3,WP_095565911.1|2024580|APAZ,77b1828626e5f7c9591fc28324aa1fe9bff99aeeced492cab587917776e31637
WP_095589297.1,APAZ_d4c897656cd3194d,APAZ_d4c897656cd3194d,BUILD,APAZ,IIb,LITERATURE_PHYLOGENETIC_SET,Ryazansky_et_al_2018_Data_Set_S3,WP_095589297.1|1590614|APAZ,5dc3b577389244ff306d37be039f233c79f157e3a6ac1bce001e1e6563568cc0
WP_095840540.1,APAZ_e3ca0715a5095ce7,APAZ_e3ca0715a5095ce7,BUILD,APAZ,IIb,LITERATURE_PHYLOGENETIC_SET,Ryazansky_et_al_2018_Data_Set_S3,WP_095840540.1|2033437|APAZ,65a01606af1b4ac51f48c25edadc0e9f4ec2200409a4c997b0402cae123dd534
WP_096391761.1,APAZ_57ac1a432b9cadef,APAZ_57ac1a432b9cadef,BUILD,APAZ,III,LITERATURE_PHYLOGENETIC_SET,Ryazansky_et_al_2018_Data_Set_S3,WP_096391761.1|1048396|APAZ,ee5f0a6758fca030a154355ac53470db1b6f96c33a058afe039060b71324e8ac
WP_096462202.1,APAZ_97f54e360ed01d0f,APAZ_97f54e360ed01d0f,BUILD,APAZ,Ib,LITERATURE_PHYLOGENETIC_SET,Ryazansky_et_al_2018_Data_Set_S3,WP_096462202.1|1675686|APAZ,79ca7f408f49690cdd6dbe7e73ce8c02722a7f97e6e5e312e32e5389535aa6b2
WP_096483475.1,APAZ_6b2047fcf1f92093,APAZ_6b2047fcf1f92093,FINAL_HOLDOUT,APAZ,IIb,LITERATURE_PHYLOGENETIC_SET,Ryazansky_et_al_2018_Data_Set_S3,WP_096483475.1|223967|APAZ,b0c4b017c63486c812fbbeaf56af3217a472e0ffe39f99c2774d304bcf61eb49
WP_096614338.1,APAZ_c2ff23ecbc26042a,APAZ_c2ff23ecbc26042a,BUILD,APAZ,IIb,LITERATURE_PHYLOGENETIC_SET,Ryazansky_et_al_2018_Data_Set_S3,WP_096614338.1|862134|APAZ,59c66707263b7a2c32f11048fdcb5500a5244dea744d6bcfb98678829b270a94
WP_096683443.1,APAZ_35a32d17b158ac6e,APAZ_35a32d17b158ac6e,BUILD,APAZ,IIa,LITERATURE_PHYLOGENETIC_SET,Ryazansky_et_al_2018_Data_Set_S3,WP_096683443.1|1973475|APAZ,337d17754e889b53018bebe404d11ee1f0c898bb88267b7b379d060130de8d89
WP_097031611.1,APAZ_62f2ddc24bba50c9,APAZ_62f2ddc24bba50c9,BUILD,APAZ,Ib,LITERATURE_PHYLOGENETIC_SET,Ryazansky_et_al_2018_Data_Set_S3,WP_097031611.1|439529|APAZ,449dba180722bbfe9f11fab1e6db0528221a8ea3c465515f1a41bef4f313565d
WP_097082796.1,APAZ_ced655826d05d825,APAZ_ced655826d05d825,BUILD,APAZ,IIa,LITERATURE_PHYLOGENETIC_SET,Ryazansky_et_al_2018_Data_Set_S3,WP_097082796.1|570013|APAZ,6f7ed85ced33a2ffb29a5cb83429d6de97bde0ebd31c3d6b3b1c280f850438b1
WP_097200709.1,APAZ_785b0a273c9a636d,APAZ_785b0a273c9a636d,CALIBRATION,APAZ,Ia,LITERATURE_PHYLOGENETIC_SET,Ryazansky_et_al_2018_Data_Set_S3,WP_097200709.1|1884383|APAZ|short,41b3e2562e62c4ecf1874fd8f230aea0b8fc2051a8f9b98ff008798f74300e36
WP_097544714.1,APAZ_debeb64fe92ed01f,APAZ_debeb64fe92ed01f,BUILD,APAZ,IIa,LITERATURE_PHYLOGENETIC_SET,Ryazansky_et_al_2018_Data_Set_S3,WP_097544714.1|1184720|APAZ,3545a265fef8df443ce0ff5efa86a0f4a916833723171c53252dbb70f39a7703
WP_097613865.1,APAZ_b3b72de5c3b1e8e2,APAZ_b3b72de5c3b1e8e2,CALIBRATION,APAZ,Ia,LITERATURE_PHYLOGENETIC_SET,Ryazansky_et_al_2018_Data_Set_S3,WP_097613865.1|2035448|APAZ|short,55ca83247cefc7b38895595e5c5125a7c633262199e300b8eec01d1d32c29cfe
WP_097674963.1,APAZ_2bc70b590092d104,APAZ_2bc70b590092d104,FINAL_HOLDOUT,APAZ,Ib,LITERATURE_PHYLOGENETIC_SET,Ryazansky_et_al_2018_Data_Set_S3,WP_097674963.1|142585|APAZ,bcf6f4d111d3e1a51a625a05ed5f9b760bdb5a1a5b71df7658493f60fe9da214
WP_098063474.1,APAZ_8f275c1301f730d1,APAZ_8f275c1301f730d1,BUILD,APAZ,Ia,LITERATURE_PHYLOGENETIC_SET,Ryazansky_et_al_2018_Data_Set_S3,WP_098063474.1|1469170|APAZ|short,a074160293718efaa763ccddb382131cd5dd83047d57172011ea5ce55fc66168
WP_098195162.1,APAZ_3a4db5c2ab9d41d3,APAZ_3a4db5c2ab9d41d3,BUILD,APAZ,IIa,LITERATURE_PHYLOGENETIC_SET,Ryazansky_et_al_2018_Data_Set_S3,WP_098195162.1|2029983|APAZ,f6fcd1575143e4fed49b08768b9571b90a3f9fd0756f9379659287fff7f619ba
WP_098195322.1,APAZ_dc0d8bbc0562dac7,APAZ_dc0d8bbc0562dac7,CALIBRATION,APAZ,Ia,LITERATURE_PHYLOGENETIC_SET,Ryazansky_et_al_2018_Data_Set_S3,WP_098195322.1|2029983|APAZ|short,4fa50da9113428586262993b76bb6bdedbb6e15a26d3f03f0be9b98f4581b23f
WP_099076851.1,APAZ_0922e1b12411f3da,APAZ_0922e1b12411f3da,BUILD,APAZ,IIb,LITERATURE_PHYLOGENETIC_SET,Ryazansky_et_al_2018_Data_Set_S3,WP_099076851.1|92942|APAZ,39fd186035d49e058951b58f3bdb45d1ca26de616f0777cd23f08d5af0c348f9
WP_099104184.1,APAZ_d2fef551989eba2f,APAZ_d2fef551989eba2f,BUILD,APAZ,IIb,LITERATURE_PHYLOGENETIC_SET,Ryazansky_et_al_2018_Data_Set_S3,WP_099104184.1|1206980|APAZ,d053c2c6520471261ab17b676603226db71911ad377590dd503d65a927863010
WP_099463422.1,APAZ_93c59c2c6d6b54e2,APAZ_93c59c2c6d6b54e2,CALIBRATION,APAZ,Ia,LITERATURE_PHYLOGENETIC_SET,Ryazansky_et_al_2018_Data_Set_S3,WP_099463422.1|1944636|APAZ|short,7e8b76c57152612a12ef97790e58f4340ffc66364235f144fcc847218c60609f
WP_099463435.1,APAZ_fc57f3f9334b4211,APAZ_fc57f3f9334b4211,BUILD,APAZ,Ia,LITERATURE_PHYLOGENETIC_SET,Ryazansky_et_al_2018_Data_Set_S3,WP_099463435.1|1944636|APAZ,a8a2cf5c6606f73cc385ff9afc152fe39b488ab89e84a319d2e7257d9505a396
WP_099503355.1,APAZ_83fc5ee0654f5337,APAZ_83fc5ee0654f5337,BUILD,APAZ,IIb,LITERATURE_PHYLOGENETIC_SET,Ryazansky_et_al_2018_Data_Set_S3,WP_099503355.1|69665|APAZ,9f4271ed26b28073c514f3398a3e0a428ac59a9c1ff54cbc26c13d1d71b7ab0b
WP_099588558.1,APAZ_8e436a15f85c12c9,APAZ_8e436a15f85c12c9,CALIBRATION,APAZ,Ib,LITERATURE_PHYLOGENETIC_SET,Ryazansky_et_al_2018_Data_Set_S3,WP_099588558.1|40324|APAZ,aecd7ae16a345078c4fb3a7653932290530d3335190bfec64e754d934aabf6e0
WP_099746952.1,APAZ_31c982f34c71d794,APAZ_31c982f34c71d794,BUILD,APAZ,IIb,LITERATURE_PHYLOGENETIC_SET,Ryazansky_et_al_2018_Data_Set_S3,WP_099746952.1|48296|APAZ,3169f9b550ea3fea4279075cfa0b25febca57f493306c7c7b977831523c3857d
WP_100085051.1,APAZ_202ec3954bb34ee3,APAZ_202ec3954bb34ee3,BUILD,APAZ,Ia,LITERATURE_PHYLOGENETIC_SET,Ryazansky_et_al_2018_Data_Set_S3,WP_100085051.1|152480|APAZ|short,a2a68929a3f01ecbfdb8d9cc91c7f306d63e3c1f0180aa9d592c589e99cc073e
WP_100221482.1,APAZ_bce2a944fd1e948c,APAZ_bce2a944fd1e948c,BUILD,APAZ,Ib,LITERATURE_PHYLOGENETIC_SET,Ryazansky_et_al_2018_Data_Set_S3,WP_100221482.1|80842|APAZ,e7d035030377d1ad94de90e8d11c7204195058f62d86ec4eaf596bc7cbe26d26
WP_100239905.1,APAZ_6be70add690d44f9,APAZ_6be70add690d44f9,BUILD,APAZ,IIa,LITERATURE_PHYLOGENETIC_SET,Ryazansky_et_al_2018_Data_Set_S3,WP_100239905.1|1983755|APAZ,12ca3137c76d308c2868652825737c09b5b2ea8d88d373be6238004bb8fcde43
WP_100788469.1,APAZ_ca51c64016b230a0,APAZ_ca51c64016b230a0,BUILD,APAZ,Ia,LITERATURE_PHYLOGENETIC_SET,Ryazansky_et_al_2018_Data_Set_S3,WP_100788469.1|817|APAZ|short,194f259258f135c31dfc7ee0978d70dd5cb95e83c452cf845bf505e428e5fead
WP_100991967.1,APAZ_d89211ecd3028c3b,APAZ_d89211ecd3028c3b,BUILD,APAZ,Ia,LITERATURE_PHYLOGENETIC_SET,Ryazansky_et_al_2018_Data_Set_S3,WP_100991967.1|2057025|APAZ|short,d351606665d5f6a04a25bbfac097db487eea41ebf30961ffb52eb3dd97bac904
WP_101237571.1,APAZ_616fdf5062b41ae8,APAZ_616fdf5062b41ae8,BUILD,APAZ,Ia,LITERATURE_PHYLOGENETIC_SET,Ryazansky_et_al_2018_Data_Set_S3,WP_101237571.1|1776741|APAZ|short,34054d56f931dcfe13a7af9f9e9110058e5bcec01a1dda4f87dfc03edb742f90
WP_101603479.1,APAZ_4c6ad8001917bb0d,APAZ_4c6ad8001917bb0d,CALIBRATION,APAZ,Ia,LITERATURE_PHYLOGENETIC_SET,Ryazansky_et_al_2018_Data_Set_S3,WP_101603479.1|817|APAZ|short,3d04ea378bd96400b95569e7eae83a794b2974f4d3a0bca50a43f061ae740148
WP_101944482.1,APAZ_71ec2ac62af685fa,APAZ_71ec2ac62af685fa,CALIBRATION,APAZ,Ib,LITERATURE_PHYLOGENETIC_SET,Ryazansky_et_al_2018_Data_Set_S3,WP_101944482.1|2067453|APAZ,a6f4459846296b0399fd319bde1b6beb156096a84858a9d5c39e54944f35ab26
WP_102073885.1,APAZ_5396cea7a74a8afb,APAZ_5396cea7a74a8afb,BUILD,APAZ,Ib,LITERATURE_PHYLOGENETIC_SET,Ryazansky_et_al_2018_Data_Set_S3,WP_102073885.1|2045210|APAZ,c301d8ecfe93c23f8f4f71e08e111900e9ed11d95e85fa14c3366cd830887bf1
WP_102206007.1,APAZ_5d4fcb52476e3779,APAZ_5d4fcb52476e3779,BUILD,APAZ,IIb,LITERATURE_PHYLOGENETIC_SET,Ryazansky_et_al_2018_Data_Set_S3,WP_102206007.1|372787|APAZ,20dd34668e5f9f98412ba159c237052855da73a8ce1aceca0cb730b2d0b97e5a
