1000250755
1000266463
1000285434
1000285973
1000287044
1000371080
1000882329
1000882353
1000934900
1001028003
1001054313
1001634786
1001684236
1001694200
1001745704
1001762796
1001807913
1001837967
1001936137
1001936197
1001956125
1002149093
1002407130
1002407978
1002419327
1002563630
1002987837
1003387037
1003724374
1003724413
1003994022
1004070553
1004083286
1004157046
1004338067
1004354944
1004355913
1004361512
1004722193
1004811350
1004817917
1004905056
1005565155
1005573379
1005581114
1005588910
1005593964
1005600232
1005602506
1005661865
1005818828
1005889958
1005895715
1008866098
1008988315
1008988344
1010975777
1010978727
1011000185
1011042583
1011042585
1011042586
1011085900
1011134092
1011151095
1011208851
1011218915
1011218918
1011287442
1011336299
1011381683
1011382547
1011382548
1011382549
1011382550
1011390867
1011440191
1011440193
1011444738
1011469281
1011526407
1011528476
1011528528
1011528529
1011528530
1011529650
1011543564
1011629884
1011636904
1011702707
1011703389
1011767369
1011772968
1011797236
1011800213
1011816672
1011824912
1011828867
1011828869
1011828871
1011830040
1011836600
1011842411
1011843752
1011895380
1011947530
1011963326
1011963392
1011977634
1011977640
1011980485
1012011648
1012020825
1012056709
1012444312
1012444314
1012762542
1012894093
1012894262
1015408786
1015411203
1015442432
1015450361
1015453306
1015860674
1015860675
1015860676
1016077006
1016081075
1016098039
1016098484
1016100179
1016292888
1016327853
1016332365
1016428198
1016462063
1016785375
1016874197
1016940517
1017232645
1018803196
1018803197
1019450375
1020044619
1020083130
1020110882
1020137275
1020140940
1020141081
1020290739
1020680020
1020687029
1020694424
1021272719
1021278160
1021334630
1021335029
1021337153
1021338798
1021338799
1022057636
1022636957
1022658641
1023047944
1023219256
1023914122
1024409181
1024527010
1024551929
1024741358
1024841164
1024873130
1024901048
1024901084
1024912764
1024914624
1025750269
1025893555
1026837945
1026857620
1027664363
1027742491
1027763442
1027763682
1027844129
1027846297
1027877489
1027892910
1027900024
1027913077
1027913570
1028061096
1028135507
1028227800
1028382531
1028387704
1028397534
1028428433
1028818813
1028864219
1028925150
1029200929
1030036824
1030077643
1030121191
1030800703
1030841883
1031110237
1031131577
1031511003
1031867946
1031960164
1032100538
1032263617
1032269365
1032590325
1032617083
1033025440
1033101366
1033134506
1033140406
1033140407
1033143454
1033154686
1033165448
1033168506
1033170827
1033680214
1033854261
1034516625
1034525548
1035690896
1035690897
1035690898
1035692865
1035692867
1035694925
1035695619
1035747953
1035816962
1035867679
1036096084
1036234175
1036235107
1036237799
1036245751
1037236365
1037253941
1037259996
1037266130
1037272302
1037283096
1037284279
1037309391
1037381251
1037414373
1037420548
1037451223
1037546675
1037988091
1039099108
1039220493
1039251778
1039425491
1039438419
1039465339
1039486580
1039496142
1039499238
1039500588
1039501149
1039527244
1039538239
1039553151
1039556173
1039573669
1039601712
1039623986
1039673124
1039820141
1039936185
1039940221
1039952220
1039998087
1039998421
1040494350
1040886679
1041527650
1041573273
1041573305
1041858469
1041858501
1041867207
1041867231
1042018029
1042063158
1042247961
1042794284
1043036313
1043359505
1043491887
1045278548
1045331409
1045374231
1045411190
1045417938
1045497661
1045504002
1045584679
1046103470
1046147997
1046174720
1046183054
1046556075
1046556981
1046566917
1046591233
1046682788
1047318854
1047327660
1047377252
1047434593
1048092446
1048123474
1048175954
1048213002
1048347779
1048347780
1049310842
1049311456
1049631850
1049735458
1049735479
1050292589
1051600927
1051611532
1051611534
1051874055
1052158933
1052406863
1052496485
1052520558
1052712047
1052766105
1052780267
1052920783
1053152733
1053152741
1053152743
1053210011
1053231499
1053282392
1053284155
1054085216
1054085225
1054314779
1054320121
1054428089
1054528568
1054532910
1054543641
1054562931
1054661023
1054732123
1054749865
1054785551
1054801064
1054876585
1055000440
1055048702
1055118322
1055137310
1055137316
1055151021
1055201935
1055272356
1055279199
1055284219
1055291354
1055312736
1055314017
1055321859
1055321862
1055364103
1055370146
1055413390
1055413393
1055413396
1055416756
1055419800
1055460414
1055488241
1055503126
1055519911
1055524559
1055570570
1055606701
1055608699
1055608702
1055608704
1055623390
1055632037
1055688485
1055706646
1055732468
1055797992
1055823487
1055823490
1055823493
1055864821
1055883354
1055942395
1055948989
1055952495
1055969365
1055974605
1055980103
1055994267
1056028724
1056058068
1056059240
1056066190
1056066193
1056118436
1056124721
1056150585
1056186267
1056231986
1056266265
1056304949
1056304953
1056304956
1056323978
1056323980
1056325347
1056333667
1056390329
1056397764
1056406769
1056444801
1056465508
1056513288
1056536993
1056544849
1056567482
1056569180
1056580627
1056591810
1056592370
1056666804
1056693002
1056707018
1056708682
1056720972
1056790709
1056802045
1056824750
1056891690
1056944357
1057045905
1057045909
1057065492
1057086941
1057098392
1057152077
1057216222
1057226683
1057266206
1057324424
1057324426
1057324428
1057423084
1057521377
1057553882
1057596903
1057708895
1058375479
1059459649
1059581998
1059920233
1059942520
1061025095
1061125571
1061355317
1061579184
1061805221
1061954650
1061960256
1061961589
1061970410
1061970412
1062532290
1062532400
1062536101
1062550429
1063531014
1063566675
1063650428
1063799133
1063829399
1063905056
1063905587
1063906392
1063973828
1063997415
1064009783
1064048854
1064060208
1064074510
1064081371
1064125457
1064136279
1064141047
1064170049
1064198398
1064242090
1064255287
1067171975
1067191487
1067218190
1068584782
1068625167
1068630813
1069148705
1069446622
1069446951
1069493756
1069756569
1069774768
1070081666
1070081668
1070094593
1070421143
1070505525
1070912347
1071003467
1071003468
1071003469
1071404607
1071420815
1071435828
1071450090
1071450093
1071463902
1071463903
1071987770
1072012926
1072013454
1072014496
1072027971
1072840073
1072872635
1072878888
1072880214
1073517368
1073520005
1073558852
1073600132
1073610199
1073610200
1073610201
1073955770
1073963148
1078005466
1078005470
1078672491
1079269487
1079338292
1079346120
1079416951
1079441317
1079456725
1079458437
1079471210
1079611325
1079613484
1079683305
1079834232
1079875922
1080704117
1080720133
1080780646
1080858733
1080957507
1081460493
1081537164
1081637675
1082370858
1082371032
1082378276
1082403660
1082427259
1082436298
1082444927
1082452723
1082464992
1082466402
1082475887
1082485644
1082490100
1082490384
1082498242
1082513332
1082516017
1082540173
1082546978
1082556806
1082561280
1082568757
1082593112
1082765175
1082956904
1083615712
1083941582
1084274704
1084307934
1084327438
1084327439
1084330604
1084549965
1084598382
1084988422
1085254627
1085386215
1085464100
1085484125
1085833360
1085945279
1086162481
1086192285
1086221912
1086698620
1086702988
1086755713
1086861279
1086944696
1087002879
1087052475
1087427403
1087443670
1087461631
1087523544
1087684043
1087881776
1087886682
1087915727
1088093774
1088094280
1088271329
1088273403
1088312083
1088448565
1088452410
1088697170
1088880762
1088906374
1088929463
1088935641
1088949196
1088956788
1089013754
1089022432
1089285769
1089328288
1089333193
1089336408
1089419894
1089479888
1089587253
1090751041
1090763917
1090781947
1090828280
1090972621
1091009767
1091388414
1092008122
1092009201
1092017320
1092019915
1092026777
1092027704
1092036011
1092042454
1092051568
1092061521
1092073122
1092077109
1092083087
1092094001
1092095658
1092098584
1092106151
1092115148
1092116152
1092128990
1092132686
1092247516
1092347702
1092360312
1092490247
1092498315
1092509079
1092543490
1092692497
1092740079
1092743324
1092790866
1092806973
1092851492
1092869747
1092869748
1092882215
1092901903
1092919262
1093663273
1093685143
1093723501
1093734469
1094041483
1094058891
1094059978
1094077553
1094077982
1094091472
1094094557
1094106679
1094110115
1094123829
1094126902
1094131524
1094131525
1094131526
1094157001
1094321251
1094368936
1094407860
1094436535
1094549190
1094560807
1094575736
1094623880
1094651488
1094658791
1094794535
1094804440
1094820433
1094855049
1094912905
1094913492
1094931418
1094941045
1095029690
1095034348
1095158577
1095256390
1095341070
1095596232
1096253993
1096253994
1096253995
1097106454
1097131373
1097262767
1097283274
1097346583
1097419203
1097420985
1097444263
1097508647
1097567729
1097577840
1097619463
1097644270
1097722648
1097726805
1097738497
1097778422
1097829207
1097848101
1097848396
1097903287
1097906496
1098099081
1098130906
1098138900
1098209253
1098286221
1098553906
1098560660
1098701105
1098701106
1098701830
1099081401
1099412605
1099432502
1099432506
1099534827
1099560524
1099564239
1099568111
1099802670
1099974562
1099998097
1100012818
1100022561
1100204413
1100225107
1100236490
1100236491
1100587979
1100588116
1100594496
1100714252
1100900732
1100946001
1101002142
1101214423
1101222806
1101223665
1101264324
1101264820
1101987191
1101995644
1101997599
1102007973
1102021047
1102027458
1102036155
1102073433
110282011
1102957452
1103005633
1103005634
1103005635
1103300452
1103309579
1103713747
1103715628
1103717473
1103734265
1104040297
1104379045
1104382661
1104388509
1104392408
1104396291
1104398733
1104403271
1104404624
1104409073
1104410503
1104417238
1104422342
1104433829
1104456284
1104833760
1104834435
1105247705
1105531651
1106033598
1108514714
1108550830
1108655855
1109351592
1109357643
1109372430
1109605316
1109675139
1109690592
1109773298
1109815820
1109927991
1110038839
1110100428
1110110173
1110117628
1110162832
1110197964
1110240544
1110243911
1110270195
1110270196
1110309072
1110337433
1110386802
1110438547
1110564099
1110691670
1110731890
1110744928
1110755328
1110848567
1110850322
1111599506
1111826728
1113182392
1113211966
1113251654
1113269879
1113289487
1113327509
1113334358
1113335360
1113347819
1113398728
1113411761
1113412075
1113438779
1113466266
1113612196
1113616658
1113628193
1113639222
1113990763
1113999884
1114631414
1115249845
1115250359
1115252885
1115607743
1115770484
1116079721
1116456994
1119018376
1119068745
1119162245
1119325917
1119341948
1119342199
1119360102
1119397150
1119416473
1119609124
1119618466
1119631728
1119632790
1119633941
1119639203
1119672320
1119678953
1119696048
1119712057
1119773573
1119784549
1119872223
1119877391
1119906249
1119989857
1120006036
1120010903
1120104316
1120114787
1120117589
1120141463
1120165939
1120199580
1120226812
1120232739
1120232966
1120241763
1120252164
1120266641
1120279342
1120306521
1120308248
1120316361
1120334861
1120353457
1120379894
1120385703
1120425336
1120428463
1120455723
1120471145
1120504981
1120552082
1120625035
1120626452
1120644019
1120824589
1120927696
1120929870
1120983212
1121049977
1121114513
1121189785
1121203418
1121231636
1121231811
1121246202
1121283946
1121283947
1121283948
1121453175
1121461969
1121491754
1121516639
1121530321
1121536742
1121540932
1121542032
1121545083
1121545662
1121549017
1121555332
1121574435
1121574436
1121577188
1121583202
1121610960
1121610961
1121610962
1121645852
1121645853
1121668286
1121680572
1121685682
1121714241
1121714259
1121718217
1121743282
1121743283
1121743284
1121755676
1121987252
1121988759
1122270255
1122273225
1122273226
1122273227
1122347573
1122372798
1122575340
1122575458
1122624464
1122624466
1122639820
1122656667
1122823275
1122823279
1123617727
1123617729
1124175902
1124175906
1124182314
1124198412
1124216387
1124216388
1124216389
1124256210
1124267816
1124298451
1124301688
1124327112
1124327823
1124334551
1124346226
1124360191
1124382761
1124408906
1124409503
1124409718
1124417591
1124424665
1124437823
1124443625
1124443626
1124443627
1124505667
1124509197
1124574542
1124642741
1124666376
1124718153
1124727953
1124768075
1124793036
1124910230
1124983018
1125021206
1125443782
1125487945
1125503853
1125531215
1125554691
1125733254
1125735025
1125753871
1125760917
1125835362
1125835363
1125839063
1126550649
1126550650
1126824215
1126835171
1128103682
1128913048
1128917120
1129033150
1129069787
1129072238
1129128948
1129131698
1129378985
1129887047
1129889314
1130428159
1130429991
1130432251
1130462109
1130468195
1130598462
1130599969
1130607532
1130684387
1130891027
1130896597
1130907457
1130954786
1130973762
1130974683
1130974685
1130974687
1130974820
1131020676
1131034154
1131041379
1131812553
1131838807
1131930724
1131988521
1132091562
1132159581
1132223914
1132238370
1132243020
1132308351
1132613890
1132616617
1133065968
1133088233
1133104109
1133109157
1133505051
1133505052
1133505053
1133683427
1133705558
1133735084
1133735086
1133735088
1133759266
1133759269
1133804126
1133814813
1133820544
1133837822
1133865022
1133905879
1133932855
1133935381
1133935808
1133935809
1133935811
1133936033
1133936544
1133936545
1133938292
1133999525
1134152805
1134153072
1134283576
1134351310
1134358783
1134510311
1134512456
1134526160
1134961106
1134997343
1135559294
1137431008
1137572252
1137802547
1137851583
1137880836
1137918930
1137959132
1138181970
1139932440
1140111316
1140761785
1140764397
1140796681
1140797882
1140819228
1140822525
1140845206
1140849231
1140865403
1140926821
1140935196
1140970198
1140975623
1141052266
1141103459
1141128748
1141231353
1141272213
1141273406
1141275590
1141435968
1141438430
1142738288
1142738289
1142757815
1142758116
1142758117
1142758118
1142779820
1142790509
1142791224
1143104058
1143114882
1143115010
1143211700
1143211703
1143309890
1143320474
1143352253
114552318
1145630339
1146070138
1146070158
1147223828
1147260726
1147437077
1148345037
1148544172
1148544193
1148563293
1148607347
1148635534
1148756904
1148771473
1148796153
1148843130
1149083093
1149171219
1149188560
1149329808
1149438501
1149441265
1149444796
1149453595
1149456918
1149461115
1149481559
1149490173
1149494140
1149901568
1149930198
1149930199
1149930200
1149932096
1149994914
1149994917
1149996687
1150198510
1150198511
1150201405
1150391941
1150412554
1150770464
1150795917
1150847164
1150852111
1150861286
1151250219
1151250220
1151250221
1151350154
1151908910
1152018376
1152018378
1152103917
1152187925
1152226911
1152227748
1152236213
1152236598
1152238325
1152242559
1152285227
1152288519
1152291385
1152295495
1152300482
1152303443
1152322489
1152353540
1152358304
1152466351
1152501355
1152505830
1152520897
1152624676
1153664445
1153731734
1153733310
1153863535
1153863805
1153865042
1153865615
1153880825
1153903551
1153954702
1154070051
1154092367
1154102294
1154220016
1154244782
1154454778
1154493014
1154774395
1154886029
1154907746
1154908820
1154978366
1155018960
1155058920
1155118933
1155118935
1155119282
1155130360
1155284498
1155414604
1155605233
1155619254
1155634774
1155789538
1155807841
1155877019
1156062078
1156185102
1158067584
1158117086
1158461419
1158506893
1158549376
1158555561
1158732857
1158957920
1158957921
1158978831
1158995046
1159038406
1159259322
1159273002
1159327684
1159329094
1159329095
1159329096
1159736957
1159785193
1159785201
1159827928
1160082043
1160082680
1160082873
1160083772
1160318126
1160333608
1160379219
1160384307
1160606541
1160747249
1160776358
1160815865
1160834269
1160834270
1160834271
1160839076
1160839724
1160887355
1160916026
1160917890
1160954186
1166626608
1166715115
116698975
1167045308
1167170766
1167261098
1167288006
1167343252
1167484153
1167609267
1167622807
1167622809
1167827762
1167996905
1167996906
1168828117
1169105686
1169124830
1169186299
1169637964
1172217496
1172311830
1172316898
1172324335
1172425811
1172431071
1172431073
1172431660
1172434238
1172434520
1172435433
1172451725
1172466430
1172509246
1172522122
1172544731
1172572764
1172826972
1172830944
1172907995
1172962695
1172971496
1173016692
1173284907
1173286328
1173289028
1173305826
1173363657
1173497157
1173574818
1173720467
1173738565
1174090668
1174171577
1174821471
1174825360
1174838574
1174926307
1174947514
1174991706
1175085899
1175164838
1175178985
1175186881
1175192714
1175307732
1175344914
1175411563
1175549316
1175913313
1175934884
1175949041
1175966131
117614620
1176152020
1176238452
1176379161
1176394569
1176398423
1176531087
1176539654
1176589171
1176696087
1176698382
1176742240
1176761117
1176781802
1176863069
1177553268
1177573078
1177575743
1177579899
1177644171
1177652052
1177683998
1177726747
1177729460
1177730289
1177801830
1178039503
1178163035
1178178628
1178413123
1178414077
1178458099
1178459821
1178769995
1179017133
1179683787
1179943275
1180010458
1180070607
1180073092
1180086642
1180093782
1180096283
1180204898
1180264509
1180268097
1180315114
1180323620
1180435461
1180482758
1180520809
1180543592
1180578057
1180620446
1180637799
1180691579
1180730956
1180752219
1180756045
1180800229
1180843505
1180919175
1180988313
1181005553
1181245324
1181251226
1181302096
1181345981
118137724
118137725
118137728
118137729
1181452562
1181455450
1181479008
1181479010
1181479012
1181743194
1181746704
1181761111
1182994455
1183551385
1183554969
1183589585
1183600201
1183674225
1183674227
1183674230
1183741316
1183741318
1183783165
1183815395
1183816361
1183820244
1183839146
1184393678
1184555816
1184582712
1184591168
1184595068
1184648557
1184648558
1184716729
1184761152
1184763567
1184768928
1185403086
1185411646
1185426819
1185427389
1185437564
1186138013
1186146456
1186151632
1186277240
1186280567
1186331423
1186352568
1186358879
1186403166
1186409332
1186615202
1186705874
1187477794
1187482564
1187697289
1187996855
1188343641
1188349926
1188352695
1188361568
1188391409
1188415848
1188429103
1188442035
1188452051
1189030890
1189035792
1189128519
1189135946
1189177978
1189193542
1189202566
1189292102
1189450586
1189450589
1189707382
1189711838
1189719657
1189724134
1189766383
1189867116
1190622609
1191925349
1192280073
1192304743
1192330987
1192336723
1192767759
1193814181
119452655
1194598112
1194600969
1194602461
1194602568
1194602970
1194625167
1194990867
1195007364
1196005583
1196428424
1196961803
1196964754
1196974263
1196974953
1196981856
1196982880
1196984055
1196987763
1196989698
1196994011
1196995770
1196997688
1197229222
1197533643
1197561331
1197565208
1197565209
1197565210
1197706211
1197706212
1197726578
1197726580
1197726582
1197760578
1197760579
1197760580
1197774368
1197800009
1197812232
1197812233
1197812234
1197830929
1197830932
1197830934
1197831475
1197831478
1197859043
1197859044
1197859045
1197865836
1197883497
1197883499
1197883974
1197894913
1197900297
1197902054
1197903841
1197962439
1197984570
1198239167
1198394372
1198483029
1198522899
1198578015
1198620809
1198677231
1198727053
1198950372
1198985388
1198989223
1199004587
1199243516
1199429712
1199429713
1199454939
1199515793
1199551202
1199556968
1199603619
1199609891
1199674432
1200006336
1200048365
1200085583
1200215877
1200270435
1200665334
1201941831
1202055861
1204448022
1204943366
1204963478
1205003057
1205049040
1205049249
1205049250
1205083078
1205139463
1205175091
1206266113
1207069119
1207069120
1207069121
1207082574
1207087100
1207087101
1207087102
1207202056
1207600901
1207602453
1207614831
1207631569
1207641614
1207645534
1207661112
1207669479
1207673156
1207679585
1207686587
1207697642
1207701995
1207711400
1207721380
1207759632
1207795539
1207994954
1208008199
1208075338
1208467723
1208930838
1208932263
1208937799
1208967242
1209199027
1209202113
1209208171
1209210176
1209238011
1209238527
1209276833
1209278636
1209292029
1209296171
1209299481
1209302173
1209305578
1209319607
1209462010
1209463563
1209465332
1209740628
1209911226
1210081633
1210098762
1210116293
1210123006
1210132337
1210143879
1210155520
1210213399
1210293029
1210304120
1211498725
1211926750
1211996937
1212025672
1212025673
1212025674
1212230739
1212344309
1212708696
1212709422
1212798518
1212894374
1213231273
1213263695
1213736397
1213760146
1213983343
1214000015
1214448092
1214648830
1214756448
1214758507
1214768591
1214781238
1215083278
1215091541
1215105152
1215112107
1215128966
1215135271
1215344681
1215536299
1215537248
1215914312
1216006073
1216014890
1216067332
1216095455
1216117217
1216119570
1216635721
1216886328
1216893046
1216907024
1218583608
1218585509
1218589495
1218841126
1219196312
1219267080
1219267082
1219296770
1219302204
1219304559
1219340092
1219366038
1219375901
1219375903
1219387003
1219393463
1219503072
1219543307
1219548316
1219663171
1219665300
1219667912
1221033013
1221320470
1221574294
1221588475
1221637031
1221773591
1221774817
1221776846
1221821914
1221859098
1221915020
1221942472
1221989611
1222007038
1222011634
1222032142
1222064398
1222069989
1222097541
1222108397
1222173791
1222216065
1222302136
1222372052
1222374141
1222464901
1222472558
1222473449
1222474963
1222497442
1222512441
1222527933
1222553883
1222554829
1222574946
1222585322
1222597918
1222616427
1222616428
1222625915
1222689557
1222723979
1222767936
1222783356
1222837421
1222873646
1222878208
1222886935
1222890972
1222890975
1222906057
1222936698
1222942016
1222953989
1222959519
1222987272
1222998845
1223010991
1223021570
1223021572
1223039792
1223050100
1223056324
1223060796
1223085731
1223092736
1223130179
1223143800
1223155098
1223155101
1223163495
1223186323
1223202547
1223228071
1223266543
1223266545
1223269521
1223281064
1223313743
1223373331
1223392296
1223397299
1223408848
1223420405
1223433752
1223450908
1223465924
1223479352
1223488210
1223498381
1223591010
1223620108
1223673624
1223703956
1223709748
1223735894
1223789067
1223818845
1223824604
1223833795
1223836883
1223849355
1223849662
1223932023
1223932080
1223938559
1223948028
1224008087
1224008089
1224008091
1224018339
1224058509
1224061473
1224135055
1224144708
1224155464
1224159542
1224180653
1224198961
1224238671
1224256122
1224277569
1224342149
1224353758
1224354776
1224356439
1224393039
1224424000
1224436679
1224446123
1224446643
1224448114
1224481900
1224520848
1224549010
1224559144
1224560486
1224584132
1224659513
1224659515
1224665846
1224762122
1224773887
1224821875
1224891753
1224981201
1224992506
1224992909
1225012062
1225024761
1225035388
1225061821
1225068151
1225080819
1225126349
1225141237
1225150534
1225159662
1225215998
1225224444
1225246384
1225260351
1225279077
1225279079
1225294576
1225296955
1225392010
1225392011
1225392012
1225398952
1225404711
1225425475
1225425479
1225427258
1225427261
1225427264
1225530971
1225551606
1225559579
1225572368
1225572370
1225588037
1225588040
1225592855
1225592858
1225601821
1225606928
1225613196
1225617156
1225626040
1225642291
1225670320
1225682289
1225684166
1225691943
1225703531
1225721666
1225721668
1225754477
1225754479
1225786891
1225786892
1225786893
1225792662
1225817068
1225817902
1225822013
1225826063
1225826065
1225826066
1225835274
1225835504
1225835512
1225842954
1225842955
1225844723
1225844724
1225845478
1225845479
1225850043
1225850045
1225863596
1225865276
1225865277
1225865278
1225866940
1225869111
1225876115
1225907709
1225907710
1225927073
1225944951
1225949769
1225968715
1225998150
1226010146
1226014167
1226017391
1226019138
1226112804
1226571314
1226613089
1226632001
1226632002
1226632003
1226669951
1226669952
1226742086
1226844143
1226940649
1227032287
1227398827
1227411606
1227523660
1228034112
1228060140
1228081923
1228095112
1228096919
1228220860
1229096594
1229224985
1229284214
1229490444
1229492001
1229749383
1229749386
1230144764
1230794855
1230797682
1230799690
1231116424
1231299803
1231426589
1231426590
1231426591
1231452062
1231452063
1231452064
1231809404
1231831236
1231860538
1231886161
1231906601
1231940459
1232253987
1232336831
1232473372
1232532692
1232570266
1232642685
1232670275
1232726725
1232811264
1232851338
1232858352
1232910141
1232913198
1233029163
1233051137
1233131541
1233157304
1234199541
1234348772
123556774
1235629541
1235641232
1235641319
1235642949
1235653939
1235653943
1235700771
1236145826
1236946523
1237067708
1237173348
1237201301
1237342980
1237350178
1237353562
1237369923
1238074253
1238345718
1238574585
1238749130
1239382147
1239646089
1239660926
1240123884
1240126324
1240136632
1240298339
1240304449
1240310305
1240321977
1240705951
1240914036
1240920664
1241089243
1241249069
1241693103
1241730644
124261894
1242624648
1242634206
1242663884
1242710326
1243074867
1243076533
1243080173
1243080755
1243102849
1243115480
1243267633
1243536575
1243556934
1243576714
1243685963
1243690095
1243697975
1243785824
1243954325
1244539557
1244550468
1244551544
1245209084
1245279645
1245526100
1245597574
1245839444
1245839446
1246068114
1246069824
1246081094
1246769318
1246819019
1246825893
1246825982
1246869890
1246870870
1246877968
1246899199
1246899528
1246953855
1246953866
1247341762
1247471398
1247490991
1247650268
1247657849
1247849174
1247892782
1248066369
1248079788
1248079790
1248079792
1248091308
1248091309
1248099428
1248099989
1248099991
1248135459
1248216970
1248300460
1248305853
1248306024
1248354090
1248369009
1248552817
1248891016
1248902526
1248906740
1248945254
1249370229
1249507740
1252867698
1252950207
1252981574
1253004757
1254097774
1254103767
1254113841
1254127386
1254151008
1254168908
1254201890
1254201891
1254201892
1254201894
1254201897
1254270455
1254282452
1254330745
1254339951
1254355970
1254355971
1254355972
1254373337
1254381757
1254540721
1254699225
1254734211
1254789394
1255497812
1258193964
1258211170
1258211782
1258253114
1258260093
1258290275
1258384294
1258389853
1258397919
1258403599
1258416200
1258475838
1258501235
1258501236
1258501241
1258501246
1258501250
1258990990
1258999665
1259406934
1259407098
126031218
1261267943
1261279920
1261282343
1261285353
1261295011
1261299225
1261302519
1261314910
1261336603
1262808143
1263573643
1264233093
1264233094
1264233095
1264234660
1264249356
1264250338
1264268131
1264272350
1264272351
1264272383
1264272384
1264276766
1264292911
1264294903
1264299127
1264312985
1264320538
1264338479
1264342322
1264344596
1264347292
1264348825
1264350232
1264354370
1264355129
1264368201
1264371114
1264379900
1264379902
1264379904
1264390619
1264392230
1264402245
1264402248
1264402270
1264411824
1265025989
1266768935
1267032287
1267180666
1267189470
1267192233
1267194181
1267202250
1267213780
1267217098
1267227461
1267236334
1267241447
1267257000
1267274858
1267277781
1267279237
1267281736
1267287483
1267289405
1267301574
1267310268
1267313889
1267319110
1267324675
1267361655
1267361814
1267367221
1267368739
1267376762
1267383106
1267395201
1267397700
1267430165
1267430167
1267432066
1267434249
1267453292
1267457133
1267467105
1267468233
1267474455
1267483635
1267483993
1267487181
1267488719
1267509028
1267530288
1267550523
1267569831
1267571150
1267583772
1267583773
1267584279
1267584344
1267584345
1267584346
1267585406
1267587617
1267590444
1267615437
1267618182
1267621222
1267622349
1267623785
1267646660
1267659427
1267674279
1267680491
1267685616
1267685638
1267686611
1267692526
1267703117
1267713872
1267721141
1267730875
1267739224
1267749550
1267756960
1267759559
1267761160
1267767537
1267767538
1267769916
1267785081
1267795263
1267798376
1267820792
1267825968
1267838371
1267843471
1267847055
1267906770
1267912942
1267934488
1267939016
1267939347
1267955747
1267961574
1267965008
1267969196
1267975522
1267981348
1267981655
1267985294
1267986860
1267991185
1267991187
1267991853
1267993213
1267994542
1268000655
1268006629
1268009597
1268012233
1268101231
1268127557
1268129681
1268132472
1268140779
1268146715
1268147357
1268147358
1268157536
1268212905
1268244558
1268259596
1268276646
1268281027
1268281053
1268287219
1268288004
1268290445
1268294223
1268316578
1268326748
1268326797
1268336402
1268337579
1268345283
1268347219
1268347997
1268359955
1268368742
1268380920
1268394112
1268396332
1268409187
1268414533
1268454841
1268457194
1268461886
1268473835
1268478834
1268492635
1268500632
1268507850
1268519092
1268525061
1268525553
1268533988
1268534262
1268541934
1268542430
1268547304
1268553687
1268557579
1268563285
1268573001
1268573745
1268581281
1268583404
1268583405
1268595538
1268598943
1268602251
1268603457
1268605004
1268609445
1268620523
1268627062
1268636388
1268640614
1268644717
1268657334
1268658815
1268668668
1268675578
1268680376
1268682227
1268700960
1268702325
1268706548
1268783154
1268840985
1268856841
1268856844
1268856845
1268856911
1268858614
1269377517
1269379829
1269630355
1269661310
1270287238
1270360058
1270375026
1271379105
1271381419
1271425053
1271429377
1271497501
1271508459
1271526032
1271544990
1271584379
1272166700
1272201238
1272251078
1272671652
1273032137
1273035861
1273053511
1273053512
1273053513
1273363089
1274148781
1274267671
1274304897
1274304898
1274318924
1274318925
1274318926
1274339250
1274415703
1274479234
1274516912
1274755281
1274906080
1274923346
1275018734
1275018938
1275121662
1275122578
1275127030
1275130758
1275132999
1275136007
1275293346
1275542720
1275607883
1275652636
1275663201
1275726087
1275726290
1275741767
1275763028
1275766036
1275834439
1275835770
1275841110
1276335437
1276335438
1276335439
1276341350
1276341352
1277006273
1277015312
1277015407
1277025759
1277043405
1277214822
1277285542
1277923938
1278028494
1278065104
1278152929
1278190156
1278649773
1278652286
1278970716
1279352217
1279360192
1279363026
1279376615
1279499983
1279586184
1279607427
1279690982
1279692563
1279750346
1280162424
1281995126
1282043714
1282074936
1284886346
1285591454
1287018714
1288839883
1288845930
1288845932
1288845935
1288851619
1288862244
1288862246
1288862248
1288868997
1288877568
1288877570
1289017136
1290349202
1290831934
1293122172
1293128543
1293143045
1293144750
1293239255
1293405060
1296467847
1296666264
1296671958
1298134344
1299996662
1302545923
1304122261
1304141939
1304143329
1304739596
1304791843
1304791844
1304791845
1304791846
1304791847
1304791848
1304791849
1304791850
1304791851
1304791852
1304791853
1304791854
1304791855
1304791856
1304791857
1304791858
1304791859
1304791860
1304791861
1304791862
1304791863
1304791864
1304791865
1304791866
1304791867
1304791868
1304791869
1304791870
1304791871
1304791872
1304791873
1304791874
1304791875
1304791876
1304791877
1304791878
1304791879
1304791880
1304791881
1304791882
1304791883
1304791884
1304791885
1304791886
1304791887
1304791888
1304791889
1304791890
1304791891
1304791892
1304791893
1304791894
1304791895
1304791896
1304791897
1304791898
1304791899
1304791900
1304791901
1304791902
1304791903
1304791904
1304791905
1304791906
1304791907
1304791908
1304791909
1304791910
1304791911
1304791912
1304791913
1304791914
1304791915
1304791916
1304791917
1304791918
1304791919
1304791920
1304791921
1304791922
1304791923
1304791924
1304791925
1304791926
1304791927
1304791928
1304791929
1304791930
1304791931
1304791932
1304791933
1304791934
1304791935
1304791936
1304791937
1304791938
1304791939
1304791940
1304791941
1304791942
1304791943
1304791944
1304791945
1304791946
1304791947
1304791948
1304791949
1304791950
1304791951
1304791952
1304791953
1304791954
1304791955
1304791956
1304791957
1304791958
1304791959
1304791960
1304791961
1304791962
1304791963
1304791964
1304791965
1304791966
1304791967
1304791968
1304791969
1304791970
1304791971
1304791972
1304791973
1304791974
1304791975
1304791976
1304791977
1304791978
1304791979
1304791980
1304791981
1304791982
1304791983
1304791984
1304791985
1304791986
1304791987
1304791988
1304791989
1304791990
1304791991
1304791992
1304791993
1304791994
1304791995
1304791996
1304791997
1304791998
1304791999
1304792000
1304792001
1304792002
1304792003
1304792004
1304792005
1304792006
1304792007
1304792008
1304792009
1304792010
1304792011
1304792012
1304792013
1304792014
1304792015
1304792016
1304792017
1304792018
1304792019
1304792020
1304792021
1304792022
1304792023
1304792024
1304792025
1304792026
1304792027
1304792028
1304792029
1304792030
1304792031
1304792032
1304792033
1304792034
1304792035
1304792036
1304792037
1304792038
1304792039
1304792040
1304792041
1304792042
1304792043
1304792044
1304792045
1304792046
1304792047
1304792048
1304792049
1304792050
1304792051
1304792052
1304792053
1304792054
1304792055
1304792056
1304792057
1304792058
1304792059
1304792060
1304792061
1304792062
1304792063
1304792064
1304792065
1304792066
1304792067
1304792068
1304792069
1304792070
1304792071
1304792072
1304792073
1304792074
1304792075
1304792076
1304792077
1304792078
1304792079
1304792080
1304792081
1304792082
1304792083
1304792084
1304792085
1304792086
1304792087
1304792088
1304792089
1304792090
1304792091
1304792092
1304792093
1304792094
1304792095
1304792096
1304792097
1304792098
1304792099
1304792100
1304792101
1304792102
1304792103
1304792104
1304792105
1304792106
1304792107
1304792108
1304792109
1304792110
1304792111
1304792112
1304792113
1304792114
1304792115
1304792116
1304792117
1304792118
1304792119
1304792120
1304792121
1304792122
1304792123
1304792124
1304792125
1304792126
1304792127
1304792128
1304792129
1304792130
1304792131
1304792132
1304792133
1304792134
1304792135
1304792136
1304792137
1304792138
1304792139
1304792140
1304792141
1304792142
1304792143
1304792144
1304792145
1304792146
1304792147
1304792148
1304792149
1304792150
1304792151
1304792152
1304792153
1304792154
1304792155
1304792156
1304792157
1304792158
1304792159
1304792160
1304792161
1304792162
1304792163
1304792164
1304792165
1304792166
1304792167
1304792168
1304792169
1304792170
1304792171
1304792172
1304792173
1304792174
1304792175
1304792176
1304792177
1304792178
1304792179
1304792180
1304792181
1304792182
1304792183
1304792184
1304792185
1304792186
1304792187
1304792188
1304792189
1304792190
1304792191
1304792192
1304792193
1304792194
1304792195
1304792196
1304792197
1304792198
1304792199
1304792200
1304792201
1304792202
1304792203
1304792204
1304792205
1304792206
1304792207
1304792208
1304792209
1304792210
1304792211
1304792212
1304792213
1304792214
1304792215
1304792216
1304792217
1304792218
1304792219
1304792220
1304792221
1304792222
1304792223
1304792224
1304792225
1304792226
1304792227
1304792228
1304792229
1304792230
1304792231
1304792232
1304792233
1304792234
1304792235
1304792236
1304792237
1304792238
1304792239
1304792240
1304792241
1304792242
1304792243
1304792244
1304792245
1304792246
1304792247
1304792248
1304792249
1304792250
1304792251
1304792252
1304792253
1304792254
1304792255
1304792256
1304792257
1304792258
1304792259
1304792260
1304792261
1304792262
1304792263
1304792264
1304792265
1304792266
1304792267
1304792268
1304792269
1304792270
1304792271
1304792272
1304792273
1304792274
1304792275
1304792276
1304792277
1304792278
1304792279
1304792280
1304792281
1304792282
1304792283
1304792284
1304792285
1304792286
1304792287
1304792288
1304792289
1304792290
1304792291
1304792292
1304792293
1304792294
1304792295
1304792296
1304792297
1304792298
1304792299
1304792300
1304792301
1304792302
1304792303
1304792304
1304792305
1304792306
1304792307
1304792308
1304792309
1304792310
1304792311
1304792312
1304792313
1304792314
1304792315
1304792316
1304792317
1304792318
1304792319
1304792320
1304792321
1304792322
1304792323
1304792324
1304792325
1304792326
1304792327
1304792328
1304792329
1304792330
1304792331
1304792332
1304792333
1304792334
1304792335
1304792336
1304792337
1304792338
1304792339
1304792340
1304792341
1304792342
1304792343
1304792344
1304792345
1304792346
1304792347
1304792348
1304792349
1304792350
1304792351
1304792352
1304792353
1304792354
1304792355
1304792356
1304792357
1304792358
1304792359
1304792360
1304792361
1304792362
1304792363
1304792364
1304792365
1304792366
1304792367
1304792368
1304792369
1304792370
1304792371
1304792372
1304792373
1304792374
1304792375
1304792376
1304792377
1304792378
1304792379
1304792380
1304792381
1304792382
1304792383
1304792384
1304792385
1304792386
1304792387
1304792388
1304792389
1304792390
1304792391
1304792392
1304792393
1304792394
1304792395
1304792396
1304792397
1304792398
1304792399
1304792400
1304792401
1304792402
1304792403
1304792404
1304792405
1304792406
1304792407
1304792408
1304792409
1304792410
1304792411
1304792412
1304792413
1304792414
1304792415
1304792416
1304792417
1304792418
1304792419
1304792420
1304792421
1304792422
1304792423
1304792424
1304792425
1304792426
1304792427
1304792428
1304792429
1304792430
1304792431
1304792432
1304792433
1304792434
1304792435
1304792436
1304792437
1304792438
1304792439
1304792440
1304792441
1304792442
1304792443
1304792444
1304792445
1304792446
1304792447
1304792448
1304792449
1304792450
1304792451
1304792452
1304792453
1304792454
1304792455
1304792456
1304792457
1304792458
1304792459
1304792460
1304792461
1304792462
1304792463
1304792464
1304792465
1304792466
1304792467
1304792468
1304792469
1304792470
1304792471
1304792472
1304792473
1304792474
1304792475
1304792476
1304792477
1304792478
1304792479
1304792480
1304792481
1304792482
1304792483
1304792484
1304792485
1304792486
1304792487
1304792488
1304792489
1304792490
1304792491
1304792492
1304792493
1304792494
1304792495
1304792496
1304792497
1304792498
1304792499
1304792500
1304792501
1304792502
1304792503
1304792504
1304792505
1304792506
1304792507
1304792508
1304792509
1304792510
1304792511
1304792512
1304792513
1304792514
1304792515
1304792516
1304792517
1304792518
1304792519
1304792520
1304792521
1304792522
1304792523
1304792524
1304792525
1304792526
1304792527
1304792528
1304792529
1304792530
1304792531
1304792532
1304792533
1304792534
1304792535
1304792536
1304792537
1304792538
1304792539
1304792540
1304792541
1304792542
1304792543
1304792544
1304792545
1304792546
1304792547
1304792548
1304792549
1304792550
1304792551
1304792552
1304792553
1304792554
1304792555
1304792556
1304792557
1304792558
1304792559
1304792560
1304792561
1304792562
1304792563
1304792564
1304792565
1304792566
1304792567
1304792568
1304792569
1304792570
1304792571
1304792572
1304792573
1304792574
1304792575
1304792576
1304792577
1304792578
1304792579
1304792580
1304792581
1304792582
1304792583
1304792584
1304792585
1304792586
1304792587
1304792588
1304792589
1304792590
1304792591
1304792592
1304792593
1304792594
1304792595
1304792596
1304792597
1304792598
1304792599
1304792600
1304792601
1304792602
1304792603
1304792604
1304792605
1304792606
1304792607
1304792608
1304792609
1304792610
1304792611
1304792612
1304792613
1304792614
1304792615
1304792616
1304792617
1304792618
1304792619
1304792620
1304792621
1304792622
1304792623
1304792624
1304792625
1304792626
1304792627
1304792628
1304792629
1304792630
1304792631
1304792632
1304792633
1304792634
1304792635
1304792636
1304792637
1304792638
1304792639
1304792640
1304792641
1304792642
1304792643
1304792644
1304792645
1304792646
1304792647
1304792648
1304792649
1304792650
1304792651
1304792652
1304792653
1304792654
1304792655
1304792656
1304792657
1304792658
1304792659
1304792660
1304792661
1304792662
1304792663
1304792664
1304792665
1304792666
1304792667
1304792668
1304792669
1304792670
1304792671
1304792672
1304792673
1304792674
1304792675
1304792676
1304792677
1304792678
1304792679
1304792680
1304792681
1304792682
1304792683
1304792684
1304792685
1304792686
1304792687
1304792688
1304792689
1304792690
1304792691
1304792692
1304792693
1304792694
1304792695
1304792696
1304792697
1304792698
1304792699
1304792700
1304792701
1304792702
1304792703
1304792704
1304792705
1304792706
1304792707
1304792708
1304792709
1304792710
1304792711
1304792712
1304792713
1304792714
1304792715
1304792716
1304792717
1304792718
1304792719
1304792720
1304792721
1304792722
1304792723
1304792724
1304792725
1304792726
1304792727
1304792728
1304792729
1304792730
1304792731
1304792732
1304792733
1304792734
1304792735
1304792736
1304792737
1304792738
1304792739
1304792740
1304792741
1304792742
1304792743
1304792744
1304792745
1304792746
1304792747
1304792748
1304792749
1304792750
1304792751
1304792752
1304792753
1304792754
1304792755
1304792756
1304792757
1304792758
1304792759
1304792760
1304792761
1304792762
1304792763
1304792764
1304792765
1304792766
1304792767
1304792768
1304792769
1304792770
1304792771
1304792772
1304792773
1304792774
1304792775
1304792776
1304792777
1304792778
1304792779
1304792780
1304792781
1304792782
1304792783
1304792784
1304792785
1304792786
1304792787
1304792788
1304792789
1304792790
1304792791
1304792792
1304792793
1304792794
1304792795
1304792796
1304792797
1304792798
1304792799
1304792800
1304792801
1304792802
1304792803
1304792804
1304792805
1304792806
1304792807
1304792808
1304792809
1304792810
1304792811
1304792812
1304792813
1304792814
1304792815
1304792816
1304792817
1304792818
1304792819
1304792820
1304792821
1304792822
1304792823
1304792824
1304792825
1304792826
1304792827
1304792828
1304792829
1304792830
1304792831
1304792832
1304792833
1304792834
1304792835
1304792836
1304792837
1304792838
1304792839
1304792840
1304792841
1304792842
1304792843
1304792844
1304792845
1304792846
1304792847
1304792848
1304792849
1304792850
1304792851
1304792852
1304792853
1304792854
1304792855
1304792856
1304792857
1304792858
1304792859
1304792860
1304792861
1304792862
1304792863
1304792864
1304792865
1304792866
1304792867
1304792868
1304792869
1304792870
1304792871
1304792872
1304792873
1304792874
1304792875
1304792876
1304792877
1304792878
1304792879
1304792880
1304792881
1304792882
1304792883
1304792884
1304792885
1304792886
1304792887
1304792888
1304792889
1304792890
1304792891
1304792892
1304792893
1304792894
1304792895
1304792896
1304792897
1304792898
1304792899
1304792900
1304792901
1304792902
1304792903
1304792904
1304792905
1304792906
1304792907
1304792908
1304792909
1304792910
1304792911
1304792912
1304792913
1304792914
1304792915
1304792916
1304792917
1304792918
1304792919
1304792920
1304792921
1304792922
1304792923
1304792924
1304792925
1304792926
1304792927
1304792928
1304792929
1304792930
1304792931
1304792932
1304792933
1304792934
1304792935
1304792936
1304792937
1304792938
1304792939
1304792940
1304792941
1304792942
1304792943
1304792944
1304792945
1304792946
1304792947
1304792948
1304792949
1304792950
1304792951
1304792952
1304792953
1304792954
1304792955
1304792956
1304792957
1304792958
1304792959
1304792960
1304792961
1304792962
1304792963
1304792964
1304792965
1304792966
1304792967
1304792968
1304792969
1304792970
1304792971
1304792972
1304792973
1304792974
1304792975
1304792976
1304792977
1304792978
1304792979
1304792980
1304792981
1304792982
1304792983
1304792984
1304792985
1304792986
1304792987
1304792988
1304792989
1304792990
1304792991
1304792992
1304792993
1304792994
1304792995
1304792996
1304792997
1304792998
1304792999
1304793000
1304793001
1304793002
1304793003
1304793004
1304793005
1304793006
1304793007
1304793008
1304793009
1304793010
1304793011
1304793012
1304793013
1304793014
1304793015
1304793016
1304793017
1304793018
1304793019
1304793020
1304793021
1304793022
1304793023
1304793024
1304793025
1304793026
1304793027
1304793028
1304793029
1304793030
1304793031
1304793032
1304793033
1304793034
1304793035
1304793036
1304793037
1304793038
1304793039
1304793040
1304793041
1304793042
1304793043
1304793044
1304793045
1304793046
1304793047
1304793048
1304793049
1304793050
1304793051
1304793052
1304793053
1304793054
1304793055
1304793056
1304793057
1304793058
1304793059
1304793060
1304793061
1304793062
1304793063
1304793064
1304793065
1304793066
1304793067
1304793068
1304793069
1304793070
1304793071
1304793072
1304793073
1304793074
1304793075
1304793076
1304793077
1304793078
1304793079
1304793080
1304793081
1304793082
1304793083
1304793084
1304793085
1304793086
1304793087
1304793088
1304793089
1304793090
1304793091
1304793092
1304793093
1304793094
1304793095
1304793096
1304793097
1304793098
1304793099
1304793100
1304793101
1304793102
1304793103
1304793104
1304793105
1304793106
1304793107
1304793108
1304793109
1304793110
1304793111
1304793112
1304793113
1304793114
1304793115
1304793116
1304793117
1304793118
1304793119
1304793120
1304793121
1304793122
1304793123
1304793124
1304793125
1304793126
1304793127
1304793128
1304793129
1304793130
1304793131
1304793132
1304793133
1304793134
1304793135
1304793136
1304793137
1304793138
1304793139
1304793140
1304793141
1304793142
1304793143
1304793144
1304793145
1304793146
1304793147
1304793148
1304793149
1304793150
1304793151
1304793152
1304793153
1304793154
1304793155
1304793156
1304793157
1304793158
1304793159
1304793160
1304793161
1304793162
1304793163
1304793164
1304793165
1304793166
1304793167
1304793168
1304793169
1304793170
1304793171
1304793172
1304793173
1304793174
1304793175
1304793176
1304793177
1304793178
1304793179
1304793180
1304793181
1304793182
1304793183
1304793184
1304793185
1304793186
1304793187
1304793188
1304793189
1304793190
1304793191
1304793192
1304793193
1304793194
1304793195
1304793196
1304793197
1304793198
1304793199
1304793200
1304793201
1304793202
1304793203
1304793204
1304793205
1304793206
1304793207
1304793208
1304793209
1304793210
1304793211
1304793212
1304793213
1304793214
1304793215
1304793216
1304793217
1304793218
1304793219
1304793220
1304793221
1304793222
1304793223
1304793224
1304793225
1304793226
1304793227
1304793228
1304793229
1304793230
1304793231
1304793232
1304793233
1304793234
1304793235
1304793236
1304793237
1304793238
1304793239
1304793240
1304793241
1304793242
1304793243
1304793244
1304793245
1304793246
1304793247
1304793248
1304793249
1304793250
1304793251
1304793252
1304793253
1304793254
1304793255
1304793256
1304793257
1304793258
1304793259
1304793260
1304793261
1304793262
1304793263
1304793264
1304793265
1304793266
1304793267
1304793268
1304793269
1304793270
1304793271
1304793272
1304793273
1304793274
1304793275
1304793276
1304793277
1304793278
1304793279
1304793280
1304793281
1304793282
1304793283
1304793284
1304793285
1304793286
1304793287
1304793288
1304793289
1304793290
1304793291
1304793292
1304793293
1304793294
1304793295
1304793296
1304793297
1304793298
1304793299
1304793300
1304793301
1304793302
1304793303
1304793304
1304793305
1304793306
1304793307
1304793308
1304793309
1304793310
1304793311
1304793312
1304793313
1304793314
1304793315
1304793316
1304793317
1304793318
1304793319
1304793320
1304793321
1304793322
1304793323
1304793324
1304793325
1304793326
1304793327
1304793328
1304793329
1304793330
1304793331
1304793332
1304793333
1304793334
1304793335
1304793336
1304793337
1304793338
1304793339
1304793340
1304793341
1304793342
1304793343
1304793344
1304793345
1304793346
1304793347
1304793348
1304793349
1304793350
1304793351
1304793352
1304793353
1304793354
1304793355
1304793356
1304793357
1304793358
1304793359
1304793360
1304793361
1304793362
1304793363
1304793364
1304793365
1304793366
1304793367
1304793368
1304793369
1304793370
1304793371
1304793372
1304793373
1304793374
1304793375
1304793376
1304793377
1304793378
1304793379
1304793380
1304793381
1304793382
1304793383
1304793384
1304793385
1304793386
1304793387
1304793388
1304793389
1304793390
1304793391
1304793392
1304793393
1304793394
1304793395
1304793396
1304793397
1304793398
1304793399
1304793400
1304793401
1304793402
1304793403
1304793404
1304793405
1304793406
1304793407
1304793408
1304793409
1304793410
1304793411
1304793412
1304793413
1304793414
1304793415
1304793416
1304793417
1304793418
1304793419
1304793420
1304793421
1304793422
1304793423
1304793424
1304793425
1304793426
1304793427
1304793428
1304793429
1304793430
1304793431
1304793432
1304793433
1304793434
1304793435
1304793436
1304793437
1304793438
1304793439
1304793440
1304793441
1304793442
1304793443
1304793444
1304793445
1304793446
1304793447
1304793448
1304793449
1304793450
1304793451
1304793452
1304793453
1304793454
1304793455
1304793456
1304793457
1304793458
1304793459
1304793460
1304793461
1304793462
1304793463
1304793464
1304793465
1304793466
1304793467
1304793468
1304793469
1304793470
1304793471
1304793472
1304793473
1304793474
1304793475
1304793476
1304793477
1304793478
1304793479
1304793480
1304793481
1304793482
1304793483
1304793484
1304793485
1304793486
1304793487
1304793488
1304793489
1304793490
1304793491
1304793492
1304793493
1304793494
1304793495
1304793496
1304793497
1304793498
1304793499
1304793500
1304793501
1304793502
1304793503
1304793504
1304793505
1304793506
1304793507
1304793508
1304793509
1304793510
1304793511
1304793512
1304793513
1304793514
1304793515
1304793516
1304793517
1304793518
1304793519
1304793520
1304793521
1304793522
1304793523
1304793524
1304793525
1304793526
1304793527
1304793528
1304793529
1304793530
1304793531
1304793532
1304793533
1304793534
1304793535
1304793536
1304793537
1304793538
1304793539
1304793540
1304793541
1304793542
1304793543
1304793544
1304793545
1304793546
1304793547
1304793548
1304793549
1304793550
1304793551
1304793552
1304793553
1304793554
1304793555
1304793556
1304793557
1304793558
1304793559
1304793560
1304793561
1304793562
1304793563
1304793564
1304793565
1304793566
1304793567
1304793568
1304793569
1304793570
1304793571
1304793572
1304793573
1304793574
1304793575
1304793576
1304793577
1304793578
1304793579
1304793580
1304793581
1304793582
1304793583
1304793584
1304793585
1304793586
1304793587
1304793588
1304793589
1304793590
1304793591
1304793592
1304793593
1304793594
1304793595
1304793596
1304793597
1304793598
1304793599
1304793600
1304793601
1304793602
1304793603
1304793604
1304793605
1304793606
1304793607
1304793608
1304793609
1304793610
1304793611
1304793612
1304793613
1304793614
1304793615
1304793616
1304793617
1304793618
1304793619
1304793620
1304793621
1304793622
1304793623
1304793624
1304793625
1304793626
1304793627
1304793628
1304793629
1304793630
1304793631
1304793632
1304793633
1304793634
1304793635
1304793636
1304793637
1304793638
1304793639
1304793640
1304793641
1304793642
1304793643
1304793644
1304793645
1304793646
1304793647
1304793648
1304793649
1304793650
1304793651
1304793652
1304793653
1304793654
1304793655
1304793656
1304793657
1304793658
1304793659
1304793660
1304793661
1304793662
1304793663
1304793664
1304793665
1304793666
1304793667
1304793668
1304793669
1304793670
1304793671
1304793672
1304793673
1304793674
1304793675
1304793676
1304793677
1304793678
1304793679
1304793680
1304793681
1304793682
1304793683
1304793684
1304793685
1304793686
1304793687
1304793688
1304793689
1304793690
1304793691
1304793692
1304793693
1304793694
1304793695
1304793696
1304793697
1304793698
1304793699
1304793700
1304793701
1304793702
1304793703
1304793704
1304793705
1304793706
1304793707
1304793708
1304793709
1304793710
1304793711
1304793712
1304793713
1304793714
1304793715
1304793716
1304793717
1304793718
1304793719
1304793720
1304793721
1304793722
1304793723
1304793724
1304793725
1304793726
1304793727
1304793728
1304793729
1304793730
1304793731
1304793732
1304793733
1304793734
1304793735
1304793736
1304793737
1304793738
1304793739
1304793740
1304793741
1304793742
1304793743
1304793744
1304793745
1304793746
1304793747
1304793748
1304793749
1304793750
1304793751
1304793752
1304793753
1304793754
1304793755
1304793756
1304793757
1304793758
1304793759
1304793760
1304793761
1304793762
1304793763
1304793764
1304793765
1304793766
1304793767
1304793768
1304793769
1304793770
1304793771
1304793772
1304793774
1304793775
1304793776
1304793777
1304793778
1304793779
1304793780
1304793781
1304793782
1304793783
1304793784
1304793785
1304793786
1304793787
1304793788
1304793789
1304793790
1304793791
1304793792
1304793793
1304793794
1304793795
1304793796
1304793797
1304793798
1304793799
1304793800
1304793801
1304793802
1304793803
1304793804
1304793805
1304793806
1304793807
1304793808
1304793809
1304793810
1304793811
1304793812
1304793813
1304793814
1304793815
1304793816
1304793817
1304793818
1304793819
1304793820
1304793821
1304793822
1304793823
1304793824
1304793825
1304793826
1304793827
1304793828
1304793829
1304793830
1304793831
1304793832
1304793833
1304793834
1304793835
1304793836
1304793837
1304793838
1304793839
1304793840
1304793841
1304793842
1304793843
1304793844
1304793845
1304793846
1304793847
1304793848
1304793849
1304793850
1304793851
1304793852
1304793853
1304793854
1304793855
1304793856
1304793857
1304793858
1304793859
1304793860
1304793861
1304793862
1304793863
1304793864
1304793865
1304793866
1304793867
1304793868
1304793869
1304793870
1304793871
1304793872
1304793873
1304793874
1304793875
1304793876
1304793877
1304793878
1304793879
1304793880
1304793881
1304793882
1304793883
1304793884
1304793885
1304793886
1304793887
1304793888
1304793889
1304793890
1304793891
1304793892
1304793893
1304793894
1304793895
1304793896
1304793897
1304793898
1304793899
1304793900
1304793901
1304793902
1304793903
1304793904
1304793905
1304793906
1304793907
1304793908
1304793909
1304793910
1304793911
1304793912
1304793913
1304793914
1304793915
1304793916
1304793917
1304793918
1304793919
1304793920
1304793921
1304793922
1304793923
1304793924
1304793925
1304793926
1304793927
1304793928
1304793929
1304793930
1304793931
1304793932
1304793933
1304793934
1304793935
1304793936
1304793937
1304793938
1304793939
1304793940
1304793941
1304793942
1304793943
1304793944
1304793945
1304793946
1304793947
1304793948
1304793949
1304793950
1304793951
1304793952
1304793953
1304793954
1304793955
1304793956
1304793957
1304793958
1304793959
1304793960
1304793961
1304793962
1304793963
1304793964
1304793965
1304793966
1304793967
1304793968
1304793969
1304793970
1304793971
1304793972
1304793973
1304793974
1304793975
1304793976
1304793977
1304793978
1304793979
1304793980
1304793981
1304793982
1304793983
1304793984
1304793985
1304793986
1304793987
1304793988
1304793989
1304793990
1304793991
1304793992
1304793993
1304793994
1304793995
1304793996
1304793997
1304793998
1304793999
1304794000
1304794001
1304794002
1304794003
1304794004
1304794005
1304794006
1304794007
1304794008
1304794009
1304794010
1304794011
1304794012
1304794013
1304794014
1304794015
1304794016
1304794017
1304794018
1304794019
1304794020
1304794021
1304794022
1304794023
1304794024
1304794025
1304794026
1304794027
1304794028
1304794029
1304794030
1304794031
1304794032
1304794033
1304794034
1304794035
1304794036
1304794037
1304794038
1304794039
1304794040
1304794041
1304794042
1304794043
1304794044
1304794045
1304794046
1304794047
1304794048
1304794049
1304794050
1304794051
1304794052
1304794053
1304794054
1304794055
1304794056
1304794057
1304794058
1304794059
1304794060
1304794061
1304794062
1304794063
1304794064
1304794065
1304794066
1304794067
1304794068
1304794069
1304794070
1304794071
1304794072
1304794073
1304794074
1304794075
1304794076
1304794077
1304794078
1304794079
1304794080
1304794081
1304794082
1304794083
1304794084
1304794085
1304794086
1304794087
1304794088
1304794089
1304794090
1304794091
1304794092
1304794093
1304794094
1304794095
1304794096
1304794097
1304794098
1304794099
1304794100
1304794101
1304794102
1304794103
1304794104
1304794105
1304794106
1304794107
1304794108
1304794109
1304794110
1304794111
1304794112
1304794113
1304794114
1304794115
1304794116
1304794117
1304794118
1304794119
1304794120
1304794121
1304794122
1304794123
1304794124
1304794125
1304794126
1304794127
1304794128
1304794129
1304794130
1304794131
1304794132
1304794133
1304794134
1304794135
1304794136
1304794137
1304794138
1304794139
1304794140
1304794141
1304794142
1304794143
1304794144
1304794145
1304794146
1304794147
1304794148
1304794149
1304794150
1304794151
1304794152
1304794153
1304794154
1304794155
1304794156
1304794157
1304794158
1304794159
1304794160
1304794161
1304794162
1304794163
1304794164
1304794165
1304794166
1304794167
1304794168
1304794169
1304794170
1304794171
1304794172
1304794173
1304794174
1304794175
1304794176
1304794177
1304794178
1304794179
1304794180
1304794181
1304794182
1304794183
1304794184
1304794185
1304794186
1304794187
1304794188
1304794189
1304794190
1304794191
1304794192
1304794193
1304794194
1304794195
1304794196
1304794197
1304794198
1304794199
1304794200
1304794201
1304794202
1304794203
1304794204
1304794205
1304794206
1304794207
1304794208
1304794209
1304794210
1304794211
1304794212
1304794213
1304794214
1304794215
1304794216
1304794217
1304794218
1304794219
1304794220
1304794221
1304794222
1304794223
1304794224
1304794225
1304794226
1304794227
1304794228
1304794229
1304794230
1304794231
1304794232
1304794233
1304794234
1304794235
1304794236
1304794237
1304794238
1304794239
1304794240
1304794241
1304794242
1304794243
1304794244
1304794245
1304794246
1304794247
1304794248
1304794249
1304794250
1304794251
1304794252
1304794253
1304794254
1304794255
1304794256
1304794257
1304794258
1304794259
1304794260
1304794261
1304794262
1304794263
1304794264
1304794265
1304794266
1304794267
1304794268
1304794269
1304794270
1304794271
1304794272
1304794273
1304794274
1304794275
1304794276
1304794277
1304794278
1304794279
1304794280
1304794281
1304794282
1304794283
1304794284
1304794285
1304794286
1304794287
1304794288
1304794289
1304794290
1304794291
1304794292
1304794293
1304794294
1304794295
1304794296
1304794297
1304794298
1304794299
1304794300
1304794301
1304794302
1304794303
1304794304
1304794305
1304794306
1304794307
1304794308
1304794309
1304794310
1304794311
1304794312
1304794313
1304794314
1304794315
1304794316
1304794317
1304794318
1304794319
1304794320
1304794321
1304794322
1304794323
1304794324
1304794325
1304794326
1304794327
1304794328
1304794329
1304794330
1304794331
1304794332
1304794333
1304794334
1304794335
1304794336
1304794337
1304794338
1304794339
1304794340
1304794341
1304794342
1304794343
1304794344
1304794345
1304794346
1304794347
1304794348
1304794349
1304794350
1304794351
1304794352
1304794353
1304794354
1304794356
1304794357
1304794358
1304794359
1304794360
1304794361
1304794362
1304794363
1304794364
1304794365
1304794366
1304794367
1304794368
1304794369
1304794370
1304794371
1304794372
1304794373
1304794374
1304794375
1304794376
1304794377
1304794378
1304794379
1304794380
1304794381
1304794382
1304794383
1304794384
1304794385
1304794386
1304794387
1304794388
1304794389
1304794390
1304794391
1304794392
1304794393
1304794394
1304794395
1304794396
1304794397
1304794398
1304794399
1304794400
1304794401
1304794402
1304794403
1304794404
1304794405
1304794406
1304794407
1304794408
1304794409
1304794410
1304794411
1304794412
1304794413
1304794414
1304794415
1304794416
1304794417
1304794418
1304794419
1304794420
1304794421
1304794422
1304794423
1304794424
1304794425
1304794426
1304794427
1304794428
1304794429
1304794430
1304794431
1304794432
1304794433
1304794434
1304794435
1304794436
1304794437
1304794438
1304794439
1304794440
1304794441
1304794442
1304794443
1304794444
1304794445
1304794446
1304794447
1304794448
1304794449
1304794450
1304794451
1304794452
1304794453
1304794454
1304794455
1304794456
1304794457
1304794458
1304794459
1304794460
1304794461
1304794462
1304794463
1304794464
1304794465
1304794466
1304794467
1304794468
1304794469
1304794470
1304794471
1304794472
1304794473
1304794474
1304794475
1304794476
1304794477
1304794478
1304794479
1304794480
1304794481
1304794482
1304794483
1304794484
1304794485
1304794486
1304794487
1304794488
1304794489
1304794490
1304794491
1304794492
1304794493
1304794494
1304794495
1304794496
1304794497
1304794498
1304794499
1304794500
1304794501
1304794502
1304794503
1304794504
1304794505
1304794506
1304794507
1304794508
1304794509
1304794510
1304794511
1304794512
1304794513
1304794514
1304794515
1304794516
1304794517
1304794518
1304794519
1304794520
1304794521
1304794522
1304794523
1304794524
1304794525
1304794526
1304794527
1304794528
1304794529
1304794530
1304794531
1304794532
1304794533
1304794534
1304794535
1304794536
1304794537
1304794538
1304794539
1304794540
1304794541
1304794542
1304794543
1304794544
1304794545
1304794546
1304794547
1304794548
1304794549
1304794550
1304794551
1304794552
1304794553
1304794554
1304794555
1304794556
1304794557
1304794558
1304794559
1304794560
1304794561
1304794562
1304794563
1304794564
1304794565
1304794566
1304794567
1304794568
1304794569
1304794570
1304794571
1304794572
1304794573
1304794574
1304794575
1304794576
1304794577
1304794578
1304794579
1304794580
1304794581
1304794582
1304794583
1304794584
1304794585
1304794586
1304794587
1304794588
1304794589
1304794590
1304794591
1304794592
1304794593
1304794594
1304794595
1304794596
1304794597
1304794598
1304794599
1304794600
1304794601
1304794602
1304794603
1304794604
1304794605
1304794606
1304794607
1304794608
1304794609
1304794610
1304794611
1304794612
1304794613
1304794614
1304794615
1304794616
1304794617
1304794618
1304794619
1304794620
1304794621
1304794622
1304794623
1304794624
1304794625
1304794626
1304794627
1304794628
1304794629
1304794630
1304794631
1304794632
1304794633
1304794634
1304794635
1304794636
1304794637
1304794638
1304794639
1304794640
1304794641
1304794642
1304794643
1304794644
1304794645
1304794646
1304794647
1304794648
1304794649
1304794650
1304794651
1304794652
1304794653
1304794654
1304794655
1304794656
1304794657
1304794658
1304794659
1304794660
1304794661
1304794662
1304794663
1304794664
1304794665
1304794666
1304794667
1304794668
1304794669
1304794670
1304794671
1304794672
1304794673
1304794674
1304794675
1304794676
1304794677
1304794678
1304794679
1304794680
1304794681
1304794682
1304794683
1304794684
1304794685
1304794686
1304794687
1304794688
1304794689
1304794690
1304794691
1304794692
1304794693
1304794694
1304794695
1304794696
1304794697
1304794698
1304794699
1304794700
1304794701
1304794702
1304794703
1304794704
1304794705
1304794706
1304794707
1304794708
1304794709
1304794710
1304794711
1304794712
1304794713
1304794714
1304794715
1304794716
1304794717
1304794718
1304794719
1304794720
1304794721
1304794722
1304794723
1304794724
1304794725
1304794726
1304794727
1304794728
1304794729
1304794730
1304794731
1304794732
1304794733
1304794734
1304794735
1304794736
1304794737
1304794738
1304794739
1304794740
1304794741
1304794742
1304794743
1304794744
1304794745
1304794746
1304794747
1304794748
1304794749
1304794750
1304794751
1304794752
1304794753
1304794754
1304794755
1304794756
1304794757
1304794758
1304794759
1304794760
1304794761
1304794762
1304794763
1304794764
1304794765
1304794766
1304794767
1304794768
1304794769
1304794770
1304794771
1304794772
1304794773
1304794774
1304794775
1304794776
1304794777
1304794778
1304794779
1304794780
1304794781
1304794782
1304794783
1304794784
1304794785
1304794786
1304794787
1304794788
1304794789
1304794790
1304794791
1304794792
1304794793
1304794794
1304794795
1304794796
1304794797
1304794798
1304794799
1304794800
1304794801
1304794802
1304794803
1304794804
1304794805
1304794806
1304794807
1304794808
1304794810
1304794811
1304794812
1304794813
1304794814
1304794815
1304794816
1304794817
1304794818
1304794819
1304794820
1304794821
1304794822
1304794823
1304794824
1304794825
1304794826
1304794827
1304794828
1304794829
1304794830
1304794831
1304794832
1304794833
1304794834
1304794835
1304794836
1304794837
1304794838
1304794839
1304794840
1304794841
1304794842
1304794843
1304794844
1304794845
1304794846
1304794847
1304794848
1304794849
1304794850
1304794851
1304794852
1304794853
1304794854
1304794855
1304794856
1304794857
1304794858
1304794859
1304794860
1304794861
1304794862
1304794863
1304794864
1304794865
1304794866
1304794867
1304794868
1304794869
1304794870
1304794871
1304794872
1304794873
1304794874
1304794875
1304794876
1304794877
1304794878
1304794879
1304794880
1304794881
1304794882
1304794883
1304794884
1304794885
1304794886
1304794887
1304794888
1304794889
1304794890
1304794891
1304794892
1304794893
1304794894
1304794895
1304794896
1304794897
1304794898
1304794899
1304794900
1304794901
1304794902
1304794903
1304794904
1304794905
1304794906
1304794907
1304794908
1304794909
1304794910
1304794911
1304794912
1304794913
1304794914
1304794915
1304794916
1304794917
1304794918
1304794919
1304794920
1304794921
1304794922
1304794923
1304794924
1304794925
1304794926
1304794927
1304794928
1304794929
1304794930
1304794931
1304794932
1304794933
1304794934
1304794935
1304794936
1304794937
1304794938
1304794939
1304794940
1304794941
1304794942
1304794943
1304794944
1304794945
1304794946
1304794947
1304794948
1304794949
1304794950
1304794951
1304794952
1304794953
1304794954
1304794955
1304794956
1304794957
1304794958
1304794959
1304794960
1304794961
1304794962
1304794963
1304794964
1304794965
1304794966
1304794967
1304794968
1304794969
1304794970
1304794971
1304794972
1304794973
1304794974
1304794975
1304794976
1304794977
1304794978
1304794979
1304794980
1304794981
1304794982
1304794983
1304794984
1304794985
1304794986
1304794987
1304794988
1304794989
1304794990
1304794991
1304794992
1304794993
1304794994
1304794995
1304794996
1304794997
1304794998
1304794999
1304795000
1304795001
1304795002
1304795003
1304795004
1304795005
1304795006
1304795007
1304795008
1304795009
1304795010
1304795011
1304795012
1304795013
1304795014
1304795015
1304795016
1304795017
1304795018
1304795019
1304795020
1304795021
1304795022
1304795023
1304795024
1304795025
1304795026
1304795027
1304795028
1304795029
1304795030
1304795031
1304795032
1304795033
1304795034
1304795035
1304795036
1304795037
1304795038
1304795039
1304795040
1304795041
1304795042
1304795043
1304795044
1304795045
1304795046
1304795047
1304795048
1304795049
1304795050
1304795051
1304795052
1304795053
1304795054
1304795055
1304795056
1304795058
1304795059
1304795060
1304795061
1304795062
1304795063
1304795064
1304795065
1304795066
1304795067
1304795068
1304795069
1304795070
1304795071
1304795072
1304795073
1304795074
1304795075
1304795076
1304795077
1304795078
1304795079
1304795080
1304795081
1304795082
1304795083
1304795084
1304795085
1304795086
1304795087
1304795088
1304795089
1304795090
1304795091
1304795092
1304795093
1304795094
1304795095
1304795096
1304795097
1304795098
1304795099
1304795100
1304795101
1304795102
1304795103
1304795104
1304795105
1304795106
1304795107
1304795108
1304795109
1304795110
1304795111
1304795112
1304795113
1304795114
1304795115
1304795116
1304795117
1304795118
1304795119
1304795120
1304795121
1304795122
1304795123
1304795124
1304795125
1304795126
1304795127
1304795128
1304795129
1304795130
1304795131
1304795132
1304795133
1304795134
1304795135
1304795136
1304795137
1304795138
1304795139
1304795140
1304795141
1304795142
1304795143
1304795144
1304795145
1304795146
1304795147
1304795148
1304795149
1304795150
1304795151
1304795152
1304795153
1304795154
1304795155
1304795156
1304795157
1304795158
1304795159
1304795160
1304795161
1304795162
1304795163
1304795164
1304795165
1304795166
1304795167
1304795168
1304795169
1304795170
1304795171
1304795172
1304795173
1304795174
1304795175
1304795176
1304795177
1304795178
1304795179
1304795180
1304795181
1304795182
1304795183
1304795184
1304795185
1304795186
1304795187
1304795188
1304795189
1304795190
1304795191
1304795192
1304795193
1304795194
1304795195
1304795196
1304795197
1304795198
1304795199
1304795200
1304795201
1304795202
1304795203
1304795204
1304795205
1304795206
1304795207
1304795208
1304795209
1304795210
1304795211
1304795212
1304795213
1304795214
1304795215
1304795216
1304795217
1304795218
1304795219
1304795220
1304795221
1304795222
1304795223
1304795224
1304795225
1304795226
1304795227
1304795228
1304795229
1304795230
1304795231
1304795232
1304795233
1304795234
1304795235
1304795236
1304795237
1304795238
1304795239
1304795240
1304795241
1304795242
1304795243
1304795244
1304795245
1304795246
1304795247
1304795248
1304795249
1304795250
1304795251
1304795252
1304795253
1304795254
1304795255
1304795256
1304795257
1304795258
1304795259
1304795260
1304795261
1304795262
1304795263
1304795264
1304795265
1304795266
1304795267
1304795268
1304795269
1304795270
1304795271
1304795272
1304795273
1304795274
1304795275
1304795276
1304795277
1304795278
1304795279
1304795280
1304795281
1304795282
1304795283
1304795284
1304795285
1304795286
1304795287
1304795288
1304795289
1304795290
1304795291
1304795292
1304795293
1304795294
1304795295
1304795296
1304795297
1304795298
1304795299
1304795300
1304795301
1304795302
1304795303
1304795304
1304795305
1304795306
1304795307
1304795308
1304795309
1304795310
1304795311
1304795312
1304795313
1304795314
1304795315
1304795316
1304795317
1304795318
1304795319
1304795320
1304795321
1304795322
1304795323
1304795324
1304795325
1304795326
1304795327
1304795328
1304795329
1304795330
1304795331
1304795332
1304795333
1304795334
1304795335
1304795336
1304795337
1304795338
1304795339
1304795340
1304795341
1304795342
1304795343
1304795344
1304795345
1304795346
1304795347
1304795348
1304795349
1304795350
1304795351
1304795352
1304795353
1304795354
1304795355
1304795356
1304795357
1304795358
1304795359
1304795360
1304795361
1304795362
1304795363
1304795364
1304795365
1304795366
1304795367
1304795368
1304795369
1304795370
1304795371
1304795372
1304795373
1304795374
1304795375
1304795376
1304795377
1304795378
1304795379
1304795380
1304795381
1304795382
1304795383
1304795384
1304795385
1304795386
1304795387
1304795388
1304795389
1304795390
1304795391
1304795392
1304795393
1304795394
1304795395
1304795396
1304795397
1304795398
1304795399
1304795400
1304795401
1304795402
1304795403
1304795404
1304795405
1304795406
1304795407
1304795408
1304795409
1304795410
1304795411
1304795412
1304795413
1304795414
1304795415
1304795416
1304795417
1304795418
1304795419
1304795420
1304795421
1304795422
1304795423
1304795424
1304795425
1304795426
1304795427
1304795428
1304795429
1304795430
1304795431
1304795432
1304795433
1304795434
1304795435
1304795436
1304795437
1304795438
1304795439
1304795440
1304795441
1304795442
1304795443
1304795444
1304795445
1304795446
1304795447
1304795449
1304795450
1304795451
1304795452
1304795453
1304795454
1304795455
1304795456
1304795457
1304795458
1304795459
1304795460
1304795461
1304795462
1304795463
1304795464
1304795465
1304795466
1304795467
1304795468
1304795469
1304795470
1304795471
1304795472
1304795473
1304795474
1304795475
1304795476
1304795477
1304795478
1304795479
1304795480
1304795481
1304795482
1304795483
1304795484
1304795485
1304795486
1304795487
1304795488
1304795489
1304795490
1304795491
1304795492
1304795493
1304795494
1304795495
1304795496
1304795497
1304795498
1304795499
1304795500
1304795501
1304795502
1304795503
1304795504
1304795505
1304795506
1304795507
1304795508
1304795509
1304795510
1304795511
1304795512
1304795513
1304795514
1304795515
1304795516
1304795517
1304795518
1304795519
1304795520
1304795521
1304795522
1304795523
1304795524
1304795526
1304795527
1304795528
1304795529
1304795530
1304795531
1304795532
1304795533
1304795534
1304795535
1304795536
1304795537
1304795538
1304795539
1304795540
1304795541
1304795542
1304795543
1304795544
1304795545
1304795546
1304795547
1304795548
1304795549
1304795550
1304795551
1304795552
1304795553
1304795554
1304795555
1304795556
1304795557
1304795558
1304795559
1304795560
1304795561
1304795562
1304795563
1304795564
1304795565
1304795566
1304795567
1304795568
1304795571
1304795572
1304795573
1304795574
1304795575
1304795576
1304795577
1304795578
1304795579
1304795580
1304795581
1304795582
1304795583
1304795584
1304795585
1304795586
1304795587
1304795588
1304795589
1304795590
1304795592
1304795593
1304795594
1304795595
1304795596
1304795597
1304795598
1304795599
1304795600
1304795601
1304795602
1304795603
1304795604
1304795605
1304795608
1304795609
1304795610
1304795611
1304795613
1304795614
1304795615
1304795616
1304795617
1304795618
1304795619
1304795620
1304795621
1304795622
1304795623
1304795624
1304795625
1304795626
1304795627
1304795628
1304795629
1304795630
1304795631
1304795632
1304795633
1304795634
1304795635
1304795636
1304795637
1304795638
1304795639
1304795640
1304795641
1304795642
1304795643
1304795644
1304795645
1304795646
1304795647
1304795648
1304795649
1304795650
1304795651
1304795652
1304795653
1304795654
1304795655
1304795656
1304795657
1304795658
1304795659
1304795660
1304795661
1304795662
1304795663
1304795664
1304795665
1304795666
1304795667
1304795668
1304795669
1304795670
1304795671
1304795674
1304795676
1304795679
1304795683
1304795685
1304795686
1304795687
1304795688
1304795689
1304795690
1304795691
1304795692
1304795693
1304795694
1304795695
1304795696
1304795697
1304795698
1304795699
1304795700
1304795701
1306733308
1306806456
1306806459
1306807042
1306808978
1306874132
1308577407
1308709627
1308763153
1308787627
1308866684
1308904366
1308917412
1308918543
1308963597
1308966716
1309004679
1309007320
1309011979
1309022889
1309040204
1309044119
1309058778
1309079198
1309114516
1309122142
1311053293
1311106716
1311115622
1311324953
1311410895
1311543468
1311739932
1314676815
1315911767
1316606991
1316633345
1316638170
1316784858
1317253254
1317256699
1317310488
1317400712
1317524424
1317525576
1317837302
1318454928
1318674640
1318712307
1319595509
1319730991
1319734548
1320984775
1321161574
1321198272
1321210919
1321219872
1321240975
1321702067
1321780882
1323300638
1324353173
1324674815
1324713206
1324716088
1324730688
1324730930
1324735041
1324749407
1324762112
1324771444
1324776178
1324786666
1324788358
1324788458
1324789785
1324807938
1324822475
1324825799
1324832905
1324840309
1324850872
1324854820
1324860818
1324872793
1324873704
1325760842
1325841416
1325847982
1325856724
1325898325
1325980452
1325984491
1326026474
1326114097
1326120347
1326143251
1327548160
1327607715
1327644297
1327682145
1327747772
1327747774
1328050782
1328055370
1328061085
1328065309
1328093330
1328097127
1328137089
1329841047
1330003441
1330011606
1330251266
1330270579
1330742116
1332614070
1332614071
1332614072
1332790261
1332910328
1332913590
1332924293
1332932743
1332957396
1332969403
1332979284
1333065370
1333275465
1333401595
1333533696
1333888900
1333888965
1333890498
1333895848
1333912292
1333942853
1333959338
1334423424
1334603623
1334767575
1334859494
1334968454
1334976806
1334984999
1334985000
1334985001
1334986464
1334986465
1334993688
1334999352
1335517128
1336242043
1337031654
1337072059
1337256845
1337310480
1337943116
1337991883
1338294349
1338294350
1338294388
1338296067
1338320843
1338338113
1338493286
1339137128
1339666451
1339666453
1339696588
1339738126
1339740086
1339811800
1340082685
1340334982
1340733113
1340734898
1340760304
1340774954
1340830687
1341146660
1341348064
134136195
1341378679
1341772438
1341803723
1341803727
1341874702
1341875296
1341883375
1341964136
1341968252
1341968253
1342002778
1342689386
1343560231
1343572094
1343579956
1344143999
1344324216
1344335127
1344345458
1344395236
1344412418
1345579295
1345631114
1345753766
1346062846
1346730018
1346732774
1346736830
1346785946
1347791195
1347803537
1347810020
1348738350
1348865858
1348897538
1348901060
1348919350
1348980190
1348991680
1349041969
1349621539
1349621684
1349685899
1350910222
1350986318
1351029039
1351031911
1351188945
1351189701
1352502479
1352538795
1352557273
1352584894
1352589413
1352610411
1352694992
1352694995
1352694998
1352698962
1352707749
1352826897
1352844680
1353291241
1353292761
1353301061
1353301062
1353301063
1353519986
1353571081
1353576486
1353581628
1353581655
1353608418
1353612949
1353634160
1354615030
1354617880
1354626373
1355075101
1355080319
1356015874
1356103322
1356108722
1356193490
1356605288
1357931906
1357955353
1358001546
1358016973
1358020090
1358028711
1358034959
1358084798
1358084836
1358098264
1358497566
1358500606
1358669973
1358709990
1358726835
1358727693
1358774231
1358873859
1359410588
1359502425
1359841306
1359956514
1359980208
1360046641
1360052095
1360137829
1360184280
1360399406
1360403903
1360404889
1360409144
1360410835
1360432555
1360443997
1360446643
1360586238
1360621381
1360622297
1360729982
1360830476
1360832465
1360883780
1360912781
1360918670
1360926728
1360941335
1360953626
1360954557
1360956262
1360971026
1361019076
1361032068
1361035894
1361050419
1361116240
1361131147
1361145671
1361145673
1361147328
1361147329
1361147330
1361171754
1361172731
1363116063
1363486761
1365366869
1368970223
1368979487
1368998559
1369097879
1369151305
1369237831
1369239483
1369350282
1370142825
1370746762
1370826591
1370840760
1370841646
1370868687
1370869057
1370913478
1370953320
1371012670
1371122478
1371122479
1371171152
1371174844
1371174845
1371174846
1371401054
1371444497
1371689600
1371726190
1371728050
1371741782
1371742482
1371897734
1371906348
1371906379
1371913974
1371940548
1371946371
1372033034
1372063386
1372227117
1372241241
1372257774
1372317956
1373235836
1373392236
1373399320
1373744445
1373812135
1373833491
1374036870
1374040967
1374060860
1374498958
1374853166
1374868438
1374871504
1374877417
1374885897
1374896777
1374903303
1374907067
1374910448
1374916520
1374918004
1374922572
1375382966
1375403653
1375408596
1375687299
1376180869
1376255499
1376283245
1376323994
1376362805
1376377413
1376396011
1376426932
1376434341
1376434342
1376458097
1376461446
1376475493
1376490409
1377133944
1377184329
1377981457
1378111211
1378585688
1378837388
1378837389
1378839275
1378839276
1378839277
1378841791
1378841795
1378841801
1379069596
1379069600
1379069603
1381769993
1381770169
1381938010
1381955036
1382010497
1382087999
1382090317
1382267139
1382743599
1383152894
1383156558
1383230941
1383259173
1383336275
1383395362
1383435817
1383480419
1384276612
1384278262
1384302562
1385125872
1385138129
1386903387
1387322936
1387370703
1387397999
1387417169
1387481154
1387691219
1387897533
1387984263
1387984279
1388010089
1388023062
1388029736
1388069620
1388074529
1388688142
1388900998
1388945735
1388996012
1389008019
1389008020
1389031957
1389148825
1389171879
1389251625
1389504891
1390348943
1390367133
1390511096
1390511098
1390615922
1390621126
1390790490
1390826645
1390879850
1390884005
1390911169
1390932426
1390937604
1390982340
1390982341
1390998059
1391075474
1391102112
1391103745
1391166997
1391177471
1391177472
1391177473
1391181908
1391217533
1391230900
1391230901
1391264765
1391429511
1391465898
1391567379
1391567381
1391585573
1391645141
1391709184
1391716758
1391869314
1392469039
1392469274
1392469275
1392469276
1392469789
1392475968
1392489815
1392489817
1392489819
1392498743
1392506250
1392509520
1392517313
1392538042
1392549973
1392611309
1392972059
1393138238
1393384225
1393457264
1393462487
1393462490
1393462491
1393484548
1393711010
1393722443
1393725855
1393755915
1393755917
1393755919
1393774514
1394184379
1394195830
1394197257
1394447019
1394457468
1394480346
1394480347
1394480348
1394483926
1394495021
1394509412
1395934675
1396248484
1396655232
1397580696
1397800999
1397826068
1397829091
1397849322
1397903223
1397926042
1398000784
1398074891
1398099892
1398323651
1398328741
1398393382
1398393457
1398394086
1398396882
1398416178
1398438376
1398448367
1398476409
1398485929
1398714885
1398752531
1398971128
1399332604
1399335616
1399482905
1399932894
1400354363
1400951624
1400991111
1400993066
1401021721
1401052910
1401088676
1401203931
1401220076
1401221192
1401382815
1401509772
1401625872
1402571393
1402572650
14025934
1402596396
1402602593
1402647453
1402648394
1402649664
1402671290
1402684976
1402796311
1402930194
1402933753
1402975155
1403005546
1403012565
1403018830
1403023571
1403042713
1403071513
1403095644
1403095652
1404777663
1404802831
1404809203
1404989942
1405072480
1405075212
1405075213
1405075215
1405075216
1405088429
1405094787
1405104986
1405176178
1405203602
1405295545
1405344937
1405414052
1405489211
1405501119
1405594546
1405602961
1405630432
1405636905
1405642793
1405656216
1405789147
1405923119
1407015422
1407017866
1407019054
1407056478
1407076362
1407090459
1407103004
1407133079
1407137786
1407137788
1407137789
1407175536
1407237897
1407237904
1407248584
1407248585
1407248586
1407255587
1407300041
1407300042
1407300043
1407353149
1407358247
1407358249
1407376760
1407383913
1407416363
1407435684
1407537718
1407555823
1407623647
1407649264
1407716349
1407716384
1407753716
1407846354
1407850181
1407850182
1407868950
1407869820
1407869826
1407870486
1407884029
1407917676
1407942582
1407984536
1408088042
1408088043
1408088044
1408088650
1408088651
1408108298
1408131066
1408156226
1408216354
1408217744
1408300056
1408326203
1408337060
1408340195
1408357621
1408374313
1408374316
1408399757
1408746600
1408748122
1408752585
1408757406
1408969662
1409030053
1409030054
1409030055
1409049585
1409072522
1409578252
1409733962
1409815187
1415726574
1415801715
1418814992
1418842999
1420408424
1420447492
1421658861
1421683464
1421687383
1421695468
1421773819
1421980372
1422198404
1422198408
1422198412
1423027886
1423112368
1423244901
1423361252
1423381382
1423387210
1423629428
1423638384
1423654781
1423675013
1423690461
1423731570
1423736801
1423843799
1423853025
1423880699
1424061181
1424069199
1424090725
1424144191
1424144193
1424144195
1424145296
1424214851
1424269919
1424382346
1424579392
1424620555
1424885314
1424889110
1425145668
1425541359
1425865287
1425879324
1426518205
1426518315
1426805801
1426826380
1427040226
1427087246
1427109895
1427842709
1427844100
1427856824
1427868625
1427877114
1427891455
1427933406
1427936182
1427936183
1428128506
1428129966
1428172494
1428177309
1428201320
1429151726
1429309485
1430183070
1430184513
1430552814
1430566737
1430593055
1430601139
1430704279
1430731186
1430747721
1430863330
1430873222
1430921781
1430922006
1430953968
1430953969
1430953970
1430956978
1430956980
1430999448
1431000948
1431036267
1431097364
1431123417
1431142611
1431146141
1431767469
1431876980
1432848125
1432941152
1433148385
1433148636
1433218736
1433222031
1433234625
1433612146
1434102585
1434301966
1434302042
1434309022
1434562376
1434618161
1434665666
1434669769
1434671479
1434675070
1434708452
1434720529
1434802727
1435254999
1435371829
1435377587
1435384939
1435766001
1435766002
1435781618
1435781620
1435781622
1435791981
1435799799
1435810423
1435810424
1435810425
1435814703
1435814704
1435816159
1435816603
1435816613
1435817857
1435817858
1435817859
1435818315
1435818316
1435818317
1435876579
1435888147
1435890072
1435890073
1435890074
1435923073
1435927115
1435934011
1435934013
1437631425
1437801128
1437811283
1437837313
1438143420
1438143421
1438143422
1438625212
1438921683
1439020303
1439290425
1440510517
1440894961
1441032294
1441182554
1441215111
1441338649
1441365808
1441884846
1442371833
1442380010
1442407422
1442450526
1442485155
1442658971
1442662713
1442683414
1442706059
1442911113
1442919479
1442942136
1443035340
1443182159
1443203242
1443207497
1443214863
1443234800
1443468010
1443673894
1443680031
1443806712
1443816439
1443846037
1443955345
1444103588
1444642909
1444649963
1444680837
1444796007
1444802813
1444824741
1444833154
1444833162
1445046735
1446210259
1446210262
1446210265
1446210268
1446210271
1446210274
1446210277
1446210280
1446210283
1446210286
1446210289
1446210292
1446212062
1446212064
1446611206
1446626247
1446680150
1446749472
1446780976
1446946275
1447017107
1447041035
1447082722
1447311618
1447316098
1447320706
1447323189
1447323702
1447352786
1447356266
1447359158
1447362183
1447377260
1447378139
1447390568
1447405445
1447422309
1447422520
1447428856
1447653067
1447661446
1447691839
1448330075
1448335189
1448340373
1449699219
1449734720
1449766207
1449854419
1449891406
1449926752
1449966055
1449966060
1450004375
1450026877
1450045060
1450060945
1450103210
1450104298
1450109683
1450110537
1450115862
1450149009
1450150025
1450150026
1450171806
1450369073
1451703002
1451741826
1452079499
1452079846
1452310416
1452322753
1452354278
1452371159
1452432464
1452482065
1452499476
1452563223
1452627773
1453503011
1453541857
1453576587
1453706501
1454171983
1455529114
145571728
1455998016
1457120275
1458750496
1459553821
1460017733
1461326625
146190718
1461910197
1462091972
1462454406
1462456122
1462553066
1462648225
1462684559
146273155
146273735
1462868010
1462946245
1463472357
1463564051
1463592045
1463613650
1463648739
1463660215
1463737462
1463739828
1463749135
1463789963
1463894822
1463947823
1463950838
146399551
1464024190
1464081869
1464182290
1464190013
1464210211
1464399753
1464886790
1465231826
1465330742
1465335704
1465373353
1465908793
1465922412
1466183705
1466215622
1466288285
1466560573
1466636738
1466715041
1466724310
1466754813
1466767379
1466864913
1466865746
1466873313
1466933819
1467003889
1467032415
1467121660
1467164387
1467171069
1467781527
1468051460
1468169117
1468189216
1468219193
1468230506
1468252014
1468263076
1468263077
1468263078
1468410358
1468411847
1468435703
1468447659
1468459136
1468459137
1468459138
1468483755
1468489201
1468502081
1468512652
1468512916
1468515773
1468547117
1468596610
1468611934
1468669575
1468690399
1468742095
1469228283
1469248949
1469287103
1469293376
1469298794
1469304220
1469380898
1469408539
1469718426
1469735723
1469768443
1469837297
1469842289
1469893455
1469895202
1469895738
1469902807
1469905740
1470021192
1470135401
1470314568
1470503852
1470544753
1470590767
1470655214
1470655327
1470717950
1470764158
1470767534
1470779154
1470789709
1470899242
1470914752
1470951033
1470952486
1471095232
1471125371
1471131403
1471137598
1471328062
1471407306
1471415690
1471443017
1471454949
1471594483
1471695224
1471759698
1471825779
1471876593
1471884921
1471903101
1471906294
1471929292
1471952562
1472093979
1472155799
1472171088
1472377080
1472391058
1472448261
1472492951
1472535526
1472773218
1472835552
1472845267
1473289252
1473296677
1473310296
1473318008
1473326534
1473336517
1473339534
1473340951
1473347805
1473351129
1473355794
1473365018
1473378761
1473391736
1473392673
1473417726
1473437817
1473499498
1473546982
1473594384
1473619078
1473682514
1473716557
1473733738
1473748231
1473768909
1473787261
1473834991
1473839078
1473842041
1473858307
1473878930
1473888683
1473910671
1473922097
1473924417
1473924418
1473924419
1473964290
1473965448
1473975661
1473993550
1473995551
1474000764
1474010572
1474014944
1474043489
1474090898
1474120693
1474120695
1474122067
1474153068
1474182337
1474185131
1475514000
1475516331
1475599997
1475599999
1475649859
1475924157
1475924158
1475929712
1475956962
1475958707
1475974301
1475977510
1477071403
1477101689
1477149711
1477149712
1477172066
1477203430
1477637517
1477662455
1477671227
1477781307
1477812217
1477819124
1477891744
1477899321
1478068570
1478132491
1478137305
1478137334
1478150748
1478152926
1478983753
1479060732
1479233133
1479261316
1479267975
1479290192
1479296860
1479302754
1479309621
1479587479
1480013553
1480028161
1480055753
1480092040
1480103973
1480115012
1480837507
1480875684
1480941791
1480961076
1480978386
1481005179
1481013047
1481014532
1481042627
1481042631
1481043353
1481171301
1481184450
1481185718
1481300340
1482695107
1482777137
1482777139
1482777141
1482947798
1482970678
1483058210
1483061201
1483179851
1483892651
1484094189
1484146808
1484147723
1484183560
1484224200
1484251127
1484337484
1484341192
1484366536
148498318
1485342419
1485506568
1485511132
1485519403
1485776051
1485834422
1485918460
1486028990
1486183413
1486266148
1486367227
1486396571
1486453890
1486469109
1486471592
1486471593
1486499090
1486499619
1486531368
1486656625
1486678988
1486700753
1486700973
1486702074
1486714915
1486715299
1486716637
1486716965
1486781292
1486863088
1486863089
1486866706
1486876634
1486888661
1487409752
1487533983
1487678665
1487809497
1487845326
1487845330
1487845995
1487869199
1487896295
1487898412
1487907421
1487971093
1487988377
1488001616
1488037665
1488040727
1488093827
1488096893
1488197320
1488216621
1488245980
1488245981
1488245982
1488260786
1488294003
1488294004
1488294005
1488309337
1488311715
148846008
1488512007
1488512510
1488516360
1488520878
1488525190
1488529752
1488537055
1488538468
1488542735
1488547235
1488551696
1488710253
1488747542
1488971776
1489091677
1489096313
1489098146
1489110792
1489362374
1489369562
1490020718
1490125628
1490232721
1490237889
1490464717
1490584655
1490585666
1490644260
1490775162
1490876791
1491442721
1491513331
1491671244
1491766276
1492365255
1492751114
1492763067
1492775701
1492825571
1492845047
1492918334
1492927272
1492968241
1493267677
1493296358
1493309422
1493310045
1493313683
1493344828
1493434407
1493434408
1493434409
1493458454
1493461774
1493682594
1493961017
1493989968
1493991307
1493998294
1494882095
1494917929
1494928329
1494929941
1494931976
1494945359
1495481059
1495489480
1495516584
1495520085
1495535842
1495560031
1495892030
1496012491
1496373949
1496478144
1496478145
1496478146
1496506145
1496528105
1497295503
1497364208
1497471667
1497537325
1497889664
1497931457
1498135682
1498153616
1498222642
1498239990
1498328708
1498419685
1498427499
1498619783
1498627209
149904998
150032324
150032941
1500734757
1500740637
1500777261
1501501466
1501527898
1501540738
1501688007
1501696351
1501734047
1501783060
1501783062
1501783065
1502346388
1502528717
1502538102
1502626411
1502737166
1502750548
1502762277
1502829898
1502854185
1502899879
1503429189
1503863642
1504004762
1504123808
1504196264
1504273944
1504278941
1504467184
1504509865
1504521985
1504666482
1504736011
1505062105
1505109471
1505122838
1505136992
1505200979
1505255603
1505266211
1505324752
1505423828
1505599894
1505627830
1505747973
1505850070
1505865800
1505909125
1505932844
1505954861
1506022317
1506066681
1506090912
1506100643
1506114807
1506158226
1506186900
1506192056
1506204051
1506209987
1506222898
1506240863
1506308989
1506314289
1506325580
1506353344
1506371335
1506419135
1506528989
1506761417
1506845427
1506861442
1506919703
1507192032
1507330346
1507509688
1507875630
1508936889
1509040537
1509947878
1510162039
1510207024
1510951472
1510964587
1510964588
1510964589
1510981757
1511307006
1511313063
1511393215
1511848758
1511872643
1511883652
1511883653
1511905128
1511911210
1512291789
1513224568
1513231806
1513283946
1513291423
1514376105
1514704403
1514735002
1514755280
1514772617
1515588653
1515665735
1515712381
1516020748
1516236171
1516255377
1516260772
1516263130
1516299459
1516321686
1516458688
1517406849
1518054964
1518464441
1518551158
1518589612
1518708907
1518710389
1518710393
1518711854
1518713352
1518713354
1518713356
1518758059
1518758502
1518760540
1518760541
1518763422
1518849222
1518849223
1518855611
1518859021
1518864116
1518895984
1518906481
1519241351
1519311010
1519500864
1519500927
1519550215
1519587196
1519661704
1519766614
1519836238
1519837539
1520130543
1520196265
1520310670
1520313731
1520313790
1520361663
1520366307
1520665398
1520774606
1520776506
1521155687
1521172786
1521338837
1521416301
1521656631
1521668429
1521681531
1521695889
1521927111
1522144486
1522546563
1522596964
1522720228
1522774197
1523023127
1523771676
1523897069
1523916130
1523919498
1523945194
1523951018
1523956838
1524024922
1524056333
1524057640
1524213720
1524302364
1524560171
1524580522
1524598741
1524638669
1524638670
1524649529
1524718914
1524775142
1524775143
1524775144
1524778496
1524781352
1524806064
1524806065
1524806066
1524808509
1524808510
1524827828
1524833590
1525032889
1525136420
1525255145
1525452287
1525458050
1525484137
1525514555
1525538694
1525624303
1525737193
1525748596
1525909103
1525922200
1525926018
1525971680
1525978743
1525990417
1525993964
1526005524
1526017424
1526053447
1526130707
1526508975
1526627393
1526752589
1527143915
1527150193
1527150194
1527150195
1527152281
1527152305
1527164469
1527452042
1527832261
1527853658
1527953865
1527973197
1528005273
1528272996
1528340040
1528460122
1528514404
1528527459
1528553510
1528608560
1528853452
1531399877
1531932435
1531941066
1531955958
1531986196
1531986546
1531992288
1531992512
1531992513
1531992514
1532000551
1532006931
1532006933
1532072667
1532300584
1532362090
1532559027
1532931160
1532931527
1533224318
1533236847
1533267973
1533289259
1533411804
1533826464
1533871041
1533874175
1533884595
1533888955
1533964591
1533964592
1534168731
1534802484
1534806796
1534842165
1534845098
1534852804
1534952250
1535591399
1535618180
1535631075
1535638330
1535719268
1535775562
1536114406
1536173164
1537044362
1537050237
1537212088
1537219044
1537219707
1537224012
1537263693
1537280965
1537296431
1537298026
1537302479
1537540567
1537722990
1537747956
1537762643
1538303510
1538326096
1538375949
1538569428
1538581107
1538581109
1538581700
1538597806
1538597807
1538597808
1538605367
1538605368
1538613864
1538613866
1538661797
1538692926
1538701476
1538720711
1538720713
1538720715
1538733280
1538751702
1538751705
1538751708
1538795595
1538825809
1538831070
1538831071
1538850164
1538850166
1538904622
1538907733
1538908123
1538915790
1538915791
1538915792
1538918389
1538918390
1538918391
1538944900
1538998190
1538998192
1539020847
1539083895
1539083896
1539083897
1539089100
1539095389
1539101953
1539107184
1539110209
1539162953
1539404228
1539957495
1540002275
1540061857
1540345249
1540880118
1540880494
154088545
1540889817
1540890128
1540893862
1540893894
1540897792
1540908290
1540913432
1540913834
1540922453
1540923486
1540923511
1540932615
1540994320
1540999366
1541009285
1541019093
1541019666
1541027914
1541046254
1541047515
1541068113
1541366929
1541411814
154158476
1541930748
1541934201
1542292729
1542377341
1542483440
1542542546
1542715507
1542824317
1543035927
1543064646
1543067898
1543107272
1543117794
1543141139
1543158163
1543188414
1543192878
1543205774
1543207852
1543207853
1543237297
1543265781
1543271439
1543296731
1543364058
1543372241
1543386231
1543403931
1543422550
1543433673
1543433677
1543434020
1543434297
1543469237
1543487510
1543504208
1543505206
1543520576
1543525285
1543535649
1543557932
1543558922
1543574554
1543623220
1543626775
1543639356
1543666927
1543854840
1543863590
1544219810
1544342467
1544358241
1544392168
1544465027
1544609684
1544640036
1544824256
1545101571
1545195142
1545205293
1545209912
1545211291
1545269786
1545276647
1545298910
1545381878
1545399292
1545469372
1545511581
1545514068
1545539108
1545542394
1545781856
1545790533
1545792839
1546035017
1546042236
1546070936
1546346548
1546424122
1546477728
1546613286
1546626598
1546677669
1546766008
1546813167
1546855072
1546865477
1546887316
1546896849
1546902979
1546912660
1546921203
1546945078
1547042201
1547119334
1547125235
1547130077
1547130364
1547144027
1547367265
1547368150
1547373999
1547382520
1547382626
1547393040
1547396313
1547404791
1547420722
1547448861
1547454128
1547454129
1547454130
1547463100
1547477225
1547478728
1547483148
1547487181
1547487182
1547488153
1547500670
1547512072
1547540899
1547542442
1547558436
1547688746
1547840492
1547844445
1547938668
1547961178
1547995047
1548003217
1548003507
1548047220
1548381315
1548450097
1548478062
1548776215
1548859741
1548859742
1549432428
1549463937
1549466677
1549512471
1549538353
1549573267
1549618227
1549621293
1549645781
1549663722
1549719675
1549811480
1550196567
1550237473
1550243582
1550261157
1550293281
1550377619
1550694091
1550762259
1550763964
1551060904
1551060906
1551077878
1551159080
1551200356
1551224556
1551236030
1551245574
1551252159
1551268600
1551274598
1551288761
1551299828
1551304772
1551310120
1551513395
1551530167
1551553932
1551554720
1551793681
1551793682
1552061040
1552987088
1552992129
1552992131
1552992133
1553010382
1553014922
1553016996
1553043316
1553043890
1553069954
1553087913
1553101190
1553101638
1553101976
1553143229
1553152248
1553152249
1553182709
1553207495
1553237617
1553246066
1553276222
1553290340
1553296270
1553317607
1553325630
1553349003
1553427485
1553432928
1553436583
1553436585
1553443306
1553450149
1553451206
1553470125
1553482428
1553486895
1553502389
1553527094
1553851517
1553882670
1553887300
1553887301
1553887303
1553915709
1553917549
1554196217
1554865400
1554871811
1554965101
1554985820
1555056159
1555107400
1555109863
1555379298
1555403607
1555461869
1555500296
1555522800
1555526650
1555556480
1555565405
1555568424
1555763592
1555775311
1555998571
1556060896
1556094982
1556137421
1556389237
1557302563
1557635636
1557740515
1557883283
1558290133
1558341604
1559012593
1559138338
1559335889
1559343275
1559353517
1559358819
1559368973
1559392862
1559398005
1559432131
1559438322
1559441170
1559459335
1559708517
1559732950
1559752438
1559758652
1559758784
1559761350
1559785835
1559791817
1559812688
1559829695
1559876336
1559878160
1560030859
1560036357
1560129543
1561131283
1561132236
1561137518
1561156696
1561202758
1561252125
1561330872
1561417164
1561467788
1561499902
1561499904
1561503703
1561526496
1562146598
1562216750
1562222866
1562240409
1562336027
1562340799
1562345624
1562349553
1562358403
1562370233
1562370234
1562370235
1562502281
1563169527
1563365083
1563379549
1563386599
1563400494
1563789108
1563789110
1563790271
1563790497
1563790812
1563796387
1563796441
1563796662
1563796664
1563796902
1564396850
1564609513
1564753178
1565002128
1565002130
1565012601
1565023737
1565029394
1565029741
1565034908
1565037878
1565093002
1565567743
1565700389
1565736192
1565954077
1565954128
1565958539
1565959321
1566181529
1566712080
1566883038
1566983272
1567359308
1567361057
1567733624
1567840429
1567844249
1567849467
1567958107
1568035847
1568051436
1568059724
1568063824
1568064473
1568129610
1568151297
1568245187
1568390227
1568478157
1568816666
1568866599
1568877406
1568882722
1568915276
1568917139
1568935426
1568939472
1568946526
1568997936
1569016639
1569017334
1569283818
1569608678
1570814322
1570820285
1570858382
1570903642
1571062401
1571703280
1571705201
1572372357
1573299160
1574040218
1574138437
1574139337
1574189162
1574191637
1574384467
1574402748
1574402868
1574409518
1574409520
1574409522
1574416419
1574983934
1575160760
1575177524
1575355041
1575364457
1575364459
1575364461
1575390665
1575531366
1575531368
1575531371
1575555776
1575753515
1575754286
1575776012
1575810614
1575823514
1575860288
1576042963
1576051334
1576051746
1576067895
1576098213
1576109513
1576109922
1576114611
1576204438
1576207452
1576545997
1576934583
1577088889
1577110173
1577189053
1577208874
1577372477
1577378901
1577577431
1578125028
1578174445
1578207457
1578704524
1578883442
1578933020
1578962813
1578970015
1578986904
1578986906
1579102710
1579102714
1579119405
1579133914
1579489239
1579503904
1579602565
1579630578
1579654545
1579839001
1579867812
1579915058
1579915975
1579922166
1579941999
1580355951
1580358461
1580394434
1580419223
1580421033
1580455104
1580460763
1580557760
1580572382
1580627639
1580655211
1580658884
1580659685
1580697481
1580751643
1581823440
1581969250
1582022743
1582109107
1582121855
1582354116
1582444617
1582516338
1582532054
1582651265
1582743349
1582805432
1582849775
1582872921
1582925406
1582934872
1582960170
1582990438
1583031490
1583514746
1583688958
1583730396
1583842221
1583849818
1583854964
1583863331
1583864968
1583869096
1583871887
1583874722
1583878412
1583881687
1583883476
1583889976
1583889980
1583896654
1583899214
1583902332
1583902336
1583913825
1583915560
1583926656
1583933178
1583934069
1583934792
1583937357
1583943190
1583943453
1583947336
1583948074
1583948845
1583950379
1583953763
1584006845
1584019809
1584032678
1584033743
1584052240
1584061274
1584065393
1584065491
1584067578
1584101699
1584104822
1584106356
1584109732
1584134148
1584139507
1584310427
1584321292
1584397797
1584414856
1584414857
1584849423
1584880291
1584895792
1584895793
1584895794
1585057299
1585135362
1585935644
1585992710
1586010006
1586046889
1586073579
1586077209
1586264882
1586269673
1586280198
1586632937
1586687818
1586712549
1586723182
1586769526
1587007415
1587022602
1587671962
1587887046
1587905652
1587936346
1587936436
1587938813
1587944612
1587954124
1587955884
1588196358
1588282933
1588290188
1588295285
1588317494
1588368501
1588536955
1588606415
1588647138
1588652074
1588699195
1588839148
1588899069
1588910529
1588957550
1589211825
1589211832
1589214598
1589214605
1589379403
1589803299
1589807086
1589821769
1589826631
1589867743
1589867747
1589878343
1589909379
1589911229
1589952432
1589952436
1589972905
1590022642
1590060594
1590095359
1590095361
1590207440
1590221565
1590226251
1590252203
159027320
1590453967
1590454408
1590461143
1590461655
1590466906
1590472603
1590650685
1590729011
1590729013
1590754987
1590765839
1590767929
1590775220
1590921654
1591083701
1591474965
1591491843
1591565981
1591570906
1591609841
1591657174
1591844069
1591883885
1591930119
1591942080
1591942084
1591971172
1591971175
1591971177
1591987011
1592010674
1592019875
1592019877
1592019879
1592042846
1592061409
1592134627
1592138410
1592140247
1592159456
1592198674
1592210672
1592213596
1592214889
1592239226
1592245565
1592263058
1592263060
1592263062
1592270546
1592292074
1592306317
1592307749
1592312214
1592312608
1592444286
1592480569
1592487351
1592491954
1592498871
1592502483
1592509680
1592509684
1592510623
1592510625
1592510627
1592539696
1592542191
1592646247
1592657295
1592667027
1592722385
1592732154
1592751727
1592813896
1592844336
1592849801
1592871618
1592898828
1592948953
1592987458
1593082247
1593097045
1593097046
1593126204
1593131424
1593146390
1593195102
1593203869
1593260591
1593347377
1593423862
1593474633
1593476250
1593599486
1593793176
1594508687
1595006264
1595111758
1595203481
1595776457
1595777071
1595783421
1595885641
1595897679
1595900584
1596064640
1596284567
1596306444
1596479010
1596783277
1597048700
1597157449
1597377060
1597393634
1597603261
1597686845
1597811993
1597837705
1597841608
1597960299
1597999272
1598013892
1598023198
1598023200
1598029838
1598029839
1598034180
1598116551
1598123681
1598153707
1598232161
1598233148
1598233161
1598237998
1598307970
1598361278
1598385361
1598441812
1598521151
1598535665
1598536838
1598552164
1598622948
1598629458
1598756566
1598767930
1598788881
1598835834
1598884773
1598904806
1598910610
1598942103
1599228123
1599239499
1599263329
1599363616
1599365994
1599372497
1599378583
1599385080
1599399046
1599417554
1599432080
1599436262
1599436351
1599445459
1599530176
1599541065
1599550176
1599624517
1599689853
1599702349
1599746889
1599750726
1599759005
1599770930
1599878992
1599878996
1599880683
1599925070
1600171931
1600436944
1600564384
1600576297
1601191141
1601330424
1601428626
1601458431
1601470976
1601533796
1601563652
1601605365
1601620058
1601799999
1601809622
1601809623
1601809624
1601811770
1601820665
160345337
1603454291
1603566313
1603588878
1603599224
1603602099
1603612693
1603615145
1603668992
1603709354
1603840808
1603846241
1603847231
1603874233
1603880855
1603954190
1603989924
1603994889
1604310134
1604874150
1604874152
1604874154
1604896583
1604947593
1604947597
1604961252
1604967665
1604972860
1604992306
1605138674
1606558784
1606590392
1606617569
1606640080
1607036146
1607141549
1607163404
1608317387
1608326030
1608346901
1608399261
1608621670
1608626524
1608635625
1608646778
1608668326
1609299992
1609360988
1609416235
1609596513
1610178845
1610209328
1610273143
1610747696
1610806253
1610899529
1611060490
1611444465
1614271348
1614273820
1614304877
1614312813
1614473732
1614473843
1614519689
1614537133
1614544856
1614620768
1614651318
1614670298
1615032455
1615078731
1615078732
1615078733
1615078755
1615174958
1615348243
1615442554
1615529747
1615532585
1615607114
1615613154
1615636115
1616171914
1616214654
1616214656
1616230732
1616626026
1616636491
1616647479
161784423
1620836463
1620974566
1620979747
1620985199
1620989893
1620997208
1621002193
1621009596
1621026549
1621041458
1621041526
1621055739
1621056652
1621511888
1621537427
1621537755
1621667610
1621667611
1621667612
1621668332
1621694016
1621926560
1622644474
1622886489
1622886492
1622886495
1624604299
1624606984
1624613822
1624627527
1624632841
1624643720
1624666146
1624687966
1625852366
1625854256
1625867941
1625897905
1625912841
1625986818
1626007133
1627367291
1627438011
1627503876
1627511625
1627619384
1627742717
1627791184
1627829326
1627893407
1627946681
1628016105
1628028084
1628039497
1628115781
1628253153
1628320825
1628348573
1628396062
1628490754
1628565612
1628570047
1628760660
1631189327
1631280946
1631283792
1632355649
1632355904
1632362220
1632408943
1632413856
1632536687
1632745128
1633211012
1633488562
1633806010
1633811850
1634160517
1634198328
1634389013
1634402037
1634407212
1634407219
1634415704
1634425064
1634449576
1634450138
1634469067
1634469472
1634489913
1634492377
1634499385
1634500155
1634517300
1634522426
1634522655
1635226918
1635389489
1635395338
1635401082
1635442184
1635457632
1635482182
1635534565
1635621929
1635655995
1635655996
1635666656
1635667511
1635674064
1638111241
1639031689
1639044906
1640460072
164601809
1648500396
1650054617
1650125851
1654079804
1654739142
1654739987
1655281349
1655289756
1655389136
1655408906
1655412277
1655461795
1655461926
1655479929
1655496775
1655498323
1655604131
1655604132
1655604133
1655616040
1655751420
1655794761
1656154324
1656158215
1656158216
1656296940
1656301516
1660832469
166087055
1667790090
1667790091
1667790092
1667826985
1667929874
1667976994
1668159978
1668453495
1668501557
1668501558
1668527347
1668593530
1668593531
1668593532
1668623552
1668717346
1670082488
1670644888
1670864453
1671528450
1671560234
1671829786
1671904378
1672637999
1672665303
1672665305
1672665306
1672679116
1672680056
1672716044
1672736795
1672740312
1672754593
1672833927
1672836635
1672842722
1672856794
1672858785
1672864430
1672870114
1672874895
1672877943
1672884118
1674416310
1674442861
1674442862
1674442863
1674468241
1674485021
1674485022
1674485023
1674493621
1675003394
1675109251
1675125348
1675125787
1675125788
1675125789
1675150048
167658949
1676988909
167734253
1677638771
1677878842
1677893024
1678048780
1678279609
1679176513
1679279159
1679298159
1679309721
1679390177
1679397896
1679416056
1679426857
1679537040
1679537041
1679541634
1679542335
1679548509
1679562615
1679866240
1680019222
1680055738
1680133034
1680343855
1680344053
1680346298
1680357636
1680383291
1680391864
1681300995
1681300996
1681300997
1681562532
1681921022
1681958729
1681973919
1681976293
1681979246
1684178413
1684190396
1684199554
1684442403
1685492750
1685677760
1686219032
1686229374
1686232512
1686234822
1686574378
1686690897
1686695658
1686858283
1686993383
1686993384
1690424213
1690484837
1690484952
1690516303
1690519368
1690522439
1690591035
1690598040
1690599361
1690603734
1690604989
1690604996
1690625125
1690632106
1690636446
1690638749
1690645104
1690665364
1690665560
1690672721
1690683157
1690903051
1690945683
1690963161
1690963163
1691006058
1691020073
1691025513
1691052887
1691074262
1691090371
1691125554
1691574734
1691741327
1691741728
1691782684
1691954930
1691959937
1692081389
1692178341
1692250167
1692701593
1692708724
1692708742
1692711945
1692716485
1692719067
1692729932
1692735528
1692749310
1692762662
1692801036
1692870992
1693005699
1693013883
1693013889
1693055418
1693100618
1693371362
1693372784
1693375069
1693375771
1693375979
1693563553
1693566838
1693652597
1693710068
1693723465
1693737782
1693740329
1693827955
1693867776
1693868235
1693899566
1694192626
1694310029
1694410071
1694781267
1694810090
1694842356
1694906569
1694920050
1694995621
1694995625
1695001121
1695008595
1695034849
1695060402
1695060759
1695063320
1695069523
1695072831
1695090159
1695131486
1695151015
1695195870
1695205338
1695238018
1695264919
1695278259
1695306478
1695320876
1695323379
1695367248
1695449378
1695464913
1695823618
1696713136
1696726453
1696975036
1697011939
1697173103
1697197237
1697600299
1697746563
1697757957
1697762895
1697803314
1697822692
1697822693
1697822694
1697865115
1697865116
1697869538
1697900976
1697908820
1697919809
1697985224
1697986339
1697997893
1698018028
1698024646
1698096991
1698104643
1698107959
1698115967
1698118364
1698125640
1698129291
1698144311
1698148932
1698149228
1698149989
1698154536
1698155225
1698156387
1698156443
1698156502
1698156700
1698156978
1698157417
1698158528
1698159871
1698160047
1698160995
1698161278
1698161302
1698161561
1698163933
1698164863
1698165089
1698165125
1698166774
1698167603
1698167733
1698169577
1698170588
1698172159
1698172251
1698173331
1698173497
1698173915
1698174013
1698174567
1698175170
1698175329
1698175751
1698183069
1698227979
1698228256
1698228406
1698252000
1698252712
1698253080
1698253733
1698254705
1698255260
1698256072
1698256167
1698257317
1698259542
1698350076
1698350426
1698350639
1698351039
1698352009
1698353585
1698354206
1698354389
1698354603
1698355386
1698366566
1698366568
1698366668
1698382801
1698383115
1698383117
1698383119
1698401994
1698436782
1698446079
1698458370
1698505927
1698507851
1698509968
1698524838
1698528275
1698530183
1698531743
1698532555
1698532666
1698534461
1698534462
1698537446
1698541264
1698552324
1698559853
169885307
1699011074
1699893914
1699896184
1700998256
1701150733
1701177161
1701219959
1701221851
1701255263
1701285665
1701317490
1701340765
170138531
1701386906
1701400582
1701405564
1701453815
1701453816
1701474719
1701486380
1701486381
1701486383
1701486385
1701491786
1701562292
1701599727
1701602531
1701673692
1701685915
1701685916
1701685917
1701696923
1701765940
1701840900
1701841083
1701841889
1701842477
1701843483
1701929229
1701941116
1701969258
1701972432
1701972434
1701974189
1701974832
1701975227
1701976001
1701978483
1701979556
1701980242
1701990181
1702085580
1702086774
1702087195
1702087901
1702087954
1702088472
1702090008
1702091114
1702091401
1702092147
1702092862
1702093014
1702093725
1702094297
1702095154
1702095355
1702098287
1702098436
1702098512
1702098687
1702098858
1702111381
1702111792
1702112128
1702112844
1702113620
1702122262
1702122289
1702139690
1702140541
1702140665
1702141098
1702141751
1702142548
1702142572
1702143591
1702144668
1702144794
1702145215
1702147362
1702147881
1702147923
1702147972
1702150955
1702151184
1702151799
1702152234
1702152482
1702152593
1702153490
1702153813
1702153900
1702153950
1702154098
1702154348
1702154761
1702155243
1702155323
1702155846
1702218912
1702223711
1702229285
1702253224
1702600930
1704625830
1704721492
1704730232
1704731078
1704731363
1704735830
1704739542
1704743423
1704751747
1704752533
1704954021
1705088147
1705129928
1705191350
1705227633
1705274793
1705303808
1705372881
1705382023
1705384668
1705384669
1705398204
1705446815
1705457148
1705457151
1705919850
1705929415
1705937906
1705949537
1705950709
1705960904
1705967724
1705967859
1705979048
1705980086
1705982075
1705993135
1705998212
1706004583
1706005297
1706015700
1706015892
1706038421
1706042515
1706042764
1706045364
1706060541
1706062902
1706064551
1706079005
1706081650
1706087011
1706088937
1706092546
1706094322
1706100344
1706103679
1706105982
1706112370
1706112421
1706115155
1706121294
1706126948
1706131131
1706139895
1706141613
1706148190
1706149453
1706161094
1706265632
1706338925
1706370275
1706370290
1706497500
1706500692
1706809689
1706851716
1706933389
1706943748
1706954254
1706962127
1706962680
1706962972
1706963476
1706964887
1706965994
1706966539
1707032378
1707119864
1707123477
1707154119
1707157332
1707168933
1707173218
1707176827
1707181742
1707183330
1707206856
1707211751
1707236151
1707254289
1707263827
1707284443
1707288654
1707418314
1707434800
1707529101
1707532837
1707536256
1707538842
1707538942
1707539872
1707631114
1708563225
1708670956
1708676718
1709827605
1709867142
1709879146
1709879606
1709880323
1709893818
1709906828
1709921088
1709938414
1709957565
1709958079
1709984069
1709985988
1710332347
1710383666
1710401908
1710473635
1710503608
1710519174
1710561821
1710743154
1710850623
1710862076
171093300
1710962917
1711111321
1711147543
1711694737
1711724474
1711734144
1711736745
1711760376
1711761726
1711908650
1711932567
1711937351
1711937429
1711939146
1711942296
1711949412
1711952216
1711952922
1711980521
1711981306
1711994474
1712131439
1712247341
1712322816
1712421807
1712432638
1712467063
1712476572
1712482628
1712482631
1712556321
1712567982
1712573099
1712583302
1712620486
1712738582
1712739474
1712752637
1712783219
1712790294
1712866567
1712908787
1713038828
1713040374
1713055313
1713067829
1713100707
1713172100
1713177299
1713186725
1713193479
1713335760
1713431738
1713435893
1713440914
1713486276
1713500833
1713533864
1713537765
1714040247
1714215280
1714376097
1714516702
1714593171
1714596804
1714618054
1714640271
1715292027
1715314477
1715316713
1715380651
1715399391
1715401318
1715412919
1715464986
1715467781
1715475279
1715514247
1715544724
1715553684
1715958385
1716115916
1716122734
1716149872
1716254670
1716267500
1716828806
1716861872
1716889354
1716889359
1716937763
1716950368
1716962141
1717062898
1717079134
1717098591
1717108812
1717120591
1717130704
1717130705
1717223355
1717263920
1717286676
1717335892
1717791226
1717950249
1717955723
1718004436
1718024752
1718025184
1718066390
1718070010
1718114899
1718115376
1718118724
1718130110
1718130113
1718130116
1718130162
1718133908
1718138622
1718147649
1718161341
1718163810
1718165489
1718190221
1718208003
1718216111
1718232538
1718293973
1718325240
1718325244
1718341862
1718370954
1718378175
1718424061
1718477455
1718482128
1718499390
1718562414
1718562912
1718572922
1718581457
1718583836
1718603462
1718611049
1718621030
1718650213
1718656070
1718670953
1718691507
1718693088
1718708716
1718713031
1718720378
1718720388
1718722601
1718732191
1718744420
1718755671
1718781379
1718785833
1718788840
1718803063
1718819044
1718822812
1718845256
1718863971
1718868405
1718888681
1718899158
1718900449
1718911149
1718925725
1718941269
1718983312
1719009912
1719032231
1719033710
1719036972
1719066896
1719075856
1719078850
1719081447
1719118577
1719118579
1719121690
1719130965
1719240311
1719306538
1719334765
1719338639
1719370737
1719370741
1719425823
1719442693
1719462633
1719504982
1719514003
1719533673
1719540519
1719540520
1719540521
1719546016
1719546110
1719564997
1719567144
1719588743
1719608565
1719730256
1719833927
1719884501
1719884502
1719907831
1719936659
1719955265
1719989899
1720024173
1720042486
1720046913
1720068986
1720071171
1720079392
1720121483
1720151404
1720175821
1720224697
1720249061
1720249334
1720250420
1720261913
1720287046
1720288433
1720295352
1720366302
1720458955
1720565232
1720572809
1720605831
1720610114
1720618466
1720619267
1720636965
1720638524
1720819744
1720824417
1720825966
1720833918
1720834818
1720835338
1720961429
1720963446
1720965179
1720966591
1721142319
1721146295
1721158558
1721164928
1721167304
1721223557
1721233879
1721248441
1721443159
1721643005
1721655996
1721657734
1721805631
1721880876
1721911100
1722001510
1722025219
1722065889
1722066336
1722071410
1722083778
1722122129
1722139856
1722155276
1722164448
1722191215
1722205262
1722208279
1722221834
1722222897
1722235617
1722251208
1722258577
1722266457
1722453207
1722453238
1722453240
1722453287
1722455150
1722461628
1722635220
1722636076
1722869758
1722982222
1722996080
1723109323
1723110143
1723136741
1723442246
1723442947
1723609217
1723621945
1723636102
1723654861
1723934426
1724004116
1724020398
1724023087
1724048292
1724080917
1724098371
1724100254
1724257849
1724261069
1724263459
1724269772
1724274361
1724279857
1724281620
1724283045
1724284042
1724293207
1724382393
1724383465
1724390667
1724444955
1724458619
1724499710
1724512831
1724528662
1724529987
1724532149
1724541906
1724559211
1724560205
1724571304
1724579650
1724582484
1724661704
1724813245
1724817945
1724818984
1724858174
1724858414
1724859141
1725001085
1725041320
1725041450
1725042612
1725212328
1725374539
1725377155
1725379984
1725383413
1725426656
1725439282
1725453741
1725468332
1725529089
1725572321
1725579278
1725584293
1725591872
1725694034
1725719596
1725805689
1725812391
1725818175
1725820674
1725822151
1725835612
1725847414
1725861598
1725865655
1725871544
1725901731
1726004614
1726007430
1726007431
1726458691
1726487519
1727100301
1727535252
1727540042
1727553613
1727659679
1727726093
1727816665
1727845003
1727931318
1727944452
1727964465
1727968656
1727971083
1727975530
1728000665
1728025140
1728051819
1728055348
1728094079
1728140266
1728144735
1728160418
1728174153
1728213512
1728221978
1728238513
1728246689
1728260520
1728300364
1728302284
1728320152
1728325987
1728331116
1728331118
1728388339
1728389884
1728494917
1728522144
1728534826
1728535031
1728535131
1729174309
1729180663
1729507689
1729512396
1729711014
1729720214
1729835204
1729873970
1729883186
1729911284
1730058162
1730153741
1730487978
1730489166
1730500890
1730513169
1730522055
1730526849
1730537964
1730555485
1730556446
1730561738
1730562523
1730566481
1731066910
1731083686
1731089597
1731114431
1731120367
1731171263
1731171264
1731171265
1731189051
1731200047
1731202384
1731202611
1731356606
1731370159
1731397554
1731407335
1731412444
1731526199
1731533939
1731533940
1731546427
1731587323
1731815738
1732250964
1732308877
1732312354
1732315940
1732317284
1732353631
1732374157
1732375931
1732395041
1732483854
1733099831
1733115964
1733115965
1733115966
1733122336
1733133495
1733143120
1733172231
1733172232
1733172234
1733232591
1733238827
1733296863
1733452504
1733467805
1733546808
1733546810
1733561482
1733570785
1733573851
1733582334
1733586468
1733590445
1735031730
1735095774
1735108399
1735139567
1735617050
1735634167
1735745200
1735755294
1735763460
1736261772
1736453264
1736586793
1736695296
1736890942
1736924381
1737836230
1737911645
1737919076
1737920812
1738176695
1738698590
1739082713
1740192333
1740201752
1740206557
1740639320
1740670447
1740692141
1740706689
1740713869
1740713871
1740717062
1740723300
1740732231
1740732233
1740732281
1740733692
1740742560
1740747696
1740750161
1740750230
1740751100
1740769092
1740773486
1740786331
1740786630
1740795686
1740806147
1740806547
1740806548
1740806549
1740825909
1740828546
1740834315
1740860115
1740881506
1740933508
1740935633
1740938920
1740993007
1741032931
1741035600
1741045042
1741045052
1741053235
1741057563
1741069657
1741083570
1741084867
1741136722
1741168857
1741263731
1741357230
1741467206
1741658932
1741668646
1741681878
1741681978
1741708872
1741766674
1741769817
1741800605
1741867972
1743005999
1743046300
1743243340
1743247734
1743256127
1743258804
1743258805
1743258806
1743271892
1743290619
1743440560
1743459326
1743658770
1744219588
1744224193
1745054565
1745067287
1745108871
1745118355
1745235335
1745251079
1745255317
1745257992
1745261986
1745267170
1745267991
1745277464
1745280673
1745281803
1745295309
1745295764
1745296217
1745308438
1745313466
1745316124
1745321799
1745322262
1745334795
1745335698
1745338544
1745340475
1745351709
1745354969
1745356790
1745359310
1745361057
1745374236
1745374634
1745392631
1745398413
1745409045
1745409687
1745413353
1745416097
1745420983
1745422120
1745436583
1745440548
1745442708
1745447542
1745457523
1745462783
1745471520
1745475483
1745481084
1745484251
1745485955
1745495736
1745500006
1745506677
1745509412
1745513391
1745521711
1745523720
1745524173
1745533947
1745536995
1745540866
1745545356
1745548558
1745573308
1745585289
1745598108
1745921157
1745921377
1745947608
1745948355
1745958565
1745997946
1746005712
1746143759
1747398700
1747414960
1747415519
1747976775
1748295129
1748297662
1750585734
1750713731
1750724273
1750730509
1750749814
1750934808
1750940925
1751111405
1751152450
1751152451
1751370936
1751372817
1751944959
1751959550
1751959552
1751982738
1752042724
1752042727
1752046680
1752059097
1752081410
1752090990
1752091884
1752261990
1752412548
1752445258
1752461015
1752466566
1752470408
1752480296
1752497306
1752513674
1752532730
1752532731
1752595593
1752775124
1754207911
1754622612
1754654982
1754781156
1754898360
1754899480
1755142712
1755464262
1755467326
1755615184
1755624631
1755690990
1755823551
1756732684
1756992052
1757121817
1757147857
1757151101
1757191313
1757191415
1757191417
1757191419
1757212238
1757294607
1757315450
1757315452
1757326756
1757328237
1757365381
1757365383
1757375526
1757438935
1757479992
1758524305
1759040790
1759298470
1759605675
1759697514
1759741996
1759802745
1759811965
1759824266
1759824269
1759824270
1759829944
1759951054
1759952926
1759960454
1759998665
1760009003
1760661966
1760680895
1760689129
1760714827
1761009612
1761809455
1761825508
1761826582
1761841489
1761843901
1761843907
1761844458
1761939196
1761939851
1761950492
1761968135
1761975688
1761979926
1761984136
1761984140
1761984143
1761986082
1761986084
1761986086
1762027997
1762029241
1762029244
1762030593
1762044340
1762045838
1762053139
1762053244
1762080955
1762101007
1762127765
1762163196
1762890042
1762891419
1762899394
1762910018
1762913073
1763087851
1763103184
1763105899
1763118772
1763126326
1763141838
1763141851
1763144786
1763144799
1763153688
1763153701
1763154722
1763154735
1763164864
1763164877
1763968176
1764100390
1764110528
1764163836
1764176778
1764198610
1764229134
1764229135
1764291901
1764297290
1764329993
1765933727
1765935056
1765937622
1767052875
1767053470
1767058651
1767074942
1767088763
1767186428
1767192932
1767206088
1767213286
1767229948
1767328579
1767596008
1767723952
1767736945
1767740547
1767756569
1767763876
1767806643
1767809450
1767809464
1767810971
1767812290
1767816210
1767822598
1767822649
1767835595
1767842872
1768078532
1768381851
1768381854
1768602726
1768603369
1768833890
1768878068
1768878069
1768881489
1769850607
1770058942
1770094808
1770124810
1770525503
1770565482
1770685568
1770696406
1770729851
1770734185
1770737055
1770737396
1770746056
1770753694
1770818074
1771264239
1771279418
1771283734
1771423063
1771471898
1771479467
1771550764
1771583002
1771626268
1771789779
1771926767
1771930689
1771930690
1771930691
1771941563
1771942157
1771999022
1772009229
1772073206
1772103475
1772142985
1772169267
1772182195
1772182312
1772238397
1772293458
1772715764
1772751129
1772776988
1773888074
1773901553
1773912627
1773913245
1773945508
1774024183
1774074478
1774076297
1774080693
1774082668
1774106071
1774109463
1774135367
1774140513
1774215532
1774261704
1774286580
1774290583
1774293348
1774308314
1774312592
1774319567
1774484090
1774724116
1774841837
1775329752
1775635794
1775646916
1775681925
1775708157
1775708661
1775708662
1775718945
1775767593
1775856376
1775858434
1775931458
1776847270
1776970530
1776976997
1776976999
1776979612
1776983784
1777012630
1777015942
1777017393
1777017394
1777018024
1777019816
1777021371
1777024475
1777054750
1777117325
1777555876
1777579172
1777579173
1777589500
1777684365
1777705680
1777716850
1777741527
1777787082
1777789470
1777790367
1777856607
1777867808
1777892479
1778131662
1778175694
1778175695
1778178687
1778178688
1778224399
1778225323
1778551015
1778551016
1778551017
1778564458
1778623983
1778636644
1778711569
1778778976
1778785029
1778841052
1778841650
1778937981
1778937983
1778940164
1778940165
1778942006
1778942007
1778974715
1778980780
1779080582
1779080586
1779080589
1779122512
1779140820
1779159338
1779159340
1779232607
1779269719
1779273733
1779351525
1779463805
1779472959
1779475127
1779479591
1779481877
1779487305
1779521282
1779524171
1779524178
1779524180
1779528723
1779528724
1779536097
1779546352
1779599821
1779672656
1779684487
1779856295
1780050059
1780050099
1780174652
1780200523
1780221286
1780221287
1780268389
1780273868
1780284089
1780287487
1780293336
1780363335
1780518072
1780544515
1780545944
1780553054
1780553055
1780553056
1780556074
1780576171
1782204116
1782287184
1782386420
1782403954
1782440572
1782447799
1782452334
1782465149
1782480954
1782491543
1782514002
1782532836
1782574262
1782584147
1782591338
1782616992
1782627563
1782636438
1782657957
1782715925
1782800012
1782813103
1782827025
1782829023
1782971847
1782993066
1782998278
1783005727
1783015325
1783015327
1783044656
1783294207
1783297233
1783299099
1783299100
1783355725
1783364310
1783380526
1783392532
1783427162
1783482269
1783541403
1783564233
1783589639
1783664353
1783716828
1783741313
1783786297
1783803271
1783858421
1783871241
1783872734
1783878088
1783878590
1783904183
1783907410
1783957469
1783968700
1783972207
1783985876
1784029978
1784112223
1784126220
1784128005
1784133371
1784135812
1784150910
1784153288
1784174611
1784206501
1784234678
1784266495
1784266592
1784434207
1784560386
1784602341
1784606838
1784620387
1784621103
1784798152
1784809442
1784899704
1785012776
1785194343
1785415730
1785423106
1785423107
1785472662
1785473963
1785490014
1785528965
1785916747
1785930550
1785938764
1785942346
1785964171
1786102808
1786117198
1786127153
1786181807
1786209176
1786209180
1786211434
1786248319
1786250795
1786319660
1786365951
1786374746
1786385089
1786385438
1786409427
1786420461
1786422002
1786440581
1786441545
1786451421
1786493142
1786493145
1786498148
1786511119
1786521160
1786530184
1786658162
1786661503
1786807891
1786833977
1786835167
1786866669
1786928816
1786931730
1786933811
1786936117
1786991040
1786997744
1787006561
1787065923
1787065924
1787080016
1787085691
1787095255
1787107679
1787178189
1787183641
1787187467
1787236125
1787250442
1787461471
1787464327
1787464987
1787466112
1787468572
1787469023
1787469025
1787469164
1787470487
1787472416
1787489696
1787519874
1787550364
1787561343
1787565920
1787569600
1787577185
1787612841
1787631484
1787632250
1787632291
1787640422
1787640423
1787642144
1787646659
1787649046
1787652953
1787654477
1788184499
1788256152
1788511812
1788559478
1788642318
1788655711
1788660595
1788699205
1788702181
1788702501
1788703066
1788950472
1788957260
1788960535
1788972095
1788972521
1789086556
1789086558
1789100871
1789317949
1789404742
1789515209
1789515210
1789526439
1789713522
1789716872
1789716905
1789729005
1789735611
1789738557
1789754174
1789754176
1789761699
1790892087
1790942398
1790942610
1790942611
1790945602
1790963308
1790968055
1790969865
1790971462
1790971834
1790972730
1790976327
1790981098
1791033504
1791034796
1791035321
1791043563
1791048216
1791063925
1791071980
1791108045
1791108646
1791334241
1791362181
1793506635
1793535301
1793856396
1793996132
1795748209
1795749346
1795753113
1795753719
1795755536
1795755537
1795755634
1795779354
1795797240
1795804778
1795805061
1795844009
1795867383
1795881565
1795911355
1795916202
1795925010
1795925012
1795925014
1795939697
1795965633
1795968374
1795985315
1795997779
1795997801
1796005221
1796008861
1796030946
1796043366
1796052673
1796054967
1796056202
1796069005
1796077722
1796101369
1796103045
1796103046
1796104084
1796104085
1796105063
1796112724
1796112725
1796119151
1796119152
1796121873
1796123880
1796123881
1796123958
1796124081
1796125296
1796127776
1796130402
1796133908
1796133909
1796136074
1796137716
1796139431
1796139432
1796146726
1796146728
1796156629
1796156762
1796156763
1796300762
1796311072
1796315583
1796381949
1797096513
1797463423
1797484416
1797779802
1797783999
1797802849
1797827236
1797887395
1797887396
1797887397
1798054302
1798060016
1798060017
1798060100
1798110705
1798110707
1798246077
1798299817
1798328502
1798364549
1798389923
1798461806
1798548845
1798588517
1798589422
1798617244
1798617248
1798668387
1798698520
1798708342
1798708953
1798771719
1798771720
1798792461
1798803912
1798804021
1798815398
1798885219
1798903049
1798940325
1798955732
1798964814
1799000759
1799002056
1799956877
1800144868
1800221662
1800446927
1800504020
1800529637
1800551250
1800883312
1800883353
1800926857
1800959186
1801008770
1801010022
1801026989
1801026990
1801026991
1801029945
1801029946
1801029947
1801080863
1801096581
1801154147
1801159116
1801159117
1801165766
1801166215
1801209589
1801216466
1801218085
1801221093
1801275326
1801282443
1801282445
1801337729
1801338212
1801383468
1801417441
1801438022
1801456149
1801463044
1801469335
1801470136
1801475808
1801486722
1801527254
1801533631
1801564961
1801565262
1801565263
1801580385
1801618131
1801633964
1801649592
1801661886
1801668153
1801668158
1801674435
1801703022
1801705605
1801706596
1801714754
1801721980
1801731282
1801737290
1801806329
1801806331
1801814436
1801814437
1801816517
1801892435
1802125601
1802734377
1802757258
1802757259
1802784993
1802788521
1803189739
1803189963
1803210176
1804010171
1804082064
1804083039
1804089357
1804144273
1804201468
1804216183
1804216184
1804217033
1804218809
1804283184
1804294415
1804294417
1804309111
1804315459
1804506753
1804676997
1804894902
1804921493
1804921495
1804928174
1804944103
1805085541
1805157733
1805197513
1805353718
1805513353
1805639047
1805667997
1805961104
1805963555
1805966024
1805968477
1806551183
1806653605
1806663058
1806675513
1806934924
1806934928
1806936900
1806968546
1806974699
1807006314
1807075300
1807076207
1808638795
1808732792
1808733815
1808808124
1809970699
1810227377
1810413310
1810448788
1810451160
1810599058
1810678013
1811131923
1811259995
1811261055
1811261076
1811404363
1811714197
1812227971
1812228726
1812360326
1812696653
1812735374
1812762498
1812763286
1812764440
1812765796
1812771218
1813110752
1814782449
1815600064
1815602878
1815604806
1815605994
1815616800
1815848318
1815863499
1815875285
1815934984
1815940260
1815978133
1815980910
1816031154
1816073937
1816101877
1816122560
1816123374
1816123376
1816123378
1816127540
1816144492
1816211030
1816215212
1816217826
1816247160
1816260288
1816265534
1816272114
1816338433
1816339302
1816339504
1816358249
1816391298
1816401064
1816448248
1816514616
1816521256
1816667632
1816671962
1816687444
1816696330
1816697203
1816704968
1816705269
1816707550
1816717406
1816753725
1816767493
1816821935
1816913376
1816942678
1816964236
1816975865
1817026699
1817026700
1817027352
1817027354
1817027356
1817044620
1817044628
1817054139
1817060798
1817086486
1817090602
1817098022
1817117086
1817123427
1817127280
1817134145
1817145859
1817145863
1817165343
1817190522
1817272197
1817423272
1817461408
1817542585
1817564044
1817570766
1817596374
1817596544
1817620480
1817644747
1817646595
1817683663
1817683664
1817683665
1817694231
1817694232
1817694233
1817704536
1817704538
1817717698
1817724711
1817724715
1817753402
1817801549
1817801553
1817805128
1817811343
1817832133
1817832134
1817858500
1817988501
1817992370
1818109783
1818111512
1818176802
1818206732
1818208118
1818210284
1818211868
1818262558
1818265110
1818278578
1818278579
1818284349
1818290017
1818307818
1818310459
1818326893
1818355205
1818380588
1818403256
1818510095
1818558131
1818565051
1818575721
1818704336
1818707445
1818708984
1818760933
1818787672
1818796936
1818798343
1818933742
1818958864
1818958865
1819223231
1819226720
1819246248
1819272129
1819274097
1819288462
1819316319
1819318859
1819345326
1819367306
1819383316
1819386418
1819392862
1819423020
1819460066
1819460483
1819465239
1819466217
1819495679
1819514829
1819539455
1819543266
1819569250
1819570593
1819650614
1820309869
1820321342
1820407582
1820439510
1820461690
1820464598
1820531208
1821229145
1821374693
1821387286
1821624718
1822031660
1822031661
1822098055
1822199195
1822199584
1822225521
1822417187
1822575098
1822638973
1822657911
1822764194
1822764197
1822777848
1822778018
1822794014
1822795939
1822800797
1822810360
1822810361
1822810362
1822813459
1822827886
1822827890
1822843245
1822930362
1822952671
1823025838
1823029406
1823038677
1823093766
1823167777
1823198864
1823223335
1823247057
1824195068
1824598129
1824599312
1824726935
1824732196
1824732197
1824735984
1824746836
1824749726
1825805508
1825965855
1825966300
1826139452
1826141300
1826143031
1826148579
1826180649
1826180692
1826268821
1826268822
1826282253
182636535
1826391062
1826391063
1826391064
1826455587
1826455595
1826498780
1826544940
1826548129
1826610631
1827344087
1827441763
1827452060
1827483555
1827502461
1827504754
1827516493
1827650017
1827967131
1828048522
1828057106
1828099915
1828192479
1828197474
1828199467
1828202296
1828254974
1828653929
1828759314
1828830757
1828830759
1828830761
1828871351
1828893802
1828896047
1828896048
1828961966
1829013223
1829741599
1829852685
1829887086
1829910880
1829928918
1829930899
1829957984
1829960805
1829966219
1829979643
1829981944
1830011582
1830055435
1830112439
1830122221
1830138833
1830140643
1830168297
1830189949
1830223195
1830231641
1830231643
1830252281
1830277686
1830311993
1830314567
1830358941
1830461049
1830469766
1830594698
1830620234
1830958338
1830962757
1830963470
1830987036
1830989202
1830991257
1830997178
1831001473
1831002005
1831010865
1831012523
1831068620
1831073659
1831090473
1831109380
1831183349
1831794727
1832290640
1832290641
1832290642
1832505254
1832507639
1832528874
1832537713
1832735795
1832763835
1832777852
1832785065
1832793414
1832797180
1832815825
1833007893
1833009914
1833009915
1833028595
1833123781
1833301430
1833304160
1833304161
1833308895
1833329487
1833329488
1834135209
1834235145
1834369618
1834875294
1834920391
1834942269
1835054723
1835713240
1835863110
1835899079
1835905081
1835905083
1835920477
1836255999
1836685803
1836743936
1836743938
1836744409
1836744410
1836775765
1836788794
1836820051
1836880801
1836897913
1836897914
1836897915
1836921126
1836931279
1836978499
1837139054
1837410511
1837410512
1838236232
1838253355
1838371577
1838374719
1838388158
1838388159
1838390973
1838424877
1838498380
1838505733
1838529444
1838530317
1838562541
1838586073
1838688601
1838732022
1838732787
1838732788
1838732987
1838743361
1838759284
1838839578
1838921624
1838926453
1838929381
1838934047
1838996154
1839048887
1839335640
1839342174
1839402622
1839409706
1839418783
1839440981
1839442597
1839549145
1839694820
1839695830
1839695850
1839754929
1839768780
1839946372
1839970722
1840004179
1840045714
1840053267
1840082540
1840084944
1840121762
1840133974
1840136257
1840155842
1840325515
1840326395
1840326404
1840331827
1840371660
1840372106
1840376840
1840376842
1840398214
1840398216
1840404706
1840406498
1840466378
1840475582
1840522939
1840524709
1840524710
1840586446
1840655676
1840686830
1840889587
1841105895
1841153644
1841153645
1841153646
1841185966
1841359139
1841500574
1841790050
1841853120
1841854444
1841967044
1842110116
1842338871
1842369926
1842374971
1842389669
1842428045
1842428047
1842428049
1842483092
1842513461
1842517059
1842534764
1843201895
1843204210
1843784420
1843831534
1843909627
1843923145
1843948343
1843980157
1844010002
1844493235
1844777271
1844792317
1844854431
1844904034
1844910975
1844918952
1844924674
1844937483
1844941283
1844966828
1845009880
1845051526
1845051527
1845209359
1845217973
1845775289
1845797608
1845826895
1845826923
1846270312
1846473986
1846677806
1846923451
1847030286
1847043289
1847104379
1847107640
1847107642
1847120900
1847138212
1847168872
1847184684
1847210476
1847210944
1847242871
1847278715
1847280383
1847646197
1847769819
1847827318
1847828495
1847946538
1848038997
1848579700
1848599827
1848803210
1848990993
1849672439
1850027168
1850036704
1850087219
1850133895
1850220236
1850268074
1850285360
1850285373
1850382221
1850402870
1850447499
1850447501
1850447504
1850476897
1850477751
1850477753
1850491407
1850500159
1850529863
1850535883
1850557553
1850559179
1850559181
1850559183
1850582727
1850604412
1850624138
1850773046
1850832513
1850990207
1851026661
1851031348
1851036774
1851086276
1851120072
1851153135
1851837037
1852003415
1852032469
1852135636
1852165043
1852189508
1852217315
1852224652
1852265240
1852267621
1852386307
1852392847
1852471287
1852488407
1852490979
1852495640
1852506661
1852519533
1852524169
1852554713
1852556599
1852559202
1852559879
1852560146
1852565570
1852581987
1852592500
1852798842
1852883614
1853083636
1853345844
1853380009
1853399734
1853473973
1853539213
1854623637
1854663359
1854781091
1855568180
1856823371
1857919091
1857919092
1857919093
1857919415
1857928754
1857928755
1858786396
1858786397
1858803230
1859006948
1859048086
1859052302
1859061566
1859121173
1859198579
1859211514
1859211520
1859227108
1859239067
1859256462
1859378730
1859460070
1859460149
1859460221
1859481725
1859549988
1859590497
1859594410
1859613876
1859616763
1859616887
1859673048
1859787412
1859845187
1859851944
1859920259
1859920261
1859924603
1859924991
1859928015
1859931403
1859932495
1859933634
1859947335
1859947336
1859947337
1859968075
1860038793
1860064647
1860074401
1860081969
1860213415
1860216255
1860244667
1860296593
1860297673
1860300803
1860303951
1860599087
1860856417
1860861696
1860897225
1860917998
1860978674
1860982384
1861003468
1861003609
1861003793
1861049128
1861050692
1861066526
1861184852
1861230621
1861289988
1861289990
1861291984
1861295781
1861300758
1861317742
1861317745
1861429161
1861579080
1861582858
1861585554
1861585654
1861585655
1861585656
1861721530
1862082074
1862163949
1862595128
1862595129
1862595130
1862641354
1862743906
1863142790
1863142792
1863271551
1863490389
1863605162
1863615031
1863652726
1863652729
1863807278
1864113351
1864137538
1864239182
1864354221
1864354225
1864366168
1864662856
1864688384
1864689515
1864770383
1864800598
1864819823
1864968603
1865074856
1865077531
1865077616
1865285084
1865490285
1866432976
1866448602
1866470827
1866564064
1866569919
1866715231
1867174958
1867847976
1867892298
1867900090
1867934791
1867963500
1867968523
1867968524
1867968525
1867986790
1867986791
1867986804
1867997370
1867999652
1867999653
1867999654
1867999655
1868004236
1868012907
1868012927
1868012972
1868013476
1868013479
1868014205
1868018464
1868019393
1868632190
1868886715
1868902239
1868952248
1869012798
1869012838
1869335750
1869356066
1869371771
1869393439
1869427924
1869443616
1869455929
1869492133
1869519274
1869527583
1869547888
1869590991
1869615230
1869721106
1869726944
1869737388
1869752416
1869769071
1869847706
1869857066
1869857666
1869866282
1869938796
1869947554
1869956299
1869999857
1870014319
1870095553
1870099745
1870189382
1872229571
1872387954
1872388758
1872772506
1873404925
1874984816
1874985746
1875292247
1875294408
1876229460
1876229469
1876229470
1876229471
1878069969
1878261514
1878267950
1878354030
1879214978
1879214979
1879214980
1879319793
1879566538
1879572237
1880610831
1880853384
1880853385
1881162670
1882322794
1882674753
1883417761
1883555106
1883612679
1883692824
1883719306
1883719829
1883753153
1883771589
1883774632
1883803107
1884101827
1884153775
1884154270
1884702671
1885033722
1885084133
1885143365
1885143366
1885143367
1885158985
1885795263
1885795265
1885795267
1885804906
1885804908
1885806090
1885808370
1885815873
1885831715
1885914589
1886127553
1886393184
1886401102
1886401104
1886825951
1886825952
1886829018
1886829020
1886829928
1886830165
1887000107
1887110227
1887110286
1887126462
1887167266
1887188446
1887194227
1887213591
1887439182
1887450621
1887498221
1887700282
1887775546
1887857527
1888185284
1888192057
1888270148
1888299219
1888640911
1888647449
1888661201
1888661203
1888662649
1888662650
1888672083
1888672086
1888713100
1888731335
1888731681
1888731682
1888735229
1888936709
1888937631
1888938881
1888938882
1888938884
1888941194
1889039928
1889132284
1889143152
1889154554
1889178121
1889497041
1889754526
1889758302
1889758304
1889771373
1889771374
1889771375
1889771876
1889773187
1890028889
1890102041
1890117808
1890133902
1890194628
1890243927
1890322143
1890526510
1890527667
1890600607
1890672537
1890672538
1890684052
1890695693
1890695694
1890704787
1890716055
1890730823
1890730827
1890736362
1890784281
1890784808
1890823250
1890854480
1890878294
1890891384
1890899805
1890911832
1891004717
1891032043
1891033590
1891044967
1891117644
1891242791
1891246266
1891246268
1891246270
1891290437
1891310295
1891320386
1891320395
1891346885
1891389253
1891458976
1891472383
1891490607
1891503418
1891539091
1891572141
1891572146
1891611252
1891635654
1891649117
1891653759
1891662596
1891671879
1891698876
1891710222
1891785117
1891801070
1891802359
1891867130
1891872383
1891936017
1891976358
1891995752
1891996976
1891997528
1892007145
1892040188
1892042384
1892068376
1892090339
1892211862
1892236769
1892307023
1892348159
1892365801
1892367988
1892394397
1892395700
1892417910
1892440941
1892449860
1892458501
1892458506
1892474523
1892516218
1892552090
1892552098
1892556607
1892559024
1892576518
1892578768
1892582246
1892586128
1892593437
1892593438
1892618020
1892620440
1892631353
1892633641
1892640377
1892648388
1892668062
1892668063
1892668064
1892687376
1892687379
1892687382
1892689348
1892698211
1892710673
1892717638
1892717640
1892717642
1892726651
1892746865
1892762063
1892764901
1892764905
1892768436
1892777550
1892792896
1892803655
1892811790
1892811791
1892811792
1892813760
1892813762
1892817627
1892817628
1892817629
1892837121
1892846526
1892873747
1892873751
1892898277
1892906733
1892922504
1892960121
1892976971
1892982922
1892995436
1893029586
1893051307
1893156315
1893208414
1893210706
1893218231
1893225198
1893225284
1893228110
1893229732
1893256467
1893261302
1893281375
1893287749
189336564
1893634936
1893634937
1893634946
1893634947
1893634966
1893636596
1893636599
1893636600
1893637485
1893637488
1893637781
1893637782
1893637783
1893731377
1893731379
1893739659
1893802768
1893829445
1893842382
1893924982
1893931536
1893937833
1893966303
1894452495
1894453446
1894498913
1894658295
1894721455
1894813858
1894843061
1894882554
1895016961
1895024907
1895043460
1895051730
1895054412
1895054782
1895059382
1895069373
1895071979
1895087062
1895098426
1895145476
1895197571
1895205513
1895262326
1895525800
1895559662
1895574310
1895574311
1895574312
1895595444
1896016825
1896035136
1896115277
1896121330
1896184509
1896221729
1896347263
1896379891
1896383402
1896420366
1896420367
1896467137
1896471442
1896871491
1896879111
1896879702
1896879703
1896879704
1896921648
1896941403
1896993507
1897101742
1897104639
1897157266
1897166341
1897183867
1897184098
1897347418
1897356874
1897497961
1897509422
1897521488
1897523701
1897532850
1897533541
1897550701
1897572097
1897676724
1898503222
1898568037
1898706262
1898827963
1898958188
1898965522
1899086075
1899184067
1899244182
1899476764
1899476861
1899509601
1899540503
1899588183
1899601449
1899601545
1900142914
1900142918
1900248513
1900248637
1900248638
1900250766
1900255988
1900255989
1900255990
1900715210
1900945756
1900966109
1901022873
1901070059
1901103028
1901103598
1901123289
1901132053
1901185978
1901205209
1901206589
1901316508
1901365652
1901399787
1901404480
1901416482
1901434601
1901539188
1901655754
1901737919
1901858159
1901880862
1901917458
1901921726
1902067957
1902187894
1902187942
1902206755
1902214715
1902219279
1902238761
1902273722
1902311089
1902318826
1902375432
1902375525
1902398633
1902542772
1902563860
1902564535
1902623996
1902692028
1902709352
1902723955
1902828797
1903187680
1903520104
1903698862
1903698863
1903941371
1904258142
1904389447
1904571834
1905093090
1905111925
1905128171
1905140904
1905142320
1905271210
1905271211
1905271212
1905279511
1905279512
1905279513
1905281485
1905293707
1905293708
1905303492
1905303493
1905303494
1905305725
1905311591
1905409987
1905466031
1905585245
1905590182
1905609496
1905631778
1905645080
1905645081
1905645082
1905645936
1905648766
1905665009
1905674795
1905679798
1905726505
1905762391
1905769099
1905769332
1905793734
1905795487
1905808429
1905809124
1905820496
1905821035
1905822823
1905861121
1905868918
1905872272
1905906756
1905983428
1905988746
1905989055
1906015475
1906048484
1906054795
1906064856
1906068300
1906129520
1906154198
1906155517
1906215836
1906269485
1906272085
1906278597
1906278601
1906285213
1906307083
1906325166
1906381743
1906388083
1906390271
1906393339
1906395656
1906395657
1906395658
1906439630
1906442464
1906449025
1906449026
1906452288
1906474510
1906494003
1906511707
1906516142
1906516143
1906516144
1906540426
1906540428
1906540430
1906545653
1906545946
1906570655
1906602033
1906602035
1906604823
1906620672
1906628408
1906657864
1906657866
1906693479
1906713666
1906730591
1906773812
190685426
1906860335
1906867481
1906882538
1906883048
1906956226
1906958017
190699660
1907003784
1907003785
1907003786
1907042744
1907062893
1907170982
1907225238
1907238504
1907261607
1907261611
1907277977
1907277978
1907277980
1907301617
1907309301
1907309350
1907322783
1907322786
1907322788
1907329060
1907329572
1907355483
1907355485
1907368869
1907368871
1907368873
1907369417
1907369419
1907377032
1907377034
1907377036
1907379277
1907381123
1907381125
1907381127
1907400223
1907400224
1907400225
1907407727
1907407728
1907407729
1907410993
1907422682
1907422683
1907422684
1907429047
1907433012
1907439459
1907439460
1907439461
1907466267
1907503315
1907511268
1907511269
1907511270
1907513185
1907513186
1907513187
1907518021
1907518022
1907518023
1907532029
1907532030
1907532031
1907535193
1907535686
1907603730
1907614356
1907614357
1907614358
1907661070
1907689650
1907741043
1907742234
1908218708
1909078643
1909078701
1909451203
1909451204
1909458150
1909459469
1909464129
1909489261
1909518604
1909518871
1909518872
1909518873
1909525074
1909526997
1909528698
1909528700
1909528702
1909533332
1909535998
1909541669
1909541670
1909541671
1909550187
1909552034
1909563934
1909563935
1909563936
1909565342
1909580219
1909580222
1909580225
1909581239
1909581242
1909581245
1909584390
1909586241
1909586244
1909598646
1909604124
1909604125
1909604126
1909605450
1909624794
1909624796
1909624798
1909627347
1909628825
1909628826
1909639943
1909639944
1909639945
1909641438
1909644277
1909645119
1909647939
1909649908
1909649911
1909649914
1909655648
1909666834
1909666836
1909666838
1909674531
1909683666
1909687314
1909687316
1909692105
1909715247
1909732831
1909749139
1909752276
1909752277
1909752278
1909752513
1909754685
1909764503
1909769727
1909793644
1909795856
1909796029
1909796031
1909796032
1909796071
1909796357
1909796359
1909797877
1909803688
1909807106
1909807109
1909807111
1909828797
1909828800
1909837238
1909837306
1909841069
1909842583
1909842586
1909842588
1909845390
1909849181
1909850079
1909856906
1909856908
1909856910
1909873558
1909873560
1909873562
1909879856
1909881196
1909881197
1909881198
1909884289
1909885107
1909892523
1909921051
1909922773
1909925400
1909926971
1909947422
1909947424
1909951537
1909951539
1909951541
1909955053
1909958150
1909966755
1909993453
1909998610
1909998611
1909998614
1909999616
1910004747
1910020201
1910020204
1910021415
1910023097
1910023669
1910032325
1910038066
1910043350
1910047413
1910047415
1910047417
1910047674
1910047676
1910047678
1910048019
1910048374
1910056533
1910056535
1910056537
1910056562
1910066776
1910066777
1910066778
1910068326
1910068327
1910071431
1910071432
1910075687
1910075688
1910085453
1910085454
1910085455
1910086976
1910103337
1910115198
1910120017
1910120619
1910122450
1910122786
1910122787
1910122788
1910158061
1910166718
1910171394
1910177373
1910213252
1910240893
1910266434
1910266436
1910286842
1910979529
1910988356
1911001233
1911410070
1912442539
1912833873
1912853686
1912863356
1912863357
1912964090
1912966966
1912966968
1912969904
1912974543
1913001425
1913002954
1913002955
1913172390
1913256483
1913847798
1913849350
1914048209
1914125891
1914150381
1914169044
1914175816
1914176049
1914189242
1914288467
1914299075
1914299076
1914300541
1914321555
1914334206
1914356225
1914362928
1914419075
1914422679
1914432814
1914442439
1914452010
1914454047
1914454049
1914466844
1914480857
1914556862
1914779160
1915403250
1915619131
1915651863
1915677656
1915680251
1915680252
1915680253
1915694115
1915707002
1915708330
1915715878
1916244962
1917098297
1917882021
1918171181
1918175320
1918175976
1918378305
1918392375
1918392377
1918457779
1918462842
1918470986
1918474753
1918474754
1918714202
1918985388
1918989385
1919076269
1919095780
1919311428
1919467850
1919524667
1919525377
1919541415
1919622713
1919623482
1919629141
1919662204
1919662249
1920005685
1920012762
1920012763
1920023692
1920057058
1920105048
1920106107
1920106108
1920124302
1920124303
1920124304
1920777385
1925193611
1925204477
1925205642
1925208607
1925209237
1925212879
1926893968
1926893969
1926893970
1926907356
1926916982
1926920679
1926927688
1926933921
1926944515
1927085731
1927121349
1927268221
1927675299
1927678056
1927679674
1927681049
1927742720
1928165009
1928184431
1928226636
1928326309
1928341849
1928357285
1928361159
1928371537
1928371539
1928371568
1928387804
1928391306
1928395266
1928395268
1928395683
1928395685
1928395687
1928410237
1928419024
1928423600
1928423601
1928436637
1928439057
1928457784
1928457785
1928457786
1928461304
1928461487
1928461821
1928466691
1928466693
1928466695
1928492908
1928497047
1928502897
1928504378
1928511630
1928512252
1928518042
1928528943
1928530403
1928530405
1928531604
1928533726
1928534838
1928547904
1928547906
1928547908
1928552867
1928552868
1928552869
1928556372
1928622872
1928631429
1928660044
1928660045
1928661594
1928661595
1928929582
1928938688
1928952119
1928952698
1928985499
1929358276
1929358277
1929358278
1929503228
1929505634
1929532966
1929538492
1929541614
1929919612
1930557213
1930565690
1930691442
1930700211
1930713997
1930831461
1930847984
1930847985
1930871622
1930996048
1931070286
1931071839
1931160341
1931370298
1931375540
1931375541
1931375542
1931386049
1931386057
1931386632
1931392346
1931393884
1931393886
1931615074
1931616766
1931741527
1931968507
1931969360
1931971563
1931971564
1931972734
1932008036
1932059961
1932070183
1932072355
1932870908
1932887425
1932904891
1932907674
1932909875
1932910619
1932913340
1932916142
1932918063
1932918064
1932918065
1932924422
1932924423
1932924424
1932929852
1932929853
1932932593
1932957167
1932959122
1932960303
1932960304
1932960406
1932994006
1933009315
1933009317
1933009319
1933023866
1933031780
1933031781
1933035935
1933036385
1933040275
1933040276
1933040946
1933301873
1933301874
1933301875
1933302084
1933742633
1933845617
1934033005
1934046114
1934071285
1934071286
1934071287
1934125949
1934135592
1934164190
1934164191
1934164192
1934226640
1934272911
1934280411
1934323298
1934327727
1934337381
1934355249
1934355250
1934355251
1934356805
1934372469
1934372470
1934372472
1934377052
1934425346
1934428639
1934435377
1934435378
1934435379
1934447769
1934465750
1934489702
1934634325
1934713927
1934767780
1934795491
1934866717
1934985476
1934999407
1935005391
1935014967
1935397242
1935423937
1935426032
1935426033
1935426034
1936352064
1936852856
1937390694
1937502832
1937511253
1937511721
1937626911
1937658196
1937658198
1937667156
1937682176
1937706799
1937706804
1937949877
1938229940
1938231596
1938231898
1938311674
1938311730
1938388587
1938481099
1938498140
1938503669
1938758472
1938987139
1939121872
1939161508
1939161509
1939161510
1939170573
1939181027
1939256901
1939278048
1939333637
1939346134
1939353527
1939353558
1939403776
1939524108
1939524109
1939528325
1939534141
1939536833
1939536834
1939536835
1939536836
1939541357
1939551917
1939787720
1940135636
1940137454
1940143669
1940468818
1940471665
1940862321
1940885719
1940935619
1940940052
1940989476
1940995541
1941070015
1941156252
1941170818
1941709619
1941720635
1941922431
1941925844
1941940322
1941940415
1941953523
1941969416
1941972810
1941974477
1941989636
1941998560
1942006826
1942006827
1942006828
1942042530
1942053544
1942055933
1942061197
1942071627
1942073289
1942088782
1942090461
1942090462
1942090463
1942095523
1942095525
1942107908
1942112803
1942197788
1942246289
1942246697
1942247436
1942250815
1942257190
1942284750
1942289061
1942293653
1942301007
1942307480
1942310828
1942313650
1942322845
1942330453
1942535743
1942640313
1942652107
1942656235
1942669808
1942669810
1942723289
1942730228
1942842704
1942894776
194308033
1943171605
1943317877
194348555
1943690743
1943839011
1944118179
1944762697
1944779780
1945018539
1945043078
1945059921
1945060909
1945061643
1945275900
1945285572
1945337423
1945363119
1945485756
1945493138
1945511613
1945511816
1945511817
1945512259
1945537776
1945543862
1945558373
1945558375
1945648039
1945910257
1945917920
1946169990
1946169991
1946178956
1946178957
1946178958
1946401024
1946452220
1946616882
1946714207
1946762150
1946768920
1946823941
1948029903
1948146479
1948316360
1948323172
1948451015
1948452877
1948455682
1948470935
1948535210
1948763320
1948772812
1949143565
1949153253
1949192435
1949192436
1949244357
1949481432
1949527306
1949546311
1949791673
1949793733
1949794335
1949794336
1949794337
1949795688
1949797040
1949797041
1949797042
1949801248
1949801264
1949804202
1949804318
1949804675
1949806014
1949824599
1949829225
1949879534
1949895226
1949899249
1949995280
1950043443
1950148449
1950148451
1950539953
1950551401
1950556409
1950567146
1950576596
1950583080
1950736721
1950966947
1950969402
1950973263
1950976808
1950992336
1951000396
1951000397
1951098527
1951098529
1951098531
1951108612
1951142523
1951164011
1951174317
1951267846
1951267847
1951270218
1951276268
1951309015
1951312470
1951437782
1951449269
1951704986
1951833712
1951852102
1951861344
1951875932
1951878692
1951945757
1951990192
1952075724
1952080525
1952149564
1952156765
1952180292
1952185587
1952185588
1952185589
1952191907
1952207229
1952209460
1952246842
1952247788
1952247789
1952247790
1952255877
1952309880
1952328031
1952334950
1952409229
1952417816
1952496587
1952543001
1952567422
1952569463
1952578529
1952608221
1952621269
1952636331
1952654038
1952657694
1953561529
1953561530
1953561868
1954800521
1954801238
1954881487
1954953002
1955012919
1955015012
1955022958
1955062857
1955163316
1955339256
1955358691
1955363941
1955363942
1955385724
1955388057
1955671283
1955671284
1955904828
1955904829
1955904830
1956027427
1956032607
1956038336
1956054488
1956095075
1956095530
1956098243
1956110612
1956206288
1956221824
1956222119
1956237127
1956262569
1956288559
1956294787
1956295268
1956311058
1956314255
1956317340
1956331013
1956368087
1956368088
1956368089
1956369351
1956373136
1956375386
1956487695
1956644540
1956644556
1956644887
1956644888
1956644889
1956649116
1956652332
1956658167
1956663261
1956678698
1956698554
1956706338
1956707273
1956707603
1956725407
1956810196
1956825708
1956825711
1956907554
1956917310
1956961222
1957015088
1957230246
1957249846
1957249851
1957250981
1957319310
1957327125
1957343196
1957453839
1957456707
1957496552
1957505628
1957506968
1957508622
1957534882
1957538030
1957557185
1957626109
1957626111
1957636248
1957636914
1957637008
1957664846
1957669188
1957714675
1957748733
1957770978
1957779852
1957784955
1957876604
1957909770
1957950912
1957999112
1958018289
1958028082
1958047964
1958051563
1958064130
1958087001
1958087557
1958090908
1958139869
1958143104
1958143718
1958144158
1958152197
1958230975
1958253047
1958261021
1958267706
1958270241
1958270242
1958320049
1958382261
1958458399
1958497493
1958522160
1958926052
1958944576
1958958923
1958973419
1959010110
1959144575
1959173905
1959311290
1959312057
1959318760
1959320122
1959320123
1959489482
1960001472
1960001595
1960055537
1960111655
1960113633
1960113636
1960113639
1960211602
1960216006
1960221775
1960223490
1960240842
1960276181
1960311042
1960315704
1960331430
1960376718
1960385243
1960388803
1960394024
1960530581
1960746448
1962990210
1963050463
1963224752
1963641948
1963641953
1963733338
1965389929
1965389931
1965611440
1965623839
1966214634
1966214635
1966214636
1966214808
1966329758
1966329760
1966396996
1966406621
1966473497
1966477784
1966478582
1966488153
1966533767
1966542511
1966546696
1966546698
1966590573
1966811414
1966887617
1967298072
1967500563
1967521123
1967853515
1968074795
1968206793
1968238773
1968304930
1968857079
1969158790
1969218068
1969236095
1969311153
1969311155
1969410520
1969418960
1969824434
1969824458
1969954266
1970100292
1970563838
1970578317
1970948244
1971078012
1972716258
1972719168
1972722962
1972797778
1972797779
1972851623
1972887306
1976429764
1976448340
1976520420
1976647658
197725261
197725262
197725265
197725266
1978330998
1979388636
1980222218
1980655571
1980667806
1980694073
1980711037
1980711546
1980854210
1980950704
1980960096
1981000924
1981005565
1981078757
1981095851
1981102388
1981103039
1981129675
1981151710
1981151713
1981156426
1981156832
1981201361
1981622929
1981743414
1981817904
1982128201
1982591439
1982621369
1982638232
1982724225
1982728808
1982809358
1983678604
1983695894
1983695896
1983696429
1984430436
1984589097
1984596898
1984596902
1984605666
1984696465
1984704254
1985955854
1985956498
1985973617
1986273267
1986353106
1986372951
1986375155
1986403586
1986413812
1986432382
1986435975
1986439576
1986439578
1986451332
1986451343
1986453645
1986459870
1986463434
1986463436
1986464975
1986525407
1986527991
1986538432
1986547875
1986599312
1986602875
1986604260
1986610413
1986624352
1986624355
1986624357
1986644746
1986644749
1986645150
1986653972
1986671290
1986671291
1986671292
1986716504
1986731931
1986791271
1987532117
1987565712
1987597217
1987717890
1987807191
1987811900
1987822585
1987839820
1987841547
1988676403
1988715891
1988735010
1988735012
1988741590
1988755312
1988759366
1988761686
1988764858
1988912562
1988932336
1988935255
1992215160
1992335933
1992335938
1992581414
1992661543
1992662641
1992744965
1992857022
1992867750
1992874367
1992920492
1992990162
1993028687
1993074895
1993111386
1993169618
1993172958
1993185409
1993209036
1993209037
1993209038
1993247859
1993247860
1993247861
1993304778
1993335863
1993349430
1993352168
1993353674
1993385189
1993385190
1993385191
1993411814
1993456754
1993562934
1993686232
1994087069
1994111075
1994137608
1994274940
1994536912
1994628568
1994639301
1994683233
1995173706
1995183605
1995186466
1995261409
1995386260
1995392885
1995402654
1995514278
1995520583
1995527372
1995530283
1995565012
1995569590
1996202452
1996208690
1996261090
1996292288
1996292426
1996297434
1996412838
1996416205
1996968704
1997003247
1997058750
1997091874
1997130429
1997210587
1997216514
1997236548
1997247526
1997280723
1997328529
1997422367
1997428212
1997430827
1997454396
1997454397
1997454398
1997502899
1997598743
1997603321
1997620826
1997733611
1997748613
1997772646
1997795441
1997809798
1997855507
1997868133
1997987655
1998144295
1998145276
1998145277
1998148579
1998148580
1998269489
1998468314
1998476323
1998477542
1998483107
1998704277
1998710903
1999015843
1999041087
1999210665
1999275891
1999284296
1999495467
1999495468
1999512669
2003619155
2003776505
2003888928
2005161845
2005172989
2005195342
2005251002
2005270531
2005284120
2005285364
2005288147
2005290749
2005319055
2005356325
2005358208
2005370148
2005381760
2005381762
2005389359
2005400095
2005418784
2005434200
2005475542
2005483863
2005484207
2005499086
2005506347
2006044294
2006119210
2006134574
2006181114
2006187568
2006211358
2006224961
2006416549
2006423215
2006423216
2006451522
2006454255
2006454779
2006454780
2006542596
2006863221
2006864639
2006871007
2007022461
2007027066
2007029217
2007043561
2007064879
2007067010
2007067013
2007072926
2007425720
2007626705
2007843560
2007912858
2008532398
2009026563
2010072021
2010097164
2013103714
2015265713
2015277581
2015277582
2015277583
2015301259
2015323213
2015408232
2015412993
2015569889
2015621303
2015694926
2015711042
2015720917
2015815020
2016430057
2016438931
2016452833
2016457663
2017374402
2017387786
2017402598
2017459682
2017599101
2017625510
2017637366
2017642428
2017737745
2017741321
2018003983
2018031694
2018079666
2018137269
2018137415
2018137505
2018137506
2018160365
2018160369
2018179659
2018183394
2018210054
2018552325
2018558582
2018824297
2018824299
2018845442
2018935513
2018975468
2018980448
2018981755
2018982157
2018984355
2018984356
2018985211
2018985299
2018986509
2018987270
2019068418
2019083373
2020353430
2020363906
2020390593
2020464141
2020468824
2020470737
2020474515
2020475578
2020488084
2020573692
2020575841
2020575843
2020585554
2020587600
2020992273
2021008916
2021273435
2021273439
2021326838
2021689731
2021705287
2021718604
2021901027
2022005266
2022047486
2022087098
2022175614
2022209750
2022228252
2022228254
2022262693
2022289061
2022290439
2022290441
2022617110
2022642081
2022644269
2022752029
2022758695
2022760940
2022784674
2023304717
2023305327
2023338929
2023355468
2023358163
2023362144
2023367449
2023378503
2023378508
2023619756
2023619757
2023646827
2023665535
2023668785
2023695537
2023723601
2023748222
2023756926
2023801126
2023806880
2023808739
2023811030
2023824211
2023828497
2023828498
2023828500
2023855313
2023855315
2023866746
2023941194
2023951944
2024022058
2024022060
2024022062
2024054308
2024054311
2024054313
2024063167
2024101655
2024124267
2024159755
2024189137
2024192847
2024212410
2024228177
2024243910
2024247234
2024258358
2024523776
2024523778
2024531241
2024573581
2024615713
2024635720
2024648352
2024667349
2024708807
2024708809
2024724560
2024769051
2025123072
2025123074
2025141813
2025264709
2025324233
2025394859
2025407492
2025424576
2025457023
2025466857
2025485029
2025531686
2025533090
2025644827
2025659699
2025660484
2026088516
2026384687
2026618862
2026726368
2026727041
2026742752
2026761664
2026827433
2026827437
2026827441
2026836611
2026836612
2026838553
2026869545
2026887639
2026924639
2026927367
2026943029
2026968413
2026989921
2027043053
2027198158
2027303144
2027321134
2027556949
2027570796
2027573518
2027597151
2027622711
2027622717
2027625632
2027658537
2027665925
2027666505
2027666510
2027674820
2027677182
2027677183
2027677184
2027696355
2027709453
2027714943
2027714944
2027714945
2027722671
2027752609
2027764355
2027764357
2027766637
2027810997
2027811000
2027811005
2028390627
2028408098
2028432405
2028432407
2028461436
2029169997
2029335995
2029344706
2029450856
2029521868
2029793432
2030345175
2030349393
2030386270
2030723786
2030892600
2031275316
2031305900
2032010623
2032035363
2032096008
2032198070
2032218235
2032330539
2032351682
2032547409
2032711626
2032719490
2032728985
2032808647
2032833613
2032892360
2032907704
2032969597
2033662053
2033968312
2034372177
2034383666
2034430779
2034430781
2034454325
2034463071
2034630067
2035048464
2035184561
2035199272
2035282019
2035292793
2035398315
2035475698
2035504072
2035507517
2035515087
2035516483
2035653979
2035684031
2035705928
2035831957
2035857056
2035863586
2035876515
2035883362
2036002688
2036084904
2036089466
2036101798
2036105952
2036105953
2036149992
2036150792
2036157668
2036178310
2036220956
2036246251
2036265113
2036297092
2036301610
2036308393
2036318203
2036340714
2036350198
2036367802
2036412982
2036524174
2036575413
2036577702
2036577886
2036580834
2036585317
2036590101
2036611452
2036614500
2036621426
2036635724
2036640720
2036658961
2036663422
2036666934
2036672403
2036672491
2036678533
2036681148
2036681150
2036691647
2036691660
2036695238
2036695239
2036695240
2036698182
2036911107
2037136412
2037178881
2037183835
2037183837
2037196655
2037215025
2037317954
2037317956
2037317963
2037320955
2037322806
2037322807
2037327014
2037392551
2038118823
2038120531
2038120784
2038744306
2039905302
2039907140
2039920419
2039920421
2039920423
2039920713
2039930008
2039932426
2039932430
2039939704
2040024161
2040036063
2040061713
2040064358
2040064359
2040064360
2040075441
2040075443
2040075445
2040078729
2040078732
2040078734
2040083141
2040110450
2040116536
2040122472
2040136732
2040139424
2040606956
2041080858
2043674696
2043896307
2044299642
2044299644
2044314693
2044451483
2044489208
2044506181
2044576682
2044625507
2044861871
2044861872
2044877143
2044960611
2044975275
2044975753
2044978434
2045057111
2045151836
2045182978
2045182989
2045222679
2045258270
2045260141
2045615082
2045618084
2045731199
2045731200
2045732536
2046005226
2046010073
2046010075
2046010662
2046010663
2046010664
2046018119
2046030359
2046044039
2046086695
2046135098
2046170822
2046544541
2046545931
2046545933
2046577159
2046578327
2046694897
2046714390
2046717137
2046727310
2046736875
2046776269
2046788242
2046961931
2046978042
2047265298
2047284849
2047284851
2047301768
2047306449
2047429118
2047726449
2048088469
2048103548
2048112245
2048120422
2048145000
2048159182
2048167299
2048192253
2048196190
2048216735
2048218531
2048232800
2048249167
2048280222
2048318645
2048318649
2048346175
2048346179
2048349241
2048374178
2048374181
2048374184
2048375014
2048377031
2048389497
2048389499
2048389501
2048437789
2048450637
2048462319
2048487215
2048488303
2048488305
2048488306
2048495030
2048503539
2048503540
2048503541
2048534322
2048563092
2048568388
2048568393
2048573056
2048582331
2048602390
2048602392
2048602394
2048602464
2048623722
2048693251
2048693253
2048742795
2048744214
2048968976
2048968977
2048970457
2048998657
2048998659
2049138240
2050063871
2050064209
2050067981
2050072293
2050074608
2050075351
2050076782
2050079921
2050088397
2050094423
2050099354
2050107668
2050127692
2050128558
2050129919
2050488942
2050505482
2050517118
2051247747
2051284056
2052271913
2052336681
2052360516
2052380825
2052387703
2052418419
2052419909
2052427010
2052429533
2052438789
2052450296
2052510912
2052514503
2052530719
2052540326
2052549232
2052581340
2052591171
2052592803
2054238378
2054238701
2054835091
2054924441
2055000977
2055018190
2055047163
2055047165
2055047167
2055055953
2055055955
2055055957
2055075471
2055460477
2055460479
2055460481
2055479294
2055479295
2055479296
2055489025
2055572246
2055583880
2055594263
2055620987
2055620988
2055655481
2055662344
2055662345
2055662347
2055688084
2055785162
2056616801
2057197381
2057197383
2057426937
2057435949
2057447222
2058181848
2058188475
2058188476
2058286936
2058467833
2058595641
2058779055
2059064639
2059073459
2059073461
2059087051
2059103562
2059104905
2059118373
2059135669
2059136828
2059150694
2059153200
2059153204
2059154485
2059170670
2059176199
2059177179
2059303399
2059382222
2059681702
2059725893
2059725894
2059805917
2059813733
2059913066
2059913068
2059980627
2060134911
2060142243
2060142244
2060142245
2060152719
2060238227
2060238363
2060594323
2060602481
2060614215
2060623782
2060672067
2060672069
2060672071
2060688105
2060715358
2062479659
2062998470
2063029380
2063030517
2063095356
2063160674
2063199968
2063214164
2063214568
2063277807
2063296793
2063835287
2063838574
2063865009
2063935417
2064030791
2064087878
2064459869
2064679445
2064795203
2065304021
2065552510
2065572996
2065583280
2065591855
2065599254
2065602207
2066258992
2066259206
2066296216
2066301224
2066309204
2067015518
2067062788
2067165441
2067429657
2067432182
2067436959
2067442489
2067444853
2067449249
2067680000
2067688108
2067688109
2067688110
2067728965
2067737260
2067860763
2067977822
2068007992
2068108771
2068134902
2068154955
2068188063
2068293769
2068473009
2068535410
2068551760
2068551762
2068551768
2069233667
2069275211
2069283330
2069581888
2069757001
2070467432
2070490549
2070503737
2070529542
2070560626
2070671051
2070832361
2070839428
2070840836
2070843009
2070852194
2071403559
2071438280
2071584807
2072413980
2072448846
2072928964
2073063600
2073192582
2073297414
2073333748
2073356780
2073358352
2073373675
2073375132
2073404952
2073415967
2073422286
2073470636
2073758771
2073817603
2073825781
2073832625
2073845996
2073864544
2073881839
2074047493
2074064019
2074198992
2074383287
2074383289
2074383291
2074440720
2074462283
2074462290
2074485688
2074813405
2074814629
2074862483
2074865224
2074867559
2074867563
2074896122
2075063387
2075088661
2075226409
2075247532
2075394137
2075666055
2075691700
2075954266
2075955373
2075961640
2075961644
2075979059
2076006056
2076024927
2076242055
2076690844
2076700907
2076711602
2076746675
2076747380
2076752122
2076752123
2076752125
2076993679
2076994422
2076998113
2077232788
2077285383
2077345822
2077371731
2077372798
2077395103
2077427307
2077535615
2077914625
2077917174
2077917175
2077917176
2077957796
2078169802
2078171380
2078171381
2078171382
2078171641
2078171642
2078171643
2078173674
2078710746
2079470029
2079480768
2079508414
2079524035
2079524400
2079555863
2080751546
2080910581
2082035585
2082569750
2082770780
2082786898
2082807083
2082825392
2083176908
2083180317
2083195983
2083214825
2083218426
2083225742
2083709679
2083710202
2083728785
2083844730
2083846238
2083903291
2083914642
2083914918
2083915967
2083918011
2083934824
2083937714
2083940226
2083950284
2083955153
2083962407
2083963741
2083974155
2083980218
2083983223
2084101234
2084120735
2084123607
2084152333
2084205200
2084226079
2084226080
2084226081
2084256250
2084272468
2084285547
2084310190
2084363260
2084408306
2084419934
2084476366
2084476367
2084619149
2085173907
2085515583
2085522388
2085595518
2085906137
2085933853
2085942035
2085946747
2085957197
2085961938
2085961939
2085961940
2085973141
2086008610
2086072728
2086553793
2086576319
2086650361
2086650484
2086990269
2086998875
2087003006
2087013619
2087020470
2087027297
2087032092
2087033241
2087037074
2087045472
2087048123
2087062541
2087064088
2087067416
2087067502
2087071376
2087087394
2087099586
2087111485
2087120487
2087144153
2087151251
2087407652
2087757886
2087761701
2087788066
2087799672
2087813748
2087817654
2087818049
2087823303
2087827094
2087847175
2087847771
2087864916
2087876294
2087882603
2087889933
2087906765
2087911504
2087913962
2087919043
2087920039
2087922225
2087933036
2087934501
2087938473
2087941895
2087977166
2087985459
2088192122
2088284017
2088308883
2088346579
2088346608
2088352946
2088752953
2088752954
2088752955
2089433964
2089438508
2089754348
2089964320
2090198545
2090208065
2090209080
2090224092
2090716286
2090721579
2090745442
2090745444
2090746198
2091583081
2091583253
2091583254
2091583255
2091583259
2091587804
2091587908
2091591116
2091624375
2091624801
2091648285
2091650041
2091884021
2091897997
2091916916
2091930153
2091938681
2093980534
2094367385
209503727
209531595
2095907145
2096063727
2096622055
2096797355
2096816257
2097157671
2098143441
2098143765
2098173919
2098193655
2099763425
2099800427
2099814043
2099820852
2099984029
2100376499
2100378805
2100392138
2100477862
2100764989
2100774635
2100780541
2100806310
2100806332
2100836926
2100856826
2100932689
2100995827
2101001786
2101221928
2101229096
2101235952
2101238414
2101241907
2101251080
2101255661
2101257260
2101257261
2101257262
2101331330
2101358162
2101374124
2101791329
2102197239
2102583825
2102589919
2102901777
2102901779
2102904179
2102906422
2103025510
2103091641
2103091927
2103116882
2103147610
2103147613
2103149479
2103149480
2103149483
2103164781
2103301157
2103306950
2103329575
2103335036
2103345949
2103352384
2103369821
2103401295
2103409183
2103416379
2103432478
2103554177
2103586085
2103591742
2103745502
2103815522
2103841628
2103848093
2103858555
2103858648
2103860492
2103884476
2103884478
2103936553
2103939406
2103976895
2103993998
2103993999
2103994000
2104005438
2104012432
2104036017
2104070395
2104073619
2104092033
2104111352
2104120174
2104122417
2104124338
2104126463
2104126465
2104145823
2104184446
2104208874
2104228715
2104233172
2104243731
2104275716
2104285431
2104286616
2104300877
2104302398
2104341078
2104341079
2104341080
2104829454
2104847163
2104864496
2104899743
2104972656
2105011599
2105011603
2105011604
2105012811
2105013417
2105041375
2105068714
2105068718
2105071227
2105088169
2105088171
2105091922
2105196348
2105212313
2105221928
2105221932
2105221935
2105230640
2105261501
2105263228
2105325595
2105341721
2105345304
2105389084
2105502762
2105520702
2105529088
2105546397
2106624855
2106626676
2107130426
2107270605
2107281234
2107536923
2107631139
2107791843
2108100518
2108679810
2108883576
2108887884
2108908664
2108923523
2108925344
2108925348
2108929605
2108932579
2108987454
2110895026
2110923037
2110940663
2110984093
2111022903
2111022909
2111024958
2111034782
2111037745
2111384910
2111390926
2111604888
2111604889
2111692940
2112771078
2112771081
2112771452
2113458355
2113467575
2113526068
2113558005
2113602166
2113609433
2113623107
2113635644
2113687296
2114497028
2114666432
2115232854
2115983324
2116577907
2116577909
2116578354
2116826741
2117719965
2117719990
2117893779
2118388170
2118414770
2118419897
2118424428
2118439347
2118460728
2118482655
2118495496
2118529546
2118529548
2118828201
2119037157
2119039961
2119098282
2119098290
2119112358
2119112360
2119112362
2119114482
2119115221
2119162079
2119167596
2119178840
2119212752
2119788544
2119788546
2119792337
2119820402
2119831931
2119839076
2119847608
2121841491
2123542440
2123552122
2123661268
2123688582
2123688585
2123885368
2124016309
2124053064
2124808410
2124808411
2124808412
2124810257
2124810258
2124810259
2124852078
2124863801
2124866198
2124886868
2124886869
2124886871
2124893843
2124893844
2124893845
2124894200
2124948128
2124948129
2124999419
2125004114
2125010390
2125025520
2125034848
2125476266
2125529353
2125536608
2125550701
2125558601
2125563120
212560937
2125617380
2125639190
2126012882
2126017065
2126021071
2126462024
2126486962
2126689051
2127256377
2127257909
2127272975
2127335029
2127526590
2127588593
2127633007
2127633936
2127776373
2127962538
2127962545
2127990813
2127990815
2127994626
2127995354
2128132306
2128397125
2128687963
2128697767
2128697822
2128749966
2128773644
2128810779
2128824109
2128833077
2128902891
2129042190
2129108100
2129108876
2129109004
2129113579
2129132631
2129132632
2129590398
2129702288
2129734378
2129759608
2129767293
2129776476
2129788540
2129820575
2129842663
2129846494
2129852413
2129893632
2130448748
2130461842
2130462029
2130782144
2131104328
2131123164
2131159215
2131248975
2131282817
2131504344
2131535492
2131600241
2131600242
2131620131
2131625293
2132489669
2132539349
2132539354
2133202936
2134557099
2134581323
2134597760
2134597761
2134900990
2136262774
2136427431
2136442872
2136448182
2136491403
2147685989
2147892154
2147896476
2147911364
2147916086
2147933477
2147933883
2150567224
2151362704
2151364500
2151364502
2151364504
2151382995
2151391904
2151391907
2151391910
2151424864
2151512305
2151610767
2151651896
2151651899
2151651901
2151659772
2151702384
2151904918
2151996917
2152044569
2152088935
2152108352
2152108395
2152109179
2152156367
2152164104
2152166606
2152182841
2152185518
2152244197
2152244243
2152267981
2153712200
2153713103
2153714591
2153715237
2153717595
2153720946
2153728189
2153728523
2153728869
2153732765
2153741725
2153757491
2153762049
2153762365
2153792333
2153852822
2154150211
2154150212
2154159245
2154159246
2154159247
2154164930
2154180083
2154180084
2154180085
2154180212
2154180214
2154180216
2154189081
2154239838
2154257474
2154270831
2154311390
2154311394
2154379272
2154457712
2154457714
2154457715
2154460672
2154462147
2154498595
2154498596
2154498599
2154505762
2154514189
2154514269
2154523314
2154528519
2154536437
2154546843
2154546845
2154548053
2154575036
2154575037
2154575039
2154599930
2154609823
2154655845
2154677039
2154690693
2154690694
2154690695
2154865258
2154927389
2154968377
2154973159
2155090318
2155104567
2155121296
2155143111
2155148910
2155170627
2155170876
2155204139
2155214801
2155223371
2155234959
2155239344
2155243952
2155343065
2155429684
2155453733
2155467052
2155469854
2155497268
2155507918
2155518036
2155529785
2155544502
2155576184
2155601413
2155710820
2155737966
2155753150
2155994642
2155994645
2155994646
2156005155
2156005157
2156010010
2156062636
2156063577
2156064404
2156090807
2156090808
2156090809
2156094277
2156476232
2156476681
2156496030
2156544546
2156550891
2156592519
2156617598
2156617600
2156617755
2156690602
2156708680
2156708681
2156708830
2156729331
2157669701
2157687697
2157691916
2157691918
2157691921
2158171453
2158180809
2158296371
2158301505
2158317411
2158317514
2158324217
2158324608
2158345020
2158367933
2158374552
2158377104
2158386521
2158402741
2158423746
2158851746
2158854981
2158929121
2158932647
2158940031
2158955286
2159014284
2159020213
2159027713
2159027875
2159742970
2159742971
2159742972
2159763279
2159763281
2159779001
2159780904
2159786979
2159801965
2159831749
2159835268
2159837014
2159948655
2160023911
2160026471
2160036705
2160054364
2160426042
2161011880
2161023471
2161042745
2161042746
2161042747
2161043982
2161079171
2161090923
2161220127
2161421563
2161589265
2161649502
2162047814
2162056380
2162063326
2163461011
2163938771
2164006891
2164429305
2164441805
2164483254
2164690616
2164742642
2164747474
2164970479
2165327399
2165358940
2165435853
2165510694
2165571323
2165573442
2165574108
2165596819
2165601779
2165604975
2165629887
2165633547
2165637222
2165664808
2165714450
2167514871
2167541942
2167565666
2167569803
2167715227
2167728186
2167731073
2167740994
2167749780
2167966815
2167970338
2168002650
2168009145
2168043014
2168326380
2168475218
2168480908
2168753623
2168996452
2168996455
2168998390
2169068986
2169122964
2169553691
2169592183
2169640486
2169654401
2169840034
2169847933
2169883728
2170090608
2170203753
2170631510
2170661910
2171030546
2171051727
2171099648
2171483429
2172117189
2172470484
2172679740
2172680672
2172680888
2172682285
2172682308
2172705068
2173135836
2173136967
2173153918
2173170114
2173314234
2173330295
2173331666
2173339292
2174455198
2174521817
2174541031
2174553675
2174582167
2174637328
2174643160
2174677637
2174680744
2174683364
2174790367
2175156269
2175182042
2175250321
2175385237
2175482758
2175489696
2175512538
2175533990
2175649588
2175649590
2175649593
2175653178
2175656774
2175683265
2175683267
2175683269
2175687405
2175699818
2175701043
2175701045
2176068391
2176075017
2176077604
2176079817
2176102085
2176773759
2176796560
2176812594
2176832016
2176853673
2176871089
2176882678
2176907700
2176957137
2176959698
2177435724
2177440147
2177447222
2177450739
2177558942
2177563385
2177564863
2177570656
2177576425
2177578373
2177968227
2177982553
2177990678
2177993664
2178196754
2178232269
2178239268
2178573922
2178576519
2178576520
2178580520
2178580566
2178738882
2178751303
2178762320
2178762322
2178773020
2178773102
2178773215
2178793834
2178804352
2178804691
2178807124
2178822891
2178825090
2178833582
2178836095
2178894459
2178914038
2178914674
2178922104
2178924664
2179156306
2179181679
2179208194
2179219788
2179219862
2179247814
2179247815
2179247816
2179333877
2179335464
2179449999
2179452859
2179483684
2179486769
2179508407
2179510504
2179531920
2179532281
2179532512
2179539452
2179750295
2179810868
2179820177
217986933
2179978225
2179993350
2180263482
2180263486
2180316198
2181033641
2181037104
2181070261
2181096258
2181110224
2181127756
2181177320
2181201691
2181201692
2181436399
2181477183
2181480102
2181591403
2181593239
2181628274
2181628387
2181628441
218169174
2181799731
2181844196
2181844197
2181845101
2181868808
2181885558
2181896507
2181915483
2181993494
2182005500
2182006231
2182028183
2182031003
2182031004
2182031005
2182032105
2182040686
2182040689
2182041191
2182044645
2182044646
2182044647
2182045052
2182134711
2182182410
2182207769
2182327
2182529231
2182534063
2182541432
2182541447
2182546422
2182546437
2182552775
2182552790
2182635531
2182679108
2182786827
2183084692
2183084735
2183115664
2183134152
2183143306
2183254260
2183272516
2183291923
2183298314
2183301487
2183301488
2183703435
2183737584
2183769485
2183800446
2183924439
2184157047
2184157050
2184159356
2184171584
2184175640
2184175641
2184178764
2184196325
2184218697
2184225924
2184225925
2184225926
2184363661
2184374729
2184407919
2184407921
2184414827
2184417256
2184536011
2184561227
2184591832
2184608934
2184657485
2184665100
2184710555
2184710651
2184716361
2184726586
2184748254
2184753591
2184756398
2184791892
2184825575
2184868122
2184868126
2184885855
2184892808
2184920320
2185000543
2185000544
2185000545
2185173422
2185203057
2185213282
2185642482
2185645712
2185652625
2185652690
2185662477
2185662543
2185663893
2185673299
2185680613
2185690179
2185690910
2185699085
2185701102
2185777687
2185777832
2185778160
2185786960
2185787501
2185796893
2185796894
2185799665
2185933082
2185934500
2185938546
2185965875
2186201903
2186266929
2186440380
218681916
218681917
2186950980
2187940754
2187956369
2187956641
2188091824
2188093227
2188105675
2188108673
2188129081
2188140153
2188161803
2188164070
2188187077
2188285684
2188361995
2188372966
2188525920
2188599247
2188918336
2188951635
2189017905
2189046722
2189054916
2189054918
2189054920
2189058058
2189096635
2189096693
2189096694
2189096695
2189107068
2189160508
2189160509
2189259527
2189261701
2189279723
2189311357
2189321734
2189321739
2189330291
2189331494
2189331496
2189331902
2189346311
2189350630
2189359231
2189386264
2189423345
2189442596
2189449638
2189449639
2189451482
2189473883
2189473884
2189552963
2189613171
2189613182
2189638100
2189638253
2189656973
2189662679
2189665910
2189666495
2189670501
2189677811
2189680624
2189681347
2189786773
2189806552
2189838076
2190105075
2190126645
2190523177
2191265950
2191266793
2191316328
2191390692
2191937293
2192009847
2192051704
2192055558
2192055561
2192057538
2192075543
2192366896
2192441387
2192460367
2192478371
2192478373
2192478377
2192492415
2192502328
2192520648
2192531797
2192553176
2192555981
2192564753
2192564757
2192570445
2192692133
2192702877
2192990067
2193003530
2193006006
2193009439
2193009827
2193019326
2193033959
2193066896
2193115896
2193116476
2193123052
2193398612
2193587855
2193617261
2193621933
2194287118
2194301055
2194311502
2194713942
2195025457
2195026316
2195086224
2195094065
2195096355
2195106300
2195106301
2195106302
2195107236
2195109059
2195120549
2195647182
2195662688
2195755924
2196122517
2196197030
2196770471
2196770499
2196770500
2196770501
2196771916
2196804560
2196818228
2196868248
2196935368
2196957267
2197029282
2197097120
2197130199
2197147572
2197151925
2197176797
2197176848
2197235874
2197303240
2197316298
2197347166
2197347177
2197374881
2197382105
2197423841
2197426720
2197441955
2197446682
2197474530
2197504896
2197508039
2197508867
2197535365
2197535472
2197535473
2197535474
2197546247
2197546248
2197546249
2197547818
2197569030
2197569032
2197569034
2197599647
2197616011
2197833201
2198227595
2198244825
2198887760
2198926590
2198949125
2198974423
2199589574
2199590280
2199615971
2199618538
2199621169
2199623560
2199643019
2199656417
2199746625
2199746658
2199756400
2199756402
2199759831
2199759833
2199759866
2199805239
2199830448
2199962344
2199965906
2199987477
2200021285
2200045954
2201007902
2201016771
2201017214
2201046992
2202011168
2202011186
2202027024
2202039051
2202060089
2202086480
2202265222
2203297451
2203297452
2203348386
2203348868
2203386296
2203388098
2203392061
2203392062
2203682362
2203682734
2203697155
2203697256
2203701220
2204015127
2204230799
2204314571
2204316023
2204334312
2204339388
2204342440
2204358946
2204361115
2204396471
2204397330
2204407606
2204407786
2204416129
2204424621
2204432446
2204450808
2204451687
2204484961
2204554088
2204610158
2204680434
2205490400
2205540630
2205676771
2205721066
2205822457
2206168136
2206278778
2206424719
2206588824
2206811992
2206929825
2206931513
2206931514
2206931515
2207006245
2207011782
2207015336
2207015962
2207044466
2207113431
2207123924
2207247369
2207271676
2207325907
2207415098
2207471204
2208504633
2209081474
2209093426
2209107547
2209192078
2209207749
2209375353
2209379096
2209742414
2209795048
2209828026
2209838137
2209847536
2209897696
2209901790
2209930779
2209961307
2210030588
2210092582
2210491371
2210506332
2210515499
2210530484
2210556725
2210855441
2210864523
2210867040
2210885248
2210916794
2211771081
2211794248
2211804852
2211810989
2211821084
2211822267
2211833546
2211848887
2211852754
2211869771
2211870387
2211874498
2211890573
2211900169
2211906394
2211915882
2211925954
2211930699
2211932294
2211941443
2211950188
2211950189
2211950630
2211956249
2211965583
2211966124
2211966759
2211967819
2211969667
2211971291
2211973717
2211974594
2211976314
2211979084
2211981548
2211984153
2211987852
2211990361
2211996616
2212005122
2212006178
2212013090
2212016843
2212016994
2212020368
2212025990
2212026307
2212026881
2212027148
2212040580
2212065817
2212072334
2212096638
2212096907
2212143238
2212143841
2212148340
2212194574
2212194575
2212194639
2212202897
2212208341
2212208418
2212221857
2212225191
2212227257
2212227626
2212234339
2212236146
2212241560
2212250294
2212390739
2212404671
2212433683
2212693570
2212693572
2212693575
2212693577
2212800718
2213297831
2214006112
2214009589
2214031412
2214038248
2214135361
2214252573
2214278304
2214299823
2214302640
2214307639
2214316111
2214486586
2214502426
2214544820
2214584483
2214586495
2214617472
2214618791
2214688153
2214720007
2215436394
2215436412
2215440107
2215440480
2215452124
2215459856
2215462510
2215463194
2215624745
2215630842
2215658932
2215659271
2215778831
2216013397
2216031075
2216045734
2216084751
2216084752
2216115122
2216381019
2216387468
2216412591
221729977
2218152843
2218173453
2218190242
2218200583
2218200586
2218204803
2218210722
2218239135
2218242406
2218246102
2218247407
2218251076
2218284629
2218381450
2219531614
2219531615
2219540933
2219554705
2219723314
2219743189
2219748793
2219781250
2219784853
2219787436
2219790862
2220222505
2220232075
2220254944
2220263932
2220340319
2220368842
2220389968
2220389971
2220392925
2220447391
2220454273
2220517218
2220520696
2221000217
2221043580
2221043596
2221057604
2221070706
2221074348
2221077011
2221167507
2221168949
2221177256
2221193798
2221371148
2221398824
2221431078
2221440676
2221489690
2221508951
2221560753
2221593855
2221593856
2221617648
2221622565
2221624313
2221661498
2221691790
2221710903
2221781463
2221817487
2221821360
2221821361
2221823085
2221835057
2221841713
2222098714
2222107204
2222270021
2222352433
2222386439
2222444616
2222471104
2222473181
2222542730
2222552425
2222711295
2222753079
2222756488
2222769296
2222781009
2222785063
2222785065
2222785463
2222798590
2222806778
2222815875
2222815879
2222819095
2222887241
2222921401
2223168037
2223171059
2223173997
2223213821
2223325591
2223325592
2223370577
2223525716
2223552512
2223643856
2223680873
2223683094
2223686939
2223698677
2224619362
2224760609
2224760617
2224845488
2224855455
2224856554
2224859216
2224860197
2224867834
2224873124
2224875271
2224875272
2224883727
2224899961
2224905554
2224941564
2224969361
2224969582
2225169903
2225193916
2225226247
2225287830
2225337429
2225396195
2225396209
2225426337
2225427726
2225464683
2225471713
2225525066
2225541684
2225555126
2225562258
2225584731
2225593359
2225606521
2225634596
2225648433
2225688155
2225689909
2225707562
2225708451
2225741114
2225803029
2225803379
2225805872
2225833631
2225839239
2225848796
2225849977
2225867565
2225874048
2225880630
2225880931
2225885783
2225908426
2225915562
2225958388
2225989810
2226025350
2226045723
2226081715
2226114307
2226129183
2226153773
2226194283
2226394499
2226509523
2226509538
2226588043
2226612762
2226613164
2226631006
2226747660
2226747982
2226752299
2226796955
2226803171
2226813187
2226851463
2226857789
2226943515
2226961626
2226977430
2226989372
2226993426
2227458832
2227489684
2227495542
2227505822
2227506615
2227692282
2227697698
2227708877
2227709104
2227781794
2228659956
2228736606
2228747194
2228761030
2228833355
2228855720
2228883726
2228884968
2228891254
2228900427
2228907122
2228936162
2229015283
2229036523
2229036525
2229036527
2229056224
2229064523
2229074112
2229074113
2229074114
2229145394
2229163056
2229190722
2229304177
2229403518
2229413668
2229421763
2229466044
2229466046
22294671
2229474139
2229486642
2229486643
2229495699
2229499804
2229542821
2229542823
2229542826
2229557368
2229558454
2229558463
2229561451
2229611490
2229663328
2229683004
2229686434
2229687472
2229694569
2229700879
2229708154
2229749280
2229773661
2229783592
2229790783
2229798153
2229842871
2229905594
2229911619
2229918737
2229922650
2230023898
2230047521
2230089853
2230264685
2230270452
2230432657
2230436214
2230436217
2230448431
2230528606
2230539526
2230597957
2231357753
2231360995
2231364609
2231383114
2231386118
2231934664
2231935027
2232029839
2232089151
2232218765
2232279589
2232312859
2232477524
2232569878
2232746518
2233302678
2233678405
2233717498
2233873267
2233873269
2233876046
2233894002
2233912797
2233946299
2233996187
2234237682
2235577593
2235747672
2235770883
2236574170
2236574174
2236580564
2236582754
2236639033
2236639035
2236732620
2236761580
2237004265
2237299066
2237419124
2237428410
2237432229
2237915824
2237983732
2237995292
2238040195
2238100765
2238140599
2238340813
2238345376
2238369740
2238371095
2238374504
2238399282
2238403823
2238407312
2238436041
2238471381
2238474338
2238474339
2238478156
2238603659
223896868
2239303085
2239396071
2239407472
2239742564
2239756319
2239824105
2239851604
2239856791
2239861797
2239863809
2239985342
224017146
2240227923
2240227924
2240349257
2240368646
2240867248
2241251622
2241251623
2241251624
2241275903
2241313217
2241313219
2241388889
2241408216
2241431988
2242919913
2243411653
2245041437
2245067741
2245091792
2245091867
2245091868
2245107101
2245107102
2245108889
2245126995
2245317605
2245398400
2245398579
2245493699
2245735998
2245736796
2245791702
2245792344
2245813107
2245814456
2245822102
2245834738
2245835583
2245836454
2245857212
2245858481
2245860366
2245942517
2245942518
2245943014
2245943337
2246140587
2246140590
2246140591
2246142445
2246142447
2246142448
2246144588
2246145496
2246272401
2246418080
2246536002
2246773701
2246904645
2246935218
2247009654
2247335596
2247346953
2247347536
2247354670
2247355575
2247357174
2247357418
2247492258
2248196310
2248243271
2248243793
2248244318
2248272374
2248302922
2248566457
2248576767
2249070363
2250023586
2250023587
2250023589
2250037160
2250064998
2250236589
2250292921
2250292977
2250296328
2250305530
2250305531
2250305532
2250337942
2250386210
2250413825
2250733200
2250890233
2251731739
2251900026
2251909064
2251909065
2251909066
2251915301
2251918907
2251932780
2252069728
2252069729
2252069732
2252073188
2252079120
2252079121
2252079122
2252112782
2252222881
2252226211
2252226212
2252332693
2252341282
2252341283
2252417116
2252528233
2252528351
2253172887
2253223005
2253352582
2253352584
2253352586
2253522254
2253631528
2254041594
2254056306
2254056308
2254056310
2254183048
2254191618
2254208240
2254221405
2254327621
2254359973
2254407782
2254410893
2254473668
2254637454
2254637455
2254637456
2254644214
2254656193
2254665674
2254702172
2254702173
2254702175
2254784413
2255908861
2255932366
2255932368
2255932370
2255983723
2255983724
2255983727
2255987250
2255987251
2255987252
2256158372
2256163652
2257446626
2257446627
2257446628
2257565353
2257565354
2257601465
225791461
2257927306
2257930290
225793669
2258414654
2258441648
2258512960
2258512961
2258512962
2258512966
2258866818
2259407255
2259884450
2260001093
2260088338
2260092287
2260101143
2260415399
2260650395
2260650397
2260690397
2260694250
2260701255
2260853176
2260868222
2261083612
2261090422
2261101954
2261605131
2261700030
2261757119
2261757440
2261792763
2261793939
2261794716
2261794718
2261794720
2261874754
2261876910
2262135518
2262454195
2262463328
2262477590
2262486056
2262487574
2262641519
2262761835
2262975473
2262984662
2263082947
2263091939
2263093502
2263116247
2263181229
2263547337
2263559497
2263572762
2263617379
2263733956
2263756846
2263812228
2264297690
2264345741
2264402998
2264402999
2264403001
2264403003
2264403005
2264985136
2265110790
2265125135
2265143103
2265203304
2265218850
2265555790
2265610888
2265653784
2265653786
2265653787
2265700395
2265755540
2265881007
2265881010
2265881012
2265945567
2265948388
2265953008
2265959095
2266740192
2266740299
2266740300
2266740301
2267199719
2267260301
2267262275
2267262277
2267262279
2267262520
2267271791
2267275978
2267276355
2267322686
2267325868
2267371909
2267446136
2267455051
2267480969
2267480972
2267480975
2267494824
2267511563
2267511568
2267523171
2267525336
2267538053
2267592702
2267686158
2269183289
2269194276
2269200901
2269201964
2269212392
2269229667
2269240610
2269241718
2269309409
2269457602
2269809185
2269837263
2269952084
2269978230
2270010834
2270126573
2270126574
2270126575
2270127119
2270127137
2270150363
2270161020
2270172498
2270174825
2270229052
2270865151
2270866490
2270867209
2270870891
2270872514
2270981129
2270988207
2271017465
2271025311
2271056077
2271057886
2271057887
2271085169
2271086270
2271086271
2271252370
2271944306
2271973979
2272065918
2272065963
2272082667
2272137046
2272523560
2273081334
2273091924
2273141347
2273157515
2273165736
2273199018
2273351343
2273351450
2273351451
2273409577
2273409579
2273409668
2273414812
2273417953
2273434905
2273465687
2273515989
2273995911
2274089182
2274179626
2274179627
2274296627
2274937571
2274977317
2275027431
2275029569
2275056216
2275077680
2275108271
2275125026
2275304162
2275320285
2275374245
2275391290
2275453614
2276232572
2276232652
2276392078
2276409837
2276409838
2276409839
2276690276
2276690277
2276692423
2276695610
2276712292
2276719990
2276736949
2276736950
2276740898
2276740899
2276742488
2276760890
2276826922
2276950058
2277013027
2277033898
2277126240
2277156931
2277174591
2277984118
2278042176
2278341136
2278499999
2278563864
2278569134
2278617286
2278617287
2278743947
2278750265
2278884253
2278895554
2278901360
2278939863
2279064852
2279066243
2279082454
2279090934
2279102351
2279155983
2279155984
2279155985
2279189693
2279190742
2279192005
2279206258
2279248159
2279299173
2279450745
2279511936
2279540112
2279547979
2279641087
2279641088
2279659021
2280558823
2280561903
2280563889
2280575845
2280587749
2280590251
2280599079
2280807657
2281126210
2281134076
2281144894
2281163706
2281167634
2281184773
2281376843
2281431999
2281499426
2281503630
2281503632
2281507118
2281518792
2281518793
2281518794
2281563267
2281637072
2281653989
2281810459
2281925037
2282040616
2282407970
2282459703
2282460181
2282470320
2282488875
2282488876
2282488983
2282492163
2282506615
2282821238
2282824011
2282915125
2282922125
2282956577
2282956578
2283131456
2283138073
2283149652
2283150312
2283162744
2283210704
2283217417
2283222855
2283225294
2283413129
2283462073
2283462578
2283476134
2283525106
2283528408
2283616745
2283616749
2283620769
2283620881
2283638805
2283644050
2283644304
2283649573
2283650661
2283651327
2283744596
2283744977
2283760445
2283786769
2283890323
2283919414
2283920690
2283945716
2284077463
2284077466
2284078707
2284078708
2284392806
2284399876
2284461090
2284501751
2284581784
2284584825
2284966524
2284968577
2284971430
2284976328
2285021577
2285068735
2285072190
2285074902
2285080208
2285082124
2285085081
2285100747
2285105221
2285131290
2285131292
2285142679
2285142680
2285142681
2285228616
2285228617
2285228618
2285230425
2285230426
2285230427
2285368907
2285396132
2285405647
2286216341
2286467361
2286475616
2286488588
2286493221
2286503173
2286715463
2287283570
2287296267
2287429964
2287509856
2287514566
2287516784
2287519249
2287520770
2287522109
2287525694
2287574855
2287630962
2287870545
2287891242
2287962644
2287978414
2288054898
2288055059
2288057897
2288061434
2288076069
2288079160
2288088606
2288126188
2288141706
2288144861
2288153793
2288155710
2288208553
2288264674
2288288092
2288289956
2288639514
2289042032
2289079858
2289260720
2289261026
2289600030
2289884835
2290074190
2290135739
2290156449
2290267265
2290283435
2290321936
2290385462
2290399730
2290438871
2290470863
2290480970
2290517177
2290537463
2290559617
2290579977
2290631293
2290631294
2290634149
2290662836
2290674407
2290724057
2290746750
2290750353
2290790143
2290910887
2290915419
2291003729
2291022176
2291087266
2291087267
2291180428
2291180436
2291500714
2291651719
2292665938
2292677259
2292709281
2292723633
2292723857
2292725452
2292733157
2292733159
2292733161
2292770133
2292770135
2292786978
2292786980
2292846534
2293177878
2293177879
2293201453
2293201523
2293436783
2293436785
2293443442
2293449647
2293741502
2293747364
2293753650
2293757242
2293762149
2293765473
2293816359
2293993286
2294012860
2294031931
2294035328
2294036633
2294048600
2294062358
2294080528
2294389824
2294389854
2294407965
2294418688
2294418689
229469281
2294842907
2294852436
2294966340
2294989895
2295006055
2295006190
2295012015
2295257524
2295600351
2295600762
2295607688
2295607852
2295810357
2295870362
2295997388
2296029423
2296150456
2296150457
2296150458
2296155461
2296156653
2296843697
2297091529
2299096702
2299257606
2299259843
2299283545
2299349659
2299469441
2299608482
2299704788
2299750529
2299774462
2301001735
2301412634
2301412652
2301580791
2301580951
2302171627
2302671327
2302739879
2302770713
2302778667
2302781581
2302794353
2302843372
2302845553
2302862733
2302881436
2302883212
2302900117
2302959446
2302977834
2302981886
2303042154
2303059292
2303088139
2303203224
2303205279
2303207322
2303241153
2303382978
2303406954
2303431082
2303436368
2303493094
2303499968
2303499969
2303499971
2303503761
2303514358
2303568802
2303568807
2303574431
2303630572
2303716681
2303757356
2303762033
2303798647
2303886146
2304424841
2304498274
2304498649
2304499074
2304499236
2304502638
2304557078
2304752956
2304899942
2305046038
2305095396
2306349227
2306495809
2306572445
2306572446
2306572447
2306723432
2306886594
2306938262
2306945023
2307077356
2307148345
2308002355
2308249378
2308523441
2308527861
2308527862
2308527863
2308528089
2308528090
2308528091
2308541838
2308541839
2308541840
2308574261
2308574262
2308574263
2308576271
2308576272
2308576274
2308665069
2308976737
2308980519
2308980800
2308981669
2309717644
2309720595
2310124673
2310178840
2310311331
2310319983
2310349598
2310366237
2310367072
2310385052
2310385375
2310404876
2310439686
2310520912
2310644927
2310668250
2310701921
2310701922
2310701923
2310733294
2310733296
2310757552
2310762540
2310826467
2311022729
2311103975
2311163319
2311189817
2311196505
2311277086
2311277087
2311282096
2311554096
2311554119
2311572639
2311572640
2311572641
2311648423
2311660382
2311660384
2311673847
2311730132
2311803644
2312379305
2312961386
2313319728
2313322031
2313324428
2313326864
2313438916
2313676778
2313683969
2313983479
2314001544
2314035539
2314072417
2314080964
2314276618
2314276621
2314276624
2314282809
2314326233
2314326234
2314326235
2314330475
2314345637
2314348084
2314349570
2314352407
2314354562
2314356448
2314357350
2314357488
2314367091
2314372060
2314372740
2314379607
2314388057
2314397885
2314411285
2314420662
2314431868
2314533186
2314533187
2314533188
2314556198
2314618564
2314730866
2314733706
2314902985
2314910608
2314910609
2314974041
2315081522
2315081523
2315081531
2315081618
2315081625
2315095599
2315099609
2315155502
2315214147
2315214148
2315522985
2315523013
2315632868
2315632870
2315708309
2315711933
2315723078
2315788455
2316091065
2316095204
2316118712
2316201100
2316201103
2316221160
2316221161
2316221163
2316241283
2316280157
2316280159
2316280161
2316290634
2316320702
2316321127
2316852458
2317143351
2317165826
2317176826
2317185013
2317192954
2317237293
2317536064
2318464706
2318494957
2318500225
2318514922
2318562495
2318891624
2318984384
2319794040
2319849757
2319893419
2319894782
2319930099
2319948861
2319960891
2319960892
2319960893
2319977443
2320039128
2320287567
2320290786
2320291181
2320293888
2320295625
2320297411
2320298424
2320304349
2320308512
2320313593
2320361593
2320362947
2320366381
2320377849
2320387297
2320441188
2320449746
2320458887
2320468756
2320468759
2320487248
2320501760
2320508669
2320839836
2320959607
2321075723
2321097283
2321252142
2321305501
2321312917
2321342006
2321343084
2321488225
2321701664
2321834136
2322903410
2322914427
2322920745
2322957636
2322962342
2322963087
2322988680
2322991218
2322991557
2323187138
2323187140
2323279369
2323286233
2323301819
2323421829
2323452217
2323452367
2324023457
2324088740
2324260249
2324270973
2324293574
2324304122
2324517352
2324742441
2324756149
2324783051
2324795218
2324795280
2324796541
2325263408
2325273850
2325278777
2325293022
2325303341
2325313428
2325313672
2325605366
2325631506
2325808921
2326816188
2327237282
2327407394
2327413420
2327426609
2327426873
2327427968
2327481770
2327512874
2327535602
2327978023
2327987989
2327988762
2328131452
2328191173
2328198780
2328212500
2328246379
2328251986
2328253397
2328253398
2328258291
2328258292
2328258293
2328258520
2328259008
2328259009
2328259010
2328259037
2328274355
2328274356
2328274357
2328301840
2328392282
2328405972
2328415371
2328721526
2328735866
2328764439
2328776102
2328852507
2329284964
2329358349
2329378899
2329382309
2329396689
2329637965
2330738196
2330740204
2330743594
2330845519
2330942047
2330960387
2331020314
2331032745
2331135527
2334984059
2334991688
2335010423
2335326751
2335354563
2335372223
2335382148
2335431726
2335431728
2335533373
2335607198
2337008128
2339431209
2339431214
2339439320
2339441751
2339442216
2339443073
2339448240
2339448244
2339461168
2339462494
2339496768
2339568573
2339568580
2339582240
2339596952
2339602916
2339615164
2339634129
2339634133
2339664970
2339666356
2339666359
2339666362
2339673457
2339673459
2339673461
2339684398
2339741559
2339749778
2339777066
2339782302
2342681211
2349341693
2350075455
2350255613
2350285438
2350402035
2350690045
2350827032
2350847742
2350847744
2350847746
2350916245
2350916251
2350922589
2350930887
2350963360
2350963361
2350963362
2350978919
2350988672
2350988679
2351036112
2351099602
2351113489
2351121298
2351172518
2351172521
2351172524
2351176849
2351185348
2351192502
2351196408
2351198214
2351215404
2351219376
2351219379
2351219384
2351265345
2351265348
2351265351
2351327422
2351347566
2351355216
2351361492
2351400883
2351400897
2351410498
2351410505
2351430916
2351484468
2351484472
2351486187
2351498986
2351498991
2351546634
2351592483
2351600360
2351600367
2351625204
2351625205
2351625207
2351627943
2351686647
2351686650
2351686653
2351696631
2351697225
2351709745
2351712924
2351733965
2351733971
2351736148
2351822305
2351823409
2351823415
2351828487
2351844665
2351844668
2351844671
2351889332
2351911776
2351911779
2351911782
2351919370
2351919374
2351920831
2351920836
2351943160
2351988414
2351988416
2351988418
2351989793
2351997707
2352020332
2352020333
2352020334
2352065419
2352090337
2352112219
2352112222
2352112225
2352115448
2352115452
2352187712
2352200712
2352231553
2352237750
2352371755
2352378270
2354369128
2358412794
2358412922
2358427984
2358724609
2358746316
2358770824
2362192531
2362305724
2365313046
2365313050
2369338998
2369364057
2369364059
2369364061
2369369555
2369369559
2371391729
2371420217
2372774884
2372785885
2372792078
2372833042
2372851750
2372915180
2372921360
2372927196
2377756060
2381105100
2385647668
238722204
2387466003
2387502738
2387511935
2387611651
2387659518
2387770608
2388125943
2388131844
2388136207
2388205099
2388226765
2388231181
2388270055
2388270057
2388336985
2388362831
2388362835
2388370178
2388400769
2388454869
2388568438
2388693458
2392099268
2393950722
2394233935
2396331981
2398506366
2398506455
2398521590
2398583958
2398591693
2398874235
2398933384
2398940589
2398974576
2399020590
2399063905
2399065434
2399858528
2403667858
2404010159
2407581005
2411319343
2411657207
2411661842
2411661844
2411661846
2411707198
2411934991
2412348423
2412525061
2412875966
2412938469
2413053974
2413053975
2413053976
2413055326
2413177088
2413357942
2414065096
2414122240
2414651308
2414702723
2414978205
2414982029
2415135666
2415156556
2415158714
2415421865
2415479605
2415679073
2415681427
2415861936
2416204834
2416205456
2416301659
2416306308
2416306310
2416308790
2416310103
2416310107
2416346498
2416352269
2416574503
2416610858
2417053487
2417768615
2417787896
2417943216
2417973077
2418027965
2418028494
2418353472
2418385820
2418402354
2418499814
2418521550
2418845843
2418851581
2418957611
2419292877
2419294016
2419316498
2419316499
2419316500
2419596624
2419689371
2419761992
2421853098
2421865754
2421869626
2421903440
2421917078
2421923323
2422013430
2423724128
2425826444
2425838386
2426131252
2426275304
2426293346
2426293347
2426293349
2426309645
2426517220
2426538218
2427006050
2427080511
2427139110
2427139475
2427164405
2427208749
2427219312
2427232744
2427241332
2427241371
2427282619
2427321395
2427342916
2427342917
2427342918
2427531053
2427555047
2427565512
2427565513
2427565514
2427581352
2427734480
2427821622
2427824401
2427827774
2427827775
2427827777
2427831843
2427832645
2427834426
2427834643
2427853856
2427887908
2427890704
2427895857
2427901108
2427916521
2427919380
2427924258
2427927993
2427933284
2427935113
2427936192
2427961014
2427979109
2427980773
2427999927
2427999928
2428026647
2428026851
2428038650
2428041760
2428056352
2428169479
2428194162
2428226210
2428247328
2428341958
2428349002
2428352754
2428354381
2428665117
2429068380
2429071610
2429205678
2429266884
2429350511
2429357120
2429362929
2429383075
2429735550
2429753173
2429753174
2429771435
2429785997
2429785999
2429787147
2430321374
2432278800
2432289796
2432290988
2432596796
2432791444
2432875370
2433308875
2435074111
2435074119
2435076733
2435098219
2435111023
2435133585
2435157077
2435158543
2435258893
2435317246
2435317251
2436916318
2436925772
2436930113
2438384000
2438402447
2438516016
2438557221
2438557223
2438557657
2438674111
2438681243
2438683805
2438696548
2438709616
2438715961
2438743130
2438853840
2438871865
2439063934
2439068046
2439082644
2439099754
2439106655
2439127740
2439142121
2439173896
2439180084
2439211247
2439240869
2439314054
2439319295
2439337873
2439340362
2439354516
2439355708
2439357275
2439374374
2440040251
2440047808
2440101226
2440229254
2440328170
2440357897
2440370828
2440372493
2440778910
2440820335
2440833972
2440882483
2441111723
2441420765
2441528442
2441848392
2441851443
2441853677
2441862393
2441869299
2442104746
2442122238
2442157442
2442169098
2442170266
2442565799
2442565800
2442622602
2442755127
2442786214
2442868998
2442945044
2443004123
2443067230
2443143572
2443206356
2443324729
2443330813
2443373042
2443402884
2443418879
2443420739
2443421429
2443436593
2443458351
2443468729
2443505398
2443545941
2443559879
2443578382
2443586178
2443590023
2443615294
2443615301
2443634415
2443638402
2443674886
2443747869
2443796055
2443798633
2443849203
2443849256
2443849779
2443873073
2443880541
2443881455
2443882143
2443987700
2443991195
2444094874
2444445206
2444532810
2444536613
2444539390
2444547341
2444567963
2444608067
2444677498
2444746169
2444766385
2444806261
2444838068
2444857709
2444924115
2444961734
2444964551
2445009220
2445010047
2445012460
2445096374
2445096375
2445102512
2445116061
2445610079
2445629412
2445634443
2445639062
2445670937
2445670938
2445670939
2445679726
2445698631
2445810551
2445899387
2445949475
2445959912
2446005172
2446023374
2446024854
2446038441
2446164938
2446185501
2446235071
2446296052
2446319737
2446325935
2446326283
2446343813
2446353281
2446531985
2446542190
2446744561
2446752960
2447038478
2447473341
2447479009
2447507968
2447528700
2447531619
2447540224
2447576459
2447795991
2447811027
2447829981
2447886766
2447886768
2447886770
2447936678
2447978950
2449327343
2449330473
2449330476
2449588798
2449594408
2449607978
2449633019
2449896430
2449973783
2449973784
2449973785
2449978278
2449992511
2449992516
2449992517
2449992789
2449992833
2450022341
2450286682
2450286683
2450286684
2450296613
2450693177
2450913704
2450913706
2450953217
2451084693
2451194293
2451675903
2451905648
2451905649
2451905650
2451962753
2452039105
2452056166
2452102891
2452110838
2452656582
2452699358
2452743795
2452791904
2452826904
2452831434
2452831455
2452908028
2452931967
2452961728
2453063072
2453352802
2453355058
2455808836
2455808837
2455817441
2455817445
2455819404
2455822880
2455822882
2455822884
2456031877
2456043620
2456047526
2456050391
2456083844
2456122647
2456518306
2457023107
2459191418
2459191580
2459195579
2459293543
2459334167
2459547994
2460613466
2460748556
2460874837
2460958185
2460960243
2460960857
2461335196
2461690820
2461695102
2461711455
2461874004
2461874006
2461937540
2461946886
2461951033
2462771322
2462959296
2462966120
2462970324
2463546222
2463587324
2463757025
2463807778
2465696925
2465696926
2465704311
2465985312
2466009685
2466009691
2466009694
2466014220
2466310446
2466318750
2466342102
2466350200
2467912498
2468289105
2468327694
2468374265
2468417264
2468648829
2468730590
2468730984
2468765336
2468780865
2468782088
2468793827
2468793835
2468798345
2468799076
2468872101
2468891847
2468895079
2468898811
2468915253
2468943878
2468947246
2468978277
2469011700
2469716085
2469815856
2469815857
2469815858
2469832398
2470042861
2470101823
2470116755
2470162030
2470236466
2470236468
2470247623
2470287433
2470303211
2470366534
2471031993
2471785103
2472124205
2473075869
2473075872
2473075875
2473077920
2473077921
2473077922
2473129514
2473132330
2473140047
2473141432
2473147518
2473149560
2473149562
2473149563
2473149653
2473151399
2473156780
2473158102
2473160679
2473160700
2473195866
2473216879
2473217619
2473219060
2473223055
2473236493
2473558072
2473559151
2473721856
2474009487
2474128594
2474156901
2474189560
2474203368
2474238320
2474238766
2474276077
2474276079
2474324431
2474531085
2475536141
2476177017
2476849507
2476865741
2479089506
2479116945
2481653043
2481723295
2482306749
2482307747
2482346041
2482464687
2482795957
2482798000
2482814943
2482815344
2482815346
2482815352
2482823242
2482853773
2482910344
2482910346
2482910347
2482924330
2482926582
2482934003
2482934008
2482934010
2482935402
2482935407
2482943218
2482943220
2482952223
2482967513
2482993666
2483002739
2483002744
2483004591
2483210566
2483975988
2484006697
2484086171
2484375475
2484375477
2484553942
2484556111
2484567238
2484583416
2484770720
2485418699
2485514125
2485545484
2485552548
2485607207
2485659454
2485713695
2485726107
2485727117
2485740841
2485741212
2485775304
2485846680
2485848120
2485860774
2485884992
2485891807
2485894120
2485913189
2485914876
2485934588
2485935110
2485935146
2485938443
2485962001
2485962002
2485962003
2485962781
2485988141
2486003523
2486016131
2486021994
2486027281
2486045342
2486046374
2486047052
2486096774
2486105048
2486106572
2486109539
2486112121
2486113767
2486159195
2486162306
2486185799
2486191337
2486191983
2486192473
2486192785
2486198786
2486227224
2486255649
2486307887
2486332234
2486382388
2486462941
2486681469
2487356364
2488991758
2490562527
2490837849
2490933053
2490950885
2490967853
2490984168
2490990152
2491029149
2491029151
2491202873
2491203259
2491210637
2491210638
2491210639
2491222149
2491237427
2495356494
2495376413
2495376415
2495376416
2495376778
2495389974
2495394525
2495398001
2495419714
2495419715
2495419716
2495504957
2495525041
2495614474
2495619347
2495707928
2495707930
2495733190
2495790264
2495799278
2495814591
2495815492
2495831554
2495833011
2495847032
2495939749
2495965266
2496218223
2496543374
2496543375
2496543376
2496551537
2496597
2496850541
2496852921
2496890176
2496912804
2496937105
2496939770
2496952659
2496958036
2497003506
2497035250
2497035252
2497035253
2497044804
2497056890
2497070673
2497071968
2497082328
2497119767
2497137658
2497168609
2497168611
2497169911
2497169974
2497169975
2497183897
2497194364
2497213713
2497674824
2497869933
2498141074
2498171526
2498184849
2498184851
2498184853
2498196133
2498196135
2498218091
2498218293
2498220383
2498225188
2498225189
2498225340
2498234094
2498259167
2498260980
2498281379
2498318691
2498346036
2498349990
2498380962
2498389524
2498389525
2498389526
2498411724
2498415235
2498439262
2498439264
2498451618
2498451620
2498454601
2498455844
2498455845
2498496094
2498616940
2498619421
2498844418
2498867629
2498885047
2498901528
2499035131
2499605975
2499620625
2499623619
2499623621
2499639545
2499672260
2499703059
2499708261
2500042280
2500062223
2500062225
2500085128
2500166946
2500213762
2500245751
2500309701
2500439393
2500461169
2500461170
2500461171
2500465958
2500465960
2500482911
2500488926
2501372050
2501401010
2501401012
2501534067
2501563394
2501564913
2501564914
2501564915
2501566502
2501577615
2501577616
2501577617
2501593878
2501595534
2501641584
2501702557
2502225139
2502226541
2502226830
2502228465
2502229446
2502230225
2502238080
2502243208
2502307532
2502330256
2502448941
2502468852
2502499353
2502547350
2502555631
2502557014
2502562493
2502562496
2502572788
2502591312
2502591314
2502598822
2502612756
2502769516
2502777972
2502882468
2502887613
2502941280
2502985490
2502993988
2503066697
2503173377
2503259863
2503266154
2504485437
2504491081
2504499644
2504529543
2504728458
2504739106
2504740790
2504753979
2504757073
2504785597
2504788859
2504788861
2504798493
2504811852
2504842776
2504842778
2504876961
2504947453
2504961686
2504962999
2504973830
2505104401
2505104403
2505104405
2505110422
2505132731
2505140333
2505140334
2505140335
2505157971
2505159162
2505749815
2505800655
2506157048
2506159947
2506159949
2506171994
2506171996
2506173923
2506173924
2506173925
2506178438
2506178439
2506178440
2506179273
2506254069
2506256424
2506262616
2506262618
2506283299
2506371200
2506451797
2506461987
2506462972
2506463531
2506465167
2506473882
2506480138
2506505735
2506505737
2506505738
2506507648
2506530644
2506538753
2506560584
2506874163
2506874164
2506874165
2507232582
2507248961
2507501247
2507503207
2507530863
2507551315
2507556848
2507557906
2507575110
2507579400
2507580212
2507581908
2507581910
2507581911
2507588845
2508088684
2508133124
2508224469
2508366935
2508904041
2508957764
2508993923
2508996029
2509093016
2509255883
2509336436
2509347357
2509387904
2509387906
2509387908
2509393064
2509393066
2509395658
2509395661
2509398965
2509433870
2509784284
2509816667
2509816668
2509816669
2510001730
2510015005
2510041852
2510053938
2510083738
2510538138
2510541150
2510543581
2510545159
2510553504
2510553810
2510556267
2510556268
2510556269
2510563567
2510563568
2510563569
2510734560
2510786835
2511273818
2511297451
2511432704
2511567476
2511567478
2511584873
2511628967
2511630193
2511752163
2511815286
2511887433
2511887435
2511887436
2512851331
2512868019
2512870610
2512974817
2512975910
2513049048
2513050410
2513415558
2513432265
2513485143
2513494748
2513500760
2513506156
2513556591
2513568187
2513568188
2513610173
2513628098
2513729646
2513736725
2513736729
2513771901
2513777324
2513800789
2513800872
2513918798
2513924027
2513933505
2513934945
2513953519
2514361719
2514363651
2514368724
2514394584
2514920236
2514922124
2514923379
2514924211
2514924275
2514935224
2515150471
2515153992
2515437208
2518049443
2518052921
2518127896
2518737841
2519032440
2519032441
2519032442
2519065382
2519075862
2519149393
2519173042
2519312859
2519346431
2519407856
2519414701
2519414805
2519416872
2519419085
2519421404
2519423105
2519423286
2519423288
2519440236
251944965
2519536203
2519572239
2519572242
2519572244
2519611309
2519636777
2519686917
2519707586
2520336723
2520340167
2520359860
2520408740
2520408742
2520408743
2520431793
2520518571
2520519748
2520551171
2520564234
2520564996
2520569280
2520569282
2520569285
2520575602
2520575604
2520580856
2520588936
2520588939
2520604230
2520604232
2520604234
2520609314
2520609316
2520622407
2520626953
2520631753
2520631755
2520676775
2520681274
2520681275
2520681276
2520692998
2520693001
2520700228
2520715968
2520721030
2520737205
2520775993
2520775994
2520776923
2520781436
2520827091
2520829009
2520832771
2520832773
2520832775
2520870293
2520870294
2520870295
2520881765
2520881766
2520881767
2520888219
2521004252
2521625326
2521783606
2521791213
2522474344
2522506488
2522512499
2522953312
2522953782
2523021692
2523024231
2523026770
2523041131
2523079660
2523087631
2523214593
2523215572
2523240710
2523255123
2523259017
2523521135
2523527790
2523529449
2523556151
2523707891
2523720010
2523767708
2523823432
2523828060
2523829370
2523851971
2524182423
2524190232
2524265993
2524289997
2524308798
2524386673
2524431521
2524467831
2524500636
2524528744
2524537215
2524674236
2524684660
2524703290
2524738141
2524738348
2524747681
2524772387
2524781911
2524803990
2524805482
2524847266
2524902693
2524924330
2524936498
2524954706
2524954708
2525058544
2525070789
2525084910
2525095216
2525103574
2525120167
2525146362
2525164517
2525167319
2525167320
2525167321
2525169311
2525181771
2525190902
2525256956
2525257358
2525262358
2525289310
2525309665
2525329852
2525345012
2525354793
2525361346
2525367108
2525372188
2525374265
2525388102
2525389256
2525392715
2525402361
2525410481
2525415064
2525420430
2525424317
2525424543
2525430703
2525454448
2525456541
2525457527
2525464230
2525472279
2525472627
2525474003
2525479431
2525479952
2525497855
2525504309
2525504310
2525504311
2525506247
2525510152
2525514008
2525522985
2525524705
2525530004
2525533072
2525536809
2525541335
2525655362
2525657682
2525673154
2525720754
2525744386
2525747668
2525769398
2525775365
2525797516
2525843346
2525858008
2525866416
2525875226
2525913140
2525919797
2525936096
2525952291
2525974076
2525975265
2525995688
2526000122
2526103374
2526124178
2526140248
2526148007
2526223609
2526388028
2526408099
2526423436
2526446792
2526539403
2526610710
2526667245
2526744535
2526769450
2526774763
2526791110
2526800118
2526810407
2526982864
2526982865
2527000846
2527000849
2527124719
2527135143
2527330398
2527359753
2527411525
2527411526
2527440237
2527446856
2527447217
2527503903
2527505768
2527516940
2527582103
2527608572
2527626611
2527640219
2527648939
2527688309
2527690667
2527726700
2527743529
2527753806
2527771694
2527784148
2527786331
2527801440
2527801905
2527810799
2527811510
2527818873
2527825904
2527826320
2527861448
2527892453
2527906474
2527985538
2528004189
2528005322
2528018589
2528022189
2528065009
2528069040
2528087919
2528099323
2528104257
2528115300
2528124716
2528230634
2528311112
2528313554
2528343755
2528343756
2528343757
2528800836
2528966609
2529053960
2529295871
2529388624
2529413226
2529417568
2529429272
2529536094
2529539137
2529571226
2529591195
2529617703
2529625056
2529632618
2529815602
2529815645
2529932717
2529957144
2529988670
2530032473
2530236923
2530535374
2530543291
2530585275
2530588104
2530785595
2530890164
2530934755
2530945905
2530967397
2530972531
2530972534
2530973991
2530973992
2530973993
2530979102
2531914137
2532362399
2532369239
2532385890
2532411609
2532433211
2532462137
2532462138
2532462140
2532467859
2532467860
2532467880
2532509093
2532509097
2532509099
2532509225
2532535066
2532557589
2532601384
2532635432
2532640402
2532642293
2532642294
2532642295
2532695299
2532751959
2532762459
2532770442
2532786292
2532831956
2532836823
2532843592
2532843982
2532893530
2532903008
2532918008
2532924186
2532925250
2532926090
2532938008
2532938010
2532939824
2532941663
2532943838
2532952865
2532954484
2533006686
2533063119
2533090969
2533504816
2533508664
2533514047
2533526876
2533690951
2533804780
2533812343
2533825318
2533827827
2533829448
2533847983
2533858873
2533896257
2533938479
2533944284
2534081431
2534092361
2534153775
2534156609
2534162035
2534164445
2534178101
2534195929
2534206570
2534215048
2534255957
2534264863
2534267959
2534293240
2534376520
2534410527
2534416028
2534418361
2534429170
2534429222
2534448771
2534455068
2534468860
2534510810
2534600571
2534658704
2534659661
2534672602
2534692561
2534752263
2534820667
2534840782
2534843424
2534846252
2534866847
2534870267
2534877204
2534879852
2534884595
2534891915
2534940867
2534944781
2534979943
2534993039
2534995102
2534995281
2535013654
2535056183
2535089836
2535118323
2535140397
2535207342
2535216243
2535244350
2535257446
2535258458
2535268393
2535274708
2535283182
2535294268
2535314866
2535325018
2535334271
2535335430
2535358271
2535366755
2535369982
2535442876
2535443000
2535447530
2535484780
2535500902
2535510538
2535532761
2535547989
2535561566
2535564784
2535595607
2535614408
2535630455
2535635168
2535643571
2535650957
2535653129
2535672918
2535673872
2535686626
2535707872
2535712676
2535715707
2535716447
2535726505
2535744858
2535762114
2535763882
2535792188
2535794026
2535806383
2535814767
2535827448
2535831556
2535842527
2535859471
2535873793
2535874432
2535882797
2535882867
2535882932
2535884913
2535892367
2535906196
2535918740
2535925573
2535928676
2535931924
2535946885
2535955053
2535959149
2535959521
2535967460
2535968388
2535968391
2535968394
2535970959
2535970962
2535970964
2535979417
2535982772
2535983726
2535989624
2535995270
2535996393
2535996395
2535996397
2535997813
2535997816
2535997818
2536000657
2536005968
2536014209
2536014211
2536014213
2536015778
2536023193
2536024316
2536024960
2536033902
2536048189
2536048192
2536053124
2536055221
2536060433
2536060434
2536060435
2536065382
2536066207
2536066210
2536066213
2536067614
2536070156
2536085858
2536085864
2536085867
2536099085
2536110616
2536110981
2536110985
2536110987
2536132048
2536152065
2536160445
2536227574
2536271307
2536315018
2536315054
2536318128
2536325617
2536335538
2536337092
2536345629
2536345632
2536359086
2536361217
2536376586
2536376938
2536382459
2536407457
2536462009
2536475961
2536480338
2536492984
2536495931
2536503103
2536558267
2536562967
2536565574
2536572069
2536577781
2536597016
2536598891
2536599081
2536604754
2536604757
2536604760
2536607737
2536611889
2536635688
2536661091
2536667938
2536672057
2536730395
2536736358
2536739952
2536754068
2536781267
2536828018
2536839761
2536842243
2536878073
2536892166
2536932712
2536934127
2537022511
2537041034
2537045480
2537046547
2537048405
2537048436
2537048438
2537048440
2537138906
2537164261
2537269214
2537276493
2537276646
2537277950
2537285429
2537313946
2537336547
2537359051
2537396196
2537405227
2537452971
2537477368
2537540381
2537547282
2537646181
2537657426
2537675479
2537693808
2537707437
2537793152
2537793536
2537801915
2537837520
2537837524
2537837526
2537889391
2537927080
2537940841
2537973266
2537975734
2537979076
2537996686
2537996690
2538032313
2538055302
2538090000
2538159553
2538198493
2538219524
2538269300
2538274748
2538277209
2538277967
2538306634
2538393044
2538395754
2538395757
2538395759
2538431314
2538507219
2538510238
2538673862
2538680774
2538700333
2538722553
2538741392
2538795222
2538795226
2538818357
2538854644
2538879657
2538887008
2538900532
2538905710
2538921512
2538956047
2538958529
2538977035
2538988555
2539089340
2539112089
2539119054
2539171655
2539172605
2539186654
2539186696
2539195994
2539200886
2539209816
2539305189
2539346206
2539369923
2539385704
2539445440
2539514133
2539563364
2539579488
2539588079
2539592894
2539595547
2539604543
2539628263
2539635819
2539662715
2539770633
2539874386
2539906348
2539937371
2539939186
2539950555
2540084466
2540102513
2540156372
2540159491
2540163700
2540193279
2540193808
2540198029
2540200562
2540205881
2540213097
2540268976
2540336025
2540388283
2540394745
2540448482
2540469456
2540508507
2540521198
2540547519
2540554225
2540556745
2540582180
2540585079
2540585081
2540589794
2540625387
2540640666
2540659337
2540661302
2540666358
2540769822
2540797913
2540804201
2540863660
2540885235
2540906424
2540910048
2540916153
2540927361
2540950982
2541005762
2541028651
2541028899
2541029734
2541037168
2541040569
2541084132
2541121677
2541186227
2541218807
2541249302
2541251774
2541256132
2541258863
2541258873
2541266981
2541403993
2541436224
2541455319
2541471075
2541473962
2541478589
2541478910
2541487644
2541502101
2541511968
2541551870
2541565844
2541569047
2541590188
2541600062
2541614659
2541669178
2541688092
2541705490
2541764982
2541778226
2541808373
2541811253
2541826681
2541827786
2541899159
2541908573
2541921905
2541947486
2541999188
2542008942
2542046398
2542056651
2542058807
2542119302
2542158769
2542170066
2542171131
2542186696
2542186698
2542186700
2542199293
2542202881
2542220423
2542232403
2542242231
2542255084
2542255089
2542261670
2542271053
2542271057
2542272759
2542272931
2542275028
2542280402
2542281818
2542301511
2542331102
2542340308
2542360798
2542365901
2542371062
2542379044
2542384548
2542415101
2542447502
2542508691
2542520058
2542537287
2542539061
2542554731
2542556743
2542568215
2542569217
2542569219
2542569221
2542582458
2542587300
2542588478
2542595275
2542627542
2542662791
2542672065
2542687918
2542691449
2542752111
2542761631
2542797853
2542815683
2542886949
2542887873
2542936332
2542944621
2542960565
2542967679
2542971151
2542971154
2542971156
2542973814
2542973815
2543013318
2543020003
2543021725
2543028381
2543038068
2543055889
2543056304
2543063000
2543064584
2543104769
2543119047
2543126888
2543134953
2543139253
2543141030
2543143296
2543143395
2543143879
2543158104
2543160986
2543166972
2543190675
2543200316
2543206693
2543206783
2543214107
2543214482
2543215971
2543219594
2543229220
2543266813
2543296982
2543324995
2543325831
2543369738
2543377125
2543389858
2543400146
2543453004
2543493199
2543504294
2543521409
2543534285
2543556093
2543563100
2543567977
2543581098
2543609752
2543629309
2543635952
2543655287
2543663109
2543692536
2543697779
2543714524
2543765046
2543777326
2543788899
2543815608
2543829631
2543845069
2543896608
2543958129
2543959061
2543974489
2543992924
2543994371
2544002219
2544011889
2544044274
2544055558
2544085311
2544106059
2544186226
2544258154
2544266623
2544312446
2544362604
2544448750
2544450656
2544465708
2544475749
2544506759
2544506783
2544558662
2544562715
2544573888
2544623110
2544637242
2544641232
2544668299
2544720767
2544732054
2544732056
2544732058
2544743251
2544777795
2544844508
2544870889
2544905803
2544910402
2544941304
2544968804
2544969661
2545006462
2545020723
2545041994
2545046374
2545053219
2545061241
2545103231
2545124569
2545144543
2545144545
2545144912
2545153453
2545166663
2545174166
2545188968
2545205522
2545227460
2545257032
2545277794
2545289357
2545377639
2545378333
2545380085
2545380300
2545380599
2545380983
2545381505
2545382201
2545382344
2545385106
2545387173
2545392543
2545402177
2545443899
2545491147
2545510134
2545526828
2545551213
2545701598
2545900603
2545906361
2546110036
2546823001
2547045456
2547071889
2547105773
2547387673
2547494671
2548777115
2548783616
2548799725
2548831946
2548884821
2548884823
2548884824
2548884827
2548900902
2548950522
2548965770
2548993695
2549072305
2549089116
2549197195
2549199195
2549218975
2549219770
2549221397
2549305626
2549352782
2549358745
2549360300
2549438964
2549620908
2549769779
2549775841
2549780803
2549780805
2549780806
2549791697
2549800552
2549806972
2549806974
2549845266
2549859702
2549867346
2549868766
2549870735
2550103690
2550104057
2550217349
2550219215
2550219314
2550219315
2550296686
2550306094
2550840361
2550843494
2550843495
2550843497
2550874952
2550909943
2550931225
2550973568
2550973570
2551202649
2551214650
2551222174
2551253481
2551255534
2551257387
2551258488
2551265375
2551287014
2551321790
2551671527
2551690599
2551696500
2552157299
2552157912
2552157913
2552166051
2552166052
2552166054
2552166154
2552167277
2552189482
2552190582
2552191439
2552215941
2552218572
2552219190
2552221991
2552240521
2552240986
2552247414
2552256749
2552259603
2552285208
2552285209
2552285210
2552294972
2552327738
2552367817
2552376806
2552376807
2552381467
2552415174
2552415175
2552415176
2552420668
2552542522
2552680217
2552682143
2552724544
2552780083
2552808368
2552808369
2552837231
2552883611
2552957994
2553098442
255344680
2553733033
2553745518
2553752375
2553785236
2553839450
2553872054
2553934468
2554074837
2554080495
2554104673
2554208515
2554230854
2554255733
2554334360
2554359026
2554360309
2554375118
2554418187
2554577383
2555848659
2555862309
2555876423
2555919826
2555973965
2556110688
2556140533
2556162270
2556202870
2556242159
2556280168
2556288750
2556295153
2556319456
2556487227
2556532582
2556545469
2556554676
2556556024
2556612677
2556614804
2556784870
2556794785
2556802376
2556828383
2556848502
2556894394
2556914944
2556916429
2556925090
2556925091
2556999585
2557005842
2557011116
2557025243
2557052133
2557055011
2557066126
2557069866
2557074086
2557075892
2557079199
2557088468
2557120494
2557126794
2557135614
2557137136
2557144358
2557164970
2557164971
2557171660
2557368761
2557526359
2557529251
2558390374
2558394856
2558394857
2558397104
2558465767
2558465768
2558471619
2558474267
2559328050
2559330712
2559420894
2559476249
2559493256
2559515890
2559527387
2559542035
2559633520
2559690773
2559723275
2559737295
2559796286
2559831269
2560107286
2560535771
2560590710
2560592719
2560624380
2560629552
2560867910
2560952708
2561816956
2561827328
2561827330
2562039066
2562046532
2562060268
2562072589
2562073000
2562108221
2562118188
2562124651
2562189451
2562255035
2562264924
2562424255
2562583938
2563026024
2563066208
2563068596
2563232607
2563237037
2563289041
2563290460
2563295475
2563368577
2563387669
2563387673
2563387677
2563387679
2563387685
2563387687
2563387693
2563387697
2563387699
2563387703
2563387705
2563387707
2563387713
2563387719
2563387721
2563387723
2563387729
2563387735
2563387739
2563387743
2563387745
2564732710
2564749335
2564757880
2564789926
2564796839
2564802782
2564809219
2564917204
2564917322
2564940000
2564995194
2565025118
2565027770
2565032594
2565105479
2565786661
2565980744
2566077691
2566455570
2566573050
2566623412
2566623413
2566623414
2567027559
2567033306
2567111886
2567136133
2567136135
2567136139
2567136145
2567136147
2567143820
2567143824
2567143828
2567143832
2567143842
2567143846
2567143852
2567143854
2567143859
2567805163
2567951737
2568008768
2568046827
2568248006
2568392871
2568525361
2568548972
2568599901
2569241275
2569254819
2569269280
2569271654
2569325698
2569330269
2569362320
2569696349
2569703764
2569704217
2569728294
2569743880
2569744720
2569748746
2569757265
2569814867
2569814871
2569817482
2569817484
2569817486
2569877723
2569884372
2569928717
2569928719
2569928721
2569936691
2569980581
2570013843
2570051659
2570051660
2570051661
2570054318
2570084017
2570089175
2570090833
2570092848
2570102137
2570108780
2570114245
2570125688
2570132898
2570139972
2570169916
2570178494
2570179349
2570184341
2570200396
2570230265
2570239114
2570252756
2570256679
2570267724
2570273833
2570328883
2570351612
2570393644
2570393645
2570393646
2570396279
2570423287
2570423291
2570430625
2570453071
2570522263
2571845803
2571876680
2571881877
2571883740
2571948725
2571955310
2571960080
2571962627
2572239692
2572242705
2572500584
2572546716
2572794483
2572819500
2572827772
2572837444
2572839974
2572911094
2572914847
2572935487
2572973250
2572976601
2573031268
2573038315
2573038317
2573038318
2573041739
2573082186
2573181701
2573252356
2573267254
2573388040
2573399260
2573653278
2573655577
2573655845
2573720070
2573933996
2573948364
2573958326
2574217247
2574221319
2574249010
2574250192
2574250193
2574259870
2574273697
2574328454
2574329920
2574373478
2574380593
2574407214
2574411600
2574418412
257445497
2574617310
2574633777
2574652777
2574667394
2574670923
2574671788
2574760072
2574760491
2574768575
2574796146
2574830336
2575051920
2575057078
2575080604
2575204406
2575204408
2575212914
2575255678
2575290091
2575297978
2575348264
2575362015
2575364431
2575613651
2575765997
2575785518
2575892892
2575897633
2575946293
2575952826
2575977700
2575977726
2575979695
2575982612
2576904550
2576916369
2576916924
2576919609
2576932324
2576936678
2577566159
2577573620
2577581055
2577589324
2577589326
2577627785
2577671659
2577690081
2577792969
2577812502
2577816645
2577824979
2577824985
2577892721
2577893042
2577907112
2577920176
2577946736
2577974646
2578016808
2578042479
2578047877
2578097327
2578142541
2578161144
2578163741
2578187827
2578241229
2578241853
2578249682
2578250317
2578250490
2578254674
2578281564
2578296566
2578304756
2578307037
2578307039
2578307042
2578336675
2578350645
2578371691
2578380944
2578380959
2578401526
2578406007
2578413101
2578413104
2578413105
2578415963
2578430074
2578430077
2578430080
2578432328
2578659297
2578674775
2578721865
2578777285
2578779713
2578779714
2578807789
2579412599
2579440823
2579442390
2579449618
2579457828
2579516523
2579523436
2579602170
2579603306
2579619177
2580064569
2580188806
2580196164
2580229929
2580233087
2580268212
2580268213
2580268214
2580269914
2580269916
2580630319
2580678739
2580681748
2580715304
2581073515
2581123839
2581157601
2581168419
2581178315
2581178317
2581193098
2581382817
2581406183
2581770346
2581813699
2581820818
2581942239
2581942567
2581944592
2581947886
2581948016
2581949754
2581953415
2581953799
2581957319
2581958107
2581958577
2581962347
2581966166
2581976406
2581981552
2582392243
2582399701
2582403075
2582407930
2582414005
2582448925
2582478612
2582510269
2582524552
2582524554
2582560532
2582560537
2582579235
2582585768
2582585770
2582591361
2582591363
2582599930
2582599931
2582599932
2582614354
2582614357
2582614360
2582673850
2582732838
2582743502
2582752022
2582752023
2582752024
2582753109
2582810002
2582871145
2583008067
2583452100
2583509419
2583522713
2583593279
2584002891
2584084751
2584088070
2584092535
2584170570
2584208676
2584225299
2584279309
2584292819
2584297725
2584335799
2584335800
2584399160
2584428022
2584436037
2584436910
2584439399
2584439402
2584525729
2584538335
2584577327
2584583082
2584610263
2584611715
2584623004
2584625591
2584677569
2584679532
2584680281
2584730092
2584762280
2584774209
2584793053
2584865509
2584973632
2584978461
2584983404
2584983405
2584983406
2584989594
2585000803
2585004377
2585006276
2585010760
2585018567
2585109755
2585173343
2585177111
2585202286
2585202292
2585216979
2585473174
2585530879
2585540984
2585544642
2585652009
2585656730
2585673911
2585696270
2585703784
2585724622
2585774349
2585817884
2585818525
2585818527
2585818528
2585911427
2585929102
2585957839
2585957841
2585968295
2585979469
2586796814
2586859055
2587090582
2587090587
2587252959
2587269760
2587278676
2587284225
2587285700
2587304975
2587305614
2587309248
2588121621
2588143636
2588150657
2588171495
2588196091
2588229034
2588313036
2588334785
2588360509
2588360510
2588360512
2588363450
2588378953
2588391510
2588413602
2588430411
2588434080
2588442072
2588461484
2588464971
2588466723
2588472606
2588473360
2588476336
2588484213
2588497493
2588535833
2588536162
2588580469
2588663747
2588747540
2588763887
2588773022
2588804656
2588812455
2588874217
2588947169
2589564509
2589583792
2589584184
2589593725
2589594384
2589633214
2589648098
2589710745
2589726867
2589741349
2589812376
2589861292
2589864004
2589869290
2589879058
2589889276
2589896019
2589897379
2589901935
2589904480
2589920489
2589938120
2589972223
2589974234
2589977821
2590005996
2590035297
2590062870
2590069827
2590069942
2590156624
2590339492
2590395654
2590398404
2590426310
2590438167
2590462376
2590515825
2590533095
2590543529
2590565850
2590580436
2590583653
2590587218
2590587219
2590588357
2590591008
2590591011
2590591013
2590615117
2590640773
2590648702
2590663037
2590673975
2590675532
2590688458
2590694028
2590694204
2590711057
2590715543
2590725874
2590754547
2590765158
2590785588
2590787513
2590788665
2590788666
2590788667
2590788785
2590793216
2590811756
2590895226
2590895401
2590895402
2590895403
2590904086
2590980280
2590992777
2591045421
2591121286
2591135913
2591135917
2591412774
2591445496
2592147474
2592265428
2592299686
2592299687
2592313914
2592324879
2592325995
2592346168
2592362328
2592388387
2592396793
2592396920
2592396923
2592413078
2592429754
2592431131
2592431601
2592431747
2592436287
2592445856
2592447501
2592475747
2592478816
2592486997
2592487935
2592648737
2592815535
2593364578
2593364579
2593364580
2593364581
2593364584
2593364585
2593364586
2593364587
2593364885
2593364886
2593364887
2593364888
2593530268
2593555545
2593579444
2593643918
2593653684
2593718387
2593781256
2593822968
2593902294
2593909087
2593909090
2593955003
2593955004
2593962850
2593965751
2593976430
2594051841
2594089514
2594140820
2594140983
2594168264
2594189788
2594210182
2594226542
2594253146
2594263241
2594276722
2594285496
2594302536
2594302537
2594304761
2594336389
2594360162
2594656371
2594656372
2594899810
2594903057
2594923742
2594923743
2594923744
2594924348
2594924397
2594955559
2594961431
2594963994
2594966385
2594967172
2595193957
2595332264
2595364525
2595385510
2595394715
2595539866
2595573699
2595592267
2595618398
2595660616
2595715236
2595739977
2596266414
2596296411
2596308620
2596809466
2596920809
2596975844
2597026167
2597042405
2597105018
2597366754
2597406105
2597847923
2597905245
2597970600
2598018801
2598066000
2598121700
2598150055
2598246821
2598443124
2598612451
2598791707
2598927493
2598999428
2599138444
2599149094
2599171001
2599171816
2599907411
2600057023
2600323709
2600639316
2600947015
2601006500
2601053756
2601131128
2601270508
2601570403
2601631909
2601768845
2601840263
2602013845
2602282114
2602438045
2602468890
2602510495
2602552451
2602661953
2602735754
2602758654
2603539737
2603753551
2603921489
2604004595
2604046290
2604185490
2604316397
2604356353
2604906456
2605100926
2605101455
2605139734
2605305081
2605607018
2605673267
2605693182
2605709854
2605757783
260656304
260656307
260656308
260656318
260656321
260656329
260656330
260656335
2607382033
2612243761
2612305654
2612312326
2612400829
2612453611
2612593635
2612611655
2612695242
2612698442
2612698482
2612704398
2612704400
2612711539
2612727611
2612765727
2612772008
2614566699
2614756233
261603867
2616066920
2616729493
2617396882
2618143419
261825062
261825063
261825064
261825065
261825066
261825067
261825068
2618368896
2618411850
2618451815
2618683244
2618691344
2618691494
2618694833
2618695648
2618981705
2618981706
2618981707
2618981708
2618981709
2618981710
2618981711
2618981712
2619238977
2619403391
2619403851
2619404937
2619442362
2619442364
2619442366
2619444986
2619479117
2619481074
2619482866
2619482885
2619488921
2619648478
2619803806
2619803825
2619805672
2619818818
2619845794
2619847258
2620066724
2620117193
2620228792
2620356865
2620432476
2620792337
2620850041
2621360172
2621401792
2621402042
2621408017
2621409228
2621749336
2621922268
2622020605
2622136119
2622136120
2622147664
2622176217
2622183397
2622183398
2622183399
2622200155
2622203208
2622203212
2622203346
2622210529
2622210530
2622210531
2622218038
2622223184
2622223187
2622223189
2622238523
2622275471
2622275474
2622278549
2622299930
2622299931
2622299932
2622321499
2622326031
2622326035
2622336626
2622340688
2622345805
2622353588
2622383663
2622407353
2622424420
2622424422
2622424424
2622457006
2622457007
2622457008
2622462826
2622462830
2622488352
2622488357
2622505300
2622507869
2622507872
2622507875
2622530292
2622530296
2622533694
2622542532
2622544098
2622544100
2622561843
2622581693
2622581694
2622752259
2623101359
2623101360
2623102493
2623102566
2623102567
2623250228
2623262566
2623355551
2623382565
2623414688
2623450489
2623675762
2623675763
2623675764
2623679884
2623681130
2623691979
2623691980
2623692171
2623700282
2623700603
2623708868
2623708870
2623708871
2623722226
2623734717
2623737614
2623737615
2623737617
2623787760
2623787797
2623795763
2623807896
2623807898
2623808678
2623817984
2623958858
2623958859
2623958860
2623960812
2623960814
2624110998
2624138906
2624139226
2624186492
2624186494
2624195324
2624234650
2624377959
2624394222
2624406345
2624460833
2624579163
2624718511
2624722760
2624749234
2624751015
2624920066
2624952808
2624952810
2624979684
2624982696
2625009979
2625053310
2625053312
2625136441
2625437286
2625438235
2625452759
2626003535
2626003733
2626857054
2626858506
2626896670
2626910757
2626916504
2626917998
2627277751
2627386036
2627612065
2627619602
2627714803
2627718276
2627725526
2627862098
2628278260
2629045731
2629911118
2630000904
2630054780
2630073820
2630116544
2630116545
2630116546
2630116588
2630157037
2630603233
2633380832
2633625477
2633626938
2633664497
2633708613
2634051028
2635237438
2635334892
2635422098
2636231327
2636313024
2636320230
2636568805
2636860364
2636860493
2637057365
2637267962
2637305132
2637338371
2637466744
2637489266
2637489633
2637933752
2637934339
2637934341
2637934342
2637949732
2637950285
2637950286
2637950574
2637951594
2637951595
2637952993
2637954303
2637956510
2637956533
2637957221
2638002380
2638002381
2638002382
2638003184
2638004490
2638007979
2638007980
2638031080
2638309781
2638309783
2638333881
2638333883
2638441132
2638447412
2638515923
2638515925
2638515926
2638515927
2638524779
2638557664
2638574798
2638847067
2638847941
2638850562
2638850563
2638850564
2638859066
2638862303
2638871183
2638872448
2638872450
2638872452
2638872506
2638873077
2638873243
2638874426
2638874428
2638874430
2638881851
2638885502
2638885819
2638885821
2638885822
2638887841
2638891432
2638893041
2638893042
2638893043
2638901543
2638901544
2638901545
2638907198
2638912016
2638915588
2638915589
2638915590
2638926869
2638928234
2638928236
2638928238
2638931874
2638931875
2638931876
2638933755
2638933756
2638933757
2638942352
2638942353
2638942354
2638945602
2638948543
2638950412
2638950414
2638950415
2639213023
2639224016
2639224474
2639428043
2639491107
2639491224
2639491225
2639491226
2639853832
2639853833
2639853834
2639861826
2641816553
2641985874
2642009762
2642031434
2642085587
2642085941
2642099768
2642111400
2642630505
2642688773
2642995844
2643437075
2643438224
2643577448
2643922710
2643930749
2643931277
2643932531
2643932594
2643932595
2643944302
2643962499
2643962503
2643966200
2643966201
2643966202
2643966384
2643969117
2643974683
2643974684
2643974685
2643999568
2644021271
2644027259
2644033561
2644038600
2644048600
2644064736
2644090657
2644157548
2644293972
2644324360
2644341140
2644343849
2644378573
2644378575
2644380930
2644380931
2644380932
2644398801
2644398803
2644502880
2644628020
2644751086
2644805770
2644826499
2644864841
2644864878
2644864879
2644864880
2644898617
2644918848
2644918851
2644918857
2645253375
2645270411
2645307590
2645465348
2645465354
2645469551
2645473927
2645972787
2646002210
2646009054
2646295715
2646309159
2646313384
2646317828
2646334441
2646341971
2646392526
2646404235
2646406731
2646408396
2646414969
2646415221
2646416373
2646672496
2646958050
2647138660
2647207500
2647438341
2647462952
2647839671
2647859943
2647863422
2647973573
2648134074
2648154024
2648180848
2648194695
2648205484
2648225633
2648265496
2648399463
2648409031
2648443944
2648467680
2648488764
2648742240
2648767719
2648767850
2648768360
2648768407
2648769343
2648769361
2648776631
2648777596
2648778340
2648797485
2648803897
2648805108
2648805122
2648863223
2648863758
2648863761
2648880326
2648911136
2648922699
2648963855
2648967231
2648976454
2648976461
2648976465
2648976469
2648976473
2648976480
2648976482
2648976484
2648976486
2648977304
2649000947
2649091580
2649159085
2649194221
2649202037
2649205759
2649226915
2649229315
2649253342
2649257030
2649616441
2649622802
2649627346
2649645879
2649668712
2649671722
2649825328
2649829758
2649872682
2649937659
2649953443
2649956786
2649982036
2649982068
2650065672
2650125100
2650270784
2650270964
2650452574
2650498277
2650507268
2650508996
2650546069
2650903380
2650903383
2650922639
2650953662
2651239644
2651417889
2651424822
2651425821
2651430232
2651430734
2651433633
2651433729
2651442292
2651443309
2651449073
2651470596
2651508593
2651533228
2651533229
2651533230
2651540906
2651558960
2651558962
2651674744
2651674746
2651674747
2651695662
2651711575
2651711576
2651711577
2652369894
2652504139
2652504140
2652504141
2652521967
2652541548
2652541549
2652541550
2652567416
2652571726
2652571728
2652578828
2652579104
2652584976
2652593750
2652597661
2652597663
2652597665
2652632872
2652639297
2652643052
2652643054
2652649283
2652649951
2652649953
2652680492
2652680494
2652700706
2652713237
2652714099
2652724803
2652736967
2652736969
2652739481
2652749293
2652761386
2652761387
2652761388
2652769576
2652769577
2652769578
2652772902
2652772903
2652782956
2652783692
2652885951
2654402130
2654427565
2654509101
2654548402
2654590063
2655802307
2655802438
2656638937
2656645418
2656651916
2657092889
2657296556
2657555743
2657835280
2657835282
2660124053
2660348222
2660363815
2660587179
2660996768
2661002132
2661002133
2661002134
2661026933
2661030685
2661373590
2661640428
2661640429
2661640430
2661655890
2661655891
2661655892
2661718829
2661850798
2661856937
2661861999
2661870251
2661870252
2661870253
2661871474
2661871477
2661886039
2661886040
2661888339
2661898781
2661898783
2661907577
2661914951
2661931788
2661943474
2661948904
2661961017
2662048272
2662048274
2662055115
2662055355
2662058640
2662058641
2662058642
2662062308
2662062872
2662063011
2662073851
2662081503
2662098518
2662132286
2662134791
2662152363
2662166169
2662171764
2662182815
2662194285
2662392107
2662429502
2662442517
2662442518
2662444744
2662444745
2662444746
2662446853
2662453715
2662457461
2662460013
2662460015
2662467069
2662469036
2662482418
2662490202
2662504449
2662508195
2662508196
2662508197
2662516406
2662516408
2662523691
2662523692
2662523693
2662532559
2662532560
2662532561
2662542282
2662547935
2662547936
2662547937
2662548117
2662611967
2662623624
2662630030
2662637173
2662640635
2662643842
2662688193
2662688195
2662701547
2662702058
2662757299
2662760650
2662760761
2662766036
2662770496
2662774257
2662784320
2662787060
2662787818
2662790026
2662794739
2662797220
2662798205
2662811153
2662811325
2662813202
2662817443
2662819694
2662826888
2662848050
2662851805
2662862758
2662867139
2662876419
2662894888
2662904865
2662906185
2662910075
2662919889
2662920254
2662922043
2662931536
2662948463
2662955918
2662963140
2662963777
2662965002
2662967527
2662969480
2662970609
2662973851
2662973887
2663004435
2663004437
2663004439
2663194718
2663194720
2663284933
2663285588
2663293822
2663460346
2663498814
2663498820
2663508273
2663534382
2663549244
2663571184
2663580854
2663580856
2663580858
2663585048
2663586164
2663586165
2663586166
2663631677
2663631679
2663646439
2663646440
2663646441
2663648277
2663676482
2663693256
2663693257
2663693715
2663694218
2663696698
2663696699
2663696700
2663698201
2663698203
2664161927
2664181955
2664181957
2664183927
2664198087
2664470622
2664475056
2664475058
2664475553
2664492356
2664492622
2664492623
2664492624
2664494101
2664526507
2664526509
2664530771
2664564629
2664576209
2664576210
2664576211
2664591342
2664591343
2664591344
2664594304
2664594548
2664603167
2664610163
2664611020
2664611021
2664611022
2664620047
2664631538
2664633329
2664649963
2664651122
2664651124
2664698684
2664707168
2664707931
2664710652
2664710653
2664710654
2664712753
2664728922
2664807792
2664807793
2664807794
2664808953
2664808955
2664813975
2664813976
2664813977
2664817899
2664823233
2664823234
2664823235
2664823239
2664831037
2664850451
2664850452
2664854101
2664862658
2664875858
2664986973
2665003024
2665025555
2665025563
2665050696
2665050700
2665054431
2665068941
2665068942
2665068945
2665080036
2665088028
2665094977
2665099939
2665099944
2665101019
2665101021
2665101023
2665167067
2665167069
2665167071
2665206348
2665206349
2665206350
2665208107
2665221715
2665225226
2665225254
2665225255
2665225257
2665231657
2665231658
2665239265
2665239267
2665239269
2665265339
2665265340
2665265341
2665294828
2665302341
2665302347
2665314975
2665342234
2665342238
2665352567
2665352569
2665360446
2665362323
2665362325
2665362327
2665364554
2665364557
2665375407
2665385713
2665393863
2665398723
2665398724
2665398726
2665409416
2665450398
2665453358
2665455100
2665473585
2665510940
2665519736
2665519740
2665521044
2665521046
2665523560
2665533709
2665536798
2665536799
2665536800
2665538571
2665546436
2665549701
2665549703
2665549705
2665557614
2665563654
2665563656
2665578720
2665578721
2665578722
2665605521
2665605523
2665614886
2665632353
2665639752
2665639754
2665639755
2665640462
2665649592
2665653878
2665653879
2665653880
2665688148
2665688149
2665688150
2665689952
2665689953
2666095102
2666277453
2666301694
2666319709
2666319711
2666319712
2666338608
2666363840
2666363841
2666363842
2666378332
2666429021
2666429023
2666429025
2666429072
2666429073
2666429074
2666437286
2666450733
2666451804
2666451805
2666451806
2666460946
2666716507
2666716508
2666744571
2666744572
2666744574
2666797674
2667290388
2667306953
2667318350
2667336235
2667338100
2667353938
2667356084
2667363443
2667377759
2667377761
2667852168
2668013393
2668093697
2668093698
2668093699
2668112371
2668112373
2668126562
2668126563
2668126564
2668127137
2668154440
2668174711
2668174712
2668174713
2668175952
2668175954
2668187286
2668189529
2668189530
2668189531
2668443297
2668444401
2668446952
2668489623
2668489775
2668532013
2668618368
2668710626
2668768611
2668788433
2669289757
2669289759
2669289761
2669302209
2669435579
2669436236
2669436237
2669436238
2669552472
2669629628
2669630044
2669636058
2669648161
2669651389
2669989138
2670004119
2670197299
2671085111
2671098267
2671196260
2671196263
2671203145
2671215214
2671302250
2671332159
2671353228
2671963050
2672038657
2672118505
2672121862
2673099408
2673111665
2673113471
2673142469
2673143033
2673143034
2673143035
2673156892
2673192336
2673194244
2673194246
2673464140
2673864973
2673868539
2673913800
2673961677
2674000385
2674008674
2674116672
2674194239
2674195097
2674543525
2674572131
2674575011
2674588916
2674588924
2674594920
2674594922
2674778399
2674784933
2674787349
2674787350
2674787361
2674808897
2674812246
2674823010
2674850961
2674867217
2674869099
2674875976
2674881440
2674908806
2674917110
2674920733
2674944017
2674951779
2674959012
2674967683
2675002055
2675011300
2675091173
2675093474
2675207454
2675207463
2675207757
2675237761
2675237762
2675237763
2675407633
2675780047
2675789069
2675806948
2675806949
2675806961
2675808148
2675810566
2675907808
2675916388
2676131508
2676209931
2676209933
2676225619
2676231588
2676233595
2676240971
2676243182
2676394191
2676395932
2676397513
2676419605
2676439473
2676599685
2676676041
2676712544
2676726674
2676726676
2676727341
2676734786
2676768568
2676768741
2676785990
2676804143
2676982650
2676984437
2676985081
2676992855
2677025896
2677031213
2677032199
2677035697
2677047156
2677048000
2677048002
2677048043
2677118148
2677118149
2677118173
2677410856
2677410858
2677410860
2677416221
2677419351
2677419353
2677419355
2677433494
2677564210
2677577121
2677584483
2677585107
2677585108
2677585109
2677587588
2677587658
2677590365
2677605471
2677609273
2677609275
2677609276
2677614246
2677614248
2677614249
2677614250
2677617471
2677631360
2677637361
2677637362
2677637363
2677658638
2677678204
2677678700
2677678829
2677678830
2677678831
2677687123
2677687765
2677691510
2677694791
2677694792
2677694794
2677719909
2677719910
2677719911
2677725547
2677725550
2677725552
2677725643
2677735337
2677737333
2677742562
2677748737
2677748738
2677755752
2677755754
2677755757
2677761513
2677761515
2677761517
2677773823
2677773825
2677773827
2677774128
2677775583
2677775585
2677775587
2677779046
2677779048
2677779134
2677787660
2677787663
2677787664
2677787955
2677787957
2677787959
2677789462
2677791569
2677791572
2677791575
2677795561
2677798292
2677798293
2677798295
2677809307
2677809310
2677809313
2677811878
2677811881
2677811884
2677811958
2677817313
2677817314
2677817315
2677820570
2677820573
2677823630
2677828851
2677837092
2677837094
2677837097
2677848324
2677853827
2677861423
2677861426
2677867880
2677868624
2677870931
2677870933
2677870936
2677874130
2677874132
2677874587
2677877091
2677878585
2677879593
2677887988
2677887991
2677887994
2677889156
2677896890
2677896893
2677900858
2677901548
2677903301
2677907775
2677926004
2677926007
2677926008
2677952681
2677952684
2677954087
2677956331
2677959072
2677959073
2677959075
2677959483
2677959486
2677971476
2677973560
2677973561
2677975768
2677977595
2677979364
2677980137
2677980542
2677983791
2677984619
2677984621
2677984623
2677991321
2677996391
2677996392
2677996393
2677999838
2678004938
2678004939
2678004940
2678006448
2678006449
2678006450
2678008068
2678010131
2678015199
2678019455
2678020824
2678021032
2678021033
2678021036
2678021581
2678021583
2678021585
2678022919
2678022921
2678022922
2678024820
2678028891
2678028893
2678028895
2678028948
2678029521
2678029522
2678029524
2678040821
2678040822
2678040823
2678041789
2678061532
2678061533
2678061534
2678062653
2679289414
2679289557
2679301951
2679301952
2679301953
2679428075
2679491377
2679619326
2679619566
2680895048
2681208575
2682451576
2682565717
2683541877
2683817909
2684113453
2684150537
2684923752
2684923753
2684924904
2685042642
2685045200
2685082417
2685098518
2685125969
2685308885
2685393595
2686890121
2686891068
2686929594
2686973883
2687081325
2687114224
2687148979
2687185493
2687201883
2687204423
2687204424
2687204477
2687253156
2687310370
2687318368
2687334378
2687347265
2687353819
2687524418
2687569043
2687617729
2687636603
2689018759
2689441202
2689642765
2689698235
2689886570
2689898270
2689900749
2689942262
2689984372
2689987736
2689991743
2689991749
2689994743
2689998023
2689998244
2690001357
2690001359
2690001361
2690003772
2690003774
2690005779
2690005990
2690028792
2690040460
2690045051
2690062229
2690090956
2690093822
2690094483
2690117489
2690133087
2690154645
2690192944
2690192946
2690194997
2690222525
2690222961
2690222963
2690222965
2690223609
2690227359
2690245452
2690245453
2690296684
2690298269
2690301273
2690310238
2690310239
2690310318
2690311550
2690326425
2690327291
2690327292
2690327293
2690331013
2690331014
2690331015
2690333287
2690338142
2690338162
2690342270
2690346741
2690347040
2690353861
2690353862
2690353863
2690372685
2690375884
2690375885
2690375886
2690376168
2690387349
2690387350
2690387351
2690387961
2690395036
2690395066
2690396083
2690398634
2690404786
2690404787
2690404788
2690407791
2690408249
2690408251
2690408252
2690409580
2690430593
2690430770
2690432228
2690434579
2690435434
2690435485
2690438034
2690438036
2690438038
2690438341
2690439143
2690439145
2690439147
2690439149
2690445546
2690447803
2690447888
2690450720
2690450723
2690450725
2690458226
2690458817
2690461185
2690461190
2690461192
2690462919
2690462921
2690462923
2690466083
2690467681
2690468699
2690470986
2690473443
2690480589
2690480590
2690480594
2690480775
2690481934
2690486954
2690487855
2690489909
2690490694
2690490697
2690490701
2690491508
2690494021
2690498401
2690500683
2690500685
2690500687
2690508394
2690508396
2690508400
2690513622
2690514682
2690514684
2690514686
2690521446
2690522820
2690522822
2690522824
2690523578
2690525195
2690525196
2690525197
2690527655
2690535945
2690546729
2690547923
2690547925
2690547927
2690548059
2690548061
2690548063
2690551693
2690552886
2690554475
2690559029
2690559031
2690559035
2690560520
2690563770
2690574437
2690579938
2690580632
2690580633
2690581233
2690581235
2690581236
2690594727
2690597728
2690597730
2690597734
2690602019
2690602020
2690602022
2690606307
2690606308
2690606309
2690606317
2690607702
2690607704
2690607706
2690610343
2690611076
2690611077
2690611078
2690611791
2690611793
2690611795
2690611981
2690611983
2690611984
2690612098
2690615852
2690619300
2690623860
2690626246
2690626817
2690627164
2690630902
2690630904
2690630906
2690633514
2690633516
2690633518
2690633779
2690634986
2690634988
2690634993
2690635732
2690635734
2690635735
2690639096
2690641462
2690641464
2690641466
2690645114
2690645116
2690647795
2690651070
2690651072
2690651074
2690652194
2690658493
2690658495
2690658498
2690658536
2690658538
2690658540
2690658542
2690666057
2690666180
2690670840
2690670842
2690670843
2690673463
2690673597
2690675775
2690678245
2690682097
2690682098
2690682099
2690684977
2690687294
2690687295
2690687297
2690690647
2690690649
2690690651
2690691393
2690691395
2690691398
2690691892
2690694897
2690697530
2690697758
2690700519
2690700520
2690700525
2690700527
2690701770
2690702280
2690705814
2690711989
2690712016
2690713107
2690714193
2690714194
2690714196
2690715747
2690716469
2690716471
2690716473
2690721880
2690726753
2690726756
2690726757
2690732654
2690740000
2690740477
2690740943
2690740945
2690740947
2690743578
2690743887
2690743889
2690743891
2690746777
2690749709
2690752689
2690752691
2690752693
2690753125
2690756182
2690758592
2690762547
2690763508
2690763511
2690763513
2690763851
2690774464
2690774466
2690774468
2690778855
2690778857
2690778859
2690781864
2690782933
2690787759
2690789241
2690789243
2690789273
2690800039
2690800040
2690800043
2690801886
2690802443
2690802445
2690802447
2690802448
2690803284
2690808036
2690808038
2690808040
2690809058
2690809060
2690811592
2690816878
2690816879
2690816880
2690818584
2690822598
2690822606
2690823182
2690823184
2690823187
2690825681
2690826651
2690827170
2690830507
2690830510
2690830512
2690832991
2690832993
2690833012
2690834099
2690834409
2690834410
2690834411
2690842524
2690843092
2690844297
2690849696
2690853901
2690857148
2690857150
2690857151
2690857153
2690858999
2690867849
2690867850
2690867900
2690870986
2690872951
2690872952
2690872954
2690873177
2690873179
2690873180
2690877632
2690878888
2690878889
2690878890
2691068686
2691068726
2691643535
2691643556
2691653035
2691679274
2691679459
2691701603
2691702710
2691702712
2691706392
2691706424
2691714285
2691722608
2691726145
2691732467
2691735964
2691746153
2691751186
2691763153
2691772155
2691773910
2691782623
2691886730
2691912464
2691963905
2692016878
2692019712
2692019713
2692019714
2692989538
2693008335
2693015513
2693016441
2693023576
2693031017
2693101645
2693101646
2693101647
2693144053
2693322114
2693430116
2693451709
2693468657
2693499110
2693511591
2693544865
2694303239
2694303243
2694303247
2694303251
2694303255
2694303259
2694303263
2694303267
2694730132
2694764229
2694830405
2694839890
2694839893
2694839896
2694855485
2694858373
2694894008
2694941023
2694967387
2694975726
2695112920
2695129807
2695130072
2695130408
2697026224
2697068398
2697138237
2697212994
2697325463
2697339922
2697343949
2697411733
2697444130
2697461504
2697871211
2697885123
2697935306
2697935308
2697946791
2697946792
2697946793
2697948499
2697951849
2697955520
2697955574
2697960426
2697980053
2697984102
2698237548
2698237550
2698252713
2698269608
2698291485
2698303037
2698315918
2698317131
2698342171
2698346934
2698371827
2698387591
2698708140
2698711101
2698711973
2698779972
2698853980
2698853981
2698854200
2698854201
2698855324
2698950181
2698951466
2699046732
2699059729
2699091300
2699119202
2699155287
2699155786
2699161277
2699175551
2699188495
2699189540
2699190178
2699453778
2699863973
2699992197
2700035622
2700074644
2700179252
2700181909
2700330474
2700718893
2700823631
2700919871
2700919872
2700919875
2700919877
2701408408
2701444543
2701453465
2701459427
2701459428
2701473569
2701505468
2701578819
2701605022
2701608655
2701651208
2701704142
2701775587
2702028671
2702086267
2702149883
2702262770
2702746541
2702821363
2704266111
2704931060
2705745815
2705858443
2706127144
2706288265
2706384693
2706386619
2706389222
2707431248
2707765357
2708242426
2708255240
2708328418
2708328419
2708328421
2709279907
2709282427
2709290138
2709519470
2709644134
2709662000
2709775038
2710024705
2710058935
2710142763
2710501518
2710772096
2710777587
2710784919
2710788432
2710862248
2710886675
2711073528
2711074077
2711098591
2711106258
2711106259
2711106260
2711107113
2711114637
2711120160
2711125784
2711217430
2711217431
2711218694
2711268477
2711301336
2711304013
2711304019
2711329585
2711329586
2711329587
2711367139
2711367140
2711367141
2711504609
2711517312
2711560938
2711601723
2711601724
2711601725
2711622619
2711643224
2711653553
2711712171
2711773720
2711773721
2711775179
2711789648
2711793340
2711890449
2711906078
2711912418
2711917919
2711921428
2711988701
2711998895
2712081825
2712107482
2712107486
2712159911
2712190191
2712190192
2712450310
2712465005
2712465244
2712473679
2712485702
2712499468
2712522313
2712557937
2712563136
2712565775
2712570538
2712654088
2712655255
2712673564
2712673566
2712673568
2712679048
2712696067
2712696069
2712696071
2712697564
2712718737
2712721343
2712723393
2712734019
2712740373
2712743011
2712745211
2712765592
2712787771
2712792386
2712802255
2712814802
2712920375
2712970838
2712971368
2712980790
2712984304
2713005537
2713150138
2713155587
2713278445
2713290668
2713302682
2713305377
2713306927
2713331636
2713346583
2713359820
2713359844
2713402313
2713432677
2713433669
2713452489
2713464599
2713470591
2713470592
2713470593
2713475948
2713562453
2713562455
2713562460
2713570895
2713599606
2713602683
2713602685
2713604006
2713612534
2713620227
2713625404
2713626019
2713633761
2713636751
2713637712
2713637713
2713638323
2713646531
2713646533
2713646535
2713721848
2713739516
2713739517
2713742441
2713745169
2714013187
2714049777
2714049779
2714049781
2714070119
2714113055
2714163336
2714184220
2714184221
2714184222
2714194163
2714195104
2714221079
2714248717
2714257660
2714267339
2714336270
2714344458
2714347949
2714375872
2714462078
2714498639
2714506667
2714526311
2714538869
2714563313
2714592025
2714637167
2714744614
2714763038
2715088454
2715122146
2715958542
2715962361
2715973777
2715973779
2715974830
2715978251
2715998688
2715998690
2716003747
2716003748
2716003750
2716013968
2716015041
2716250464
2717108304
2717385925
2717386656
2717386657
2717386658
2717392405
2717394397
2717394399
2717394400
2717395712
2717530521
2718057344
2718057346
2718057347
2718316597
2718343672
2718354191
2718357171
2718362123
2718362385
2718364334
2718377054
2718597257
2718597258
2718597259
2718601962
2719084537
2719792652
2720464095
2720548386
2720554129
2720569308
2720640925
2721219631
2721220839
2721221140
2721223605
2721318221
2721340528
2721353401
2721385010
2721399511
2721987556
2722061090
2722074250
2722075076
2722124992
2723240978
2723248875
2723326415
2723344432
2723363295
2723386349
2723386500
2723708483
2724171997
2724175871
2724346098
2724372841
2725839713
2725845759
2725874630
2725888722
2725934192
2726125648
2726760348
2726771924
2726779448
2726780241
2726785582
2727163767
2727198086
2727198087
2727537901
2727537903
2727538250
2727997824
2728030160
2728051718
2728074418
2728134405
2728134407
2728205367
2728442266
2728464472
2728466688
2728466689
2728466691
2728466692
2728466693
2728466765
2728641597
2728643738
2728647558
2728670522
2728670523
2728670525
2728751438
2728801220
2728922174
2728954293
2728954296
2728963739
2728980967
2729007680
2729043853
2729170638
2729231828
2729231831
2729231833
2729279276
2729285348
2729289451
2729326823
2729326825
2729335864
2729335866
2729335868
2729355141
2729370455
2729381705
2729381709
2729381716
2729415360
2729415361
2729415362
2729427549
2729427554
2729427556
2729469881
2729469888
2729469957
2729499512
2729499517
2729499521
2729500714
2729500718
2729500720
2729530718
2729530721
2729530724
2729545017
2729545022
2729545028
2729550306
2729553997
2729600354
2729681403
2729681406
2729681407
2729695543
2729710678
2729764066
2729764070
2729792516
2729792520
2729792522
2729828490
2729856917
2729856923
2729856929
2729904792
2729910772
2729959820
2729982279
2729986862
2730012746
2730012748
2730012751
2730051613
2730057721
2730121131
2730147485
2730153752
2730153754
2730153757
2730233347
2730237930
2730256601
2730266802
2730277262
2730282314
2730287257
2730287258
2730287260
2730290136
2730302575
2730302577
2730302579
2730325149
2730327673
2730333770
2730349791
2730356534
2730362098
2730368876
2730370038
2730370041
2730370043
2730373441
2730375345
2730375349
2730399063
2730410469
2730410470
2730410472
2730411326
2730418299
2730425994
2730440493
2730451809
2730455778
2730455779
2730455794
2730469929
2730527785
2730527786
2730527787
2730528428
2730537463
2730537464
2730537465
2730552610
2730552611
2730552612
2730563419
2730604523
2730610459
2730627954
2730627960
2730627961
2730645074
2730668136
2730687734
2730714389
2730714407
2730742325
2730757713
2730799839
2730799840
2730799841
2730805628
2730805629
2730805630
2730860611
2730860614
2730860617
2730861385
2730865421
2730881664
2730896763
2730919978
2730919983
2730919984
2730919985
2730926769
2730928453
2730931967
2730931973
2730996260
2731008224
2731008226
2731008228
2731013746
2731019455
2731020119
2731020121
2731020142
2731041139
2731060686
2731082566
2731102886
2731118213
2731119625
2731119627
2731119629
2731134716
2731134730
2731139425
2731160326
2731160337
2731160399
2731163531
2731163646
2731168463
2731168965
2731218309
2731219208
2731291480
2731294884
2731294887
2731294890
2731295071
2731295076
2731302596
2731302599
2731302760
2731311569
2731360898
2731360904
2731399942
2731442201
2731457599
2731459393
2731459394
2731459395
2731460506
2731460508
2731466127
2731476788
2731476791
2731476794
2731497586
2731539655
2731576566
2731576981
2731576983
2731589626
2732279017
2732283973
2732296488
2732307772
2732701582
2732703933
2732706942
2732709152
2732713369
2732743194
2732759186
2732765487
2732767202
2732768151
2732832677
2732881106
2732969235
2732976133
2733005315
2733012170
2733015404
2733219459
2733219460
2733219461
2733227214
2733229914
2733229916
2733229918
2733233380
2733256078
2733256081
2733320250
2733320252
2733320253
2733358874
2733358875
2733359169
2733388106
2733399739
2733403902
2733410050
2733480771
2733865924
2734026747
2734027191
2734030945
2734045629
2734045630
2734045631
2734163901
2734280061
2734292465
2734368905
2734382153
2734409337
2734427994
2734449475
2734449477
2734711476
2734861728
2735031505
2735498324
2735535973
2735614252
2735622464
2735622467
2735696257
2735730114
2735730809
2735731857
2735734530
2735747553
2735756268
2735763670
2735802468
2735807837
2735810287
2735811001
2735851165
2735851911
2735881327
2735962021
2735976509
2736049862
2736060902
2736066598
2736095828
2736095829
2736095830
2736113974
2736113975
2736113976
2736129348
2736157801
2736159676
2736190496
2736192388
2736312326
2736317849
2736508472
2736511587
2736567829
2736598521
2736611220
2736637099
2736645863
2736656199
2736675087
2737088500
2737088501
2737088502
2737094397
2737094398
2737094399
2737098558
2737098562
2737102665
2737153916
2737179997
2737202051
2737218644
2737449906
2737477890
2737480559
2737480560
2737480561
2737484383
2737678669
2737709043
2737812405
2737823126
2737839677
2737881033
2737905546
2737995293
2738019087
2738095996
2738143074
2738196000
2738201091
2738233169
2738237094
2738275314
2738278179
2738278180
2738278181
2738279971
2738286705
2738289556
2738303857
2738351208
2738369380
2738392169
2738399614
2738420162
2738437929
2738530414
2738550215
2738636330
2739109511
2739125876
2739793151
2739805057
2739873516
2739874973
2739902311
2739990190
2740005448
2740008906
2740061221
2740083044
2740090005
2740174717
2740229837
2740236835
2740247568
2740280636
2740617221
2740681305
2740903071
2740903074
2740903075
2740903448
2740911509
2740936400
2740947860
2740952252
2740963078
2740967049
2740969464
2740976161
2740984722
2740987289
2741024500
2741071319
2741071322
2741071325
2741125491
2741126514
2741250518
2741885727
2742384948
2742384949
2742384950
2742384957
2742384958
2742384959
2742384960
2742384961
2742384962
2742384963
2742874633
2742881048
2742897966
2742901947
2742905053
2742905058
2742929628
2742938411
2742955002
2743181506
2743189349
2743197075
2743215506
2743218196
2743237608
2743243295
2743258290
2743291679
2743301553
2743900335
2743905043
2743908382
2743926086
2743956139
2743956352
2744058478
2744429772
2745100471
2745126807
2745151021
2745157672
2745189788
2745193089
2745193095
2745196474
2745370606
2745379096
2745417744
2745427943
2745447196
2745468431
2745481084
2745492770
2745494345
2745511689
2745517130
2745534395
2745535600
2745550832
2745598086
2745598087
2745598088
2745606890
2745613186
2745613188
2745613189
2745648557
2745696977
2745703594
2745908337
2746158192
2746221264
2747155620
2747396023
2747396024
2747396025
2747396146
2747400953
2747400954
2747400955
2747405297
2747409556
2747419490
2747431879
2747450366
2747468391
2747468748
2747468751
2747490596
2747498156
2747498159
2747498161
2747519376
2747532843
2747543607
2747543610
2747543613
2747549596
2747573741
2747598572
2747608997
2747631520
2747631522
2747657660
2747674875
2747684321
2747684323
2747684325
2747753233
2747753237
2747779684
2747780698
2747780701
2747780704
2747797496
2747805574
2747811233
2747811238
2747812738
2747812740
2747812742
2747819401
2747826227
2747826228
2747826229
2747850392
2747860868
2747860871
2747871527
2747887597
2747887599
2747887602
2747903235
2747917592
2747936430
2747936432
2747936433
2747940525
2747940528
2747940531
2747955015
2747955021
2747965781
2747974115
2747997416
2747997420
2747998714
2747998719
2747998730
2748009604
2748009608
2748010913
2748010914
2748010915
2748028135
2748032804
2748045655
2748045657
2748045660
2748048178
2748048201
2748048206
2748053794
2748061357
2748066071
2748066618
2748066622
2748066652
2748080026
2748086396
2748086397
2748086510
2748091622
2748092480
2748092483
2748092486
2748138941
2748139733
2748144535
2748144539
2748176598
2748176600
2748176602
2748178381
2748190523
2748190525
2748190594
2748213483
2748218226
2748240473
2748253932
2748257884
2748257890
2748276993
2748284877
2748284880
2748284883
2748297836
2748297839
2748297842
2748303456
2748305318
2748320833
2748320834
2748320836
2748368639
2748368641
2748368656
2748376783
2748418454
2748457926
2748473538
2748473541
2748473543
2748485240
2748505852
2748505854
2748505855
2748522452
2748525757
2748525760
2748525763
2748560845
2748567891
2748567892
2748567893
2748573442
2748573445
2748573448
2748588298
2748588304
2748598743
2748598745
2748598748
2748604676
2748604679
2748608292
2748608295
2748608296
2748659175
2748667280
2748667283
2748667285
2748681583
2748681589
2748703285
2748704124
2748704125
2748704126
2748704414
2748718231
2748718293
2748721866
2748721869
2748721871
2748732259
2748732262
2748732265
2748740498
2748740500
2748741940
2748741941
2748741943
2748763019
2748772871
2748772873
2748772875
2748781390
2748781393
2748781396
2748814295
2748814298
2748814301
2748821174
2748834710
2748834823
2748851732
2748851734
2748851736
2748858116
2748859186
2748859189
2748859191
2748864558
2748864718
2748881175
2748886226
2748899301
2748899304
2748899307
2748933613
2748933614
2748933615
2748937204
2748937206
2748937208
2748942188
2748942190
2748942191
2748961239
2748961241
2748969345
2748969346
2748969347
2748983555
2748997148
2749005395
2749005396
2749005397
2749011278
2749011279
2749011280
2749030669
2749030671
2749035359
2749054655
2749070485
2749085971
2749085973
2749085974
2749094008
2749094010
2749094736
2749094737
2749094738
2749108813
2749108817
2749142245
2749144334
2749164319
2749196671
2749196672
2749196673
2749196821
2749196823
2749208490
2749210733
2749210734
2749210735
2749243837
2749243839
2749256629
2749260429
2749260431
2749325802
2749325803
2749325804
2749329336
2749366136
2749366137
2749366138
2749371403
2749383803
2749383804
2749383805
2749392930
2749392931
2749392933
2749427940
2749444418
2749444436
2749462857
2749470497
2750016424
2750026341
2750068310
2750088384
2750142041
2750145519
2750156751
2750161245
2750171303
2750191415
2750216740
2750230992
2750236785
2750236787
2750308201
2750314891
2750321276
2750321279
2750321316
2750325364
2750338742
2750346236
2750362259
2750362736
2750365773
2750369247
2750374304
2750375668
2750407350
2750422730
2750440567
2750441358
2750442245
2750450091
2750454004
2750459600
2750475920
2750495532
2750500677
2750510441
2750561307
2750565157
2750572210
2750586509
2750596332
2750625654
2750632586
2750646057
2750647157
2750648449
2750651772
2750696232
2750930732
2750985543
2751007044
2751123641
2751134395
2751153269
2751158361
2751170419
2751199189
2751411729
2751483221
2751806531
2751823419
2752072849
2752113926
2752161684
2752161884
2752181684
2752185580
2752217409
2752221192
2752221193
2752221194
2752885866
2752961825
2753052217
2753052218
2753059360
2753091317
2753172069
2753172072
2753172075
2753220190
2753235122
2753348372
2753350079
2753354167
2753354168
2753354169
2753357264
2753362131
2753367963
2753370307
2753370308
2753370309
2753371480
2753375006
2753381051
2753381676
2753391150
2753391152
2753440426
2753443676
2753444589
2753445641
2753447401
2753457262
2753459664
2753461703
2753462364
2753464277
2753465770
2753474067
2753476985
2753522823
2753523464
2753642586
2753787634
2753812135
2754045517
2754351684
2754352327
2754871646
2754907983
2754938965
2754957921
2755029562
2755102301
2755210613
2755211635
2755288204
2755288837
2755299346
2755348868
2755366065
2755367202
2755369140
2755377291
2755384272
2755388287
2755425590
2755427138
2755433828
2755517109
2755524259
2755552385
2755676668
2755684458
2755705333
2755705728
2755715390
2755750827
2755751551
2755765843
2755776939
2755877043
2755915814
2756399871
2756448102
2756448106
2756480918
2756484399
2756541334
2756541336
2756541338
2756558022
2756558028
2756579779
2756579785
2756602290
2756603561
2756603564
2756603567
2756608681
2756612150
2756641047
2756703308
2756708942
2756708943
2756708944
2756749300
2756749301
2756749302
2756756078
2756778296
2756787964
2756787965
2756787966
2756798347
2756798349
2756798351
2756815436
2756815440
2756816224
2756819202
2756829001
2756830442
2756843872
2756845481
2756845483
2756845485
2756859234
2756859237
2756859499
2756859500
2756859502
2756886010
2756888343
2756898625
2756900708
2756900968
2756909254
2756936473
2756936477
2756968241
2756992076
2756996170
2756996173
2756996176
2756999770
2756999773
2756999775
2757004466
2757017469
2757017472
2757029355
2757034944
2757034946
2757034948
2757038826
2757039896
2757040601
2757040602
2757040604
2757043365
2757044198
2757058900
2757059934
2757064737
2757064741
2757083859
2757095153
2757095156
2757095159
2757103061
2757118485
2757127279
2757134019
2757134025
2757135336
2757148458
2757151635
2757160957
2757166262
2757171998
2757172600
2757172603
2757172606
2757179502
2757195911
2757209393
2757209395
2757209397
2757210965
2757210969
2757232475
2757232479
2757233151
2757233153
2757233155
2757240218
2757240582
2757243440
2757262842
2757262847
2757271359
2757299282
2757299286
2757314346
2757321760
2757330846
2757363072
2757366570
2757366576
2757369020
2757371930
2757371934
2757382673
2757386862
2757387296
2757413239
2757414162
2757432755
2757441813
2757446164
2757461882
2757462420
2757462422
2757462638
2757486438
2757486441
2757486444
2757505061
2757505063
2757505065
2757531288
2757531291
2757531294
2757537700
2757537705
2757541575
2757546027
2757554387
2757558305
2757610780
2757610784
2757623067
2757623070
2757623072
2757624511
2757646946
2757646949
2757646952
2757652903
2757652905
2757653086
2757673188
2757682949
2757682973
2757682975
2757682977
2757694690
2757694694
2757709303
2757709305
2757709307
2757718778
2757724422
2757724428
2757728120
2757728124
2757742883
2757750783
2757751002
2757758508
2757758557
2757779625
2757779627
2757779630
2757804835
2757808411
2757812479
2757827384
2757830097
2757850370
2757851473
2757851475
2757851477
2757855753
2757855759
2757901624
2757901630
2757902105
2757902107
2757902110
2757904040
2757904045
2757904048
2757917265
2757937922
2757947079
2757951208
2757952725
2757952728
2757952731
2757975040
2757987982
2757987984
2757987986
2757992663
2758069471
2758069474
2758069477
2758074745
2758089507
2758109546
2758109549
2758112452
2758121333
2758126990
2758126993
2758126994
2758148724
2758148725
2758148726
2758166682
2758166688
2758178412
2758182601
2758182603
2758182940
2758202084
2758202087
2758203280
2758203286
2758207821
2758234029
2758234034
2758242981
2758245076
2758257522
2758261087
2758286562
2758294711
2758294713
2758294715
2758299057
2758299060
2758307039
2758307041
2758307043
2758325334
2758325336
2758332451
2758352012
2758352014
2758352015
2758388207
2758388209
2758388211
2758411018
2758412455
2758447528
2758447534
2758452331
2758452333
2758452335
2758454635
2758454639
2758496248
2758505598
2758505600
2758505602
2758515834
2758515836
2758515838
2758516139
2758634645
2758634647
2758634649
2758651586
2758654003
2758674248
2758674250
2758674252
2758708133
2758718059
2758718060
2758718061
2758724194
2758747912
2758749060
2758749062
2758750070
2758751134
2758753532
2758753533
2758753534
2758758815
2758975501
2759017406
2759031440
2759031457
2759031459
2759031460
2759043451
2759071513
2759141827
2759156463
2759156467
2759156470
2759157945
2759162345
2759162351
2759198739
2759208784
2759214661
2759222490
2759230288
2759234998
2759256651
2759256654
2759256657
2759330178
2759331481
2759334531
2759356810
2759390733
2759391745
2759391750
2759410608
2759430399
2759436860
2759443576
2759448946
2759452481
2759452483
2759465396
2759492843
2759493938
2759503898
2759547265
2759607906
2759607908
2759607909
2759611928
2759611929
2759611930
2759612056
2759612058
2759618027
2759640116
2759640117
2759640118
2759665785
2759687348
2759687350
2759693130
2759696405
2759696406
2759696407
2759701222
2759785756
2759785761
2759789662
2759790924
2759799366
2759826333
2759857582
2759862121
2759906573
2759908005
2759909881
2759940534
2759940536
2759940538
2759946450
2759948328
2759979241
2759983995
2759986194
2760001381
2760006377
2760006379
2760007521
2760011980
2760011983
2760011986
2760018170
2760050158
2760102475
2760135561
2760156824
2760168362
2760203691
2760216974
2760216977
2760216980
2760238220
2760248434
2760248440
2760248445
2760318845
2760342595
2760342830
2760352836
2760352839
2760352844
2760413361
2760426161
2760447973
2760490199
2760491668
2760536973
2760538817
2760550908
2760550910
2760550913
2760561161
2760578063
2760584616
2760584619
2760584764
2760596036
2760596039
2760596044
2760611230
2760635759
2760635765
2760639145
2760651540
2760681489
2760682688
2760705799
2760705802
2760705805
2760720597
2760734326
2760736686
2760808631
2760881303
2760884069
2760884953
2760884958
2760884962
2760890518
2760890526
2760896439
2760897077
2760897082
2760911684
2760911687
2760911723
2760913924
2760913927
2760913930
2760956786
2760978083
2760978088
2760984240
2760988429
2761006558
2761007541
2761032196
2761032198
2761032200
2761041370
2761043444
2761043447
2761043450
2761057486
2761108011
2761108015
2761108017
2761110059
2761114526
2761114531
2761123921
2761123923
2761123926
2761153543
2761166923
2761173514
2761187982
2761187985
2761187988
2761201195
2761201198
2761201201
2761206018
2761206022
2761215140
2761240616
2761242882
2761242884
2761280623
2761280625
2761280626
2761286365
2761286367
2761286368
2761306079
2761306083
2761307802
2761320291
2761326128
2761338131
2761354043
2761354045
2761354047
2761360946
2761373674
2761381455
2761381456
2761381457
2761391611
2761395659
2761402841
2761402843
2761403521
2761414255
2761414257
2761433888
2761433889
2761433890
2761440581
2761459604
2761464170
2761466082
2761478774
2761478776
2761488207
2761488812
2761521668
2761525627
2761525629
2761525631
2761559288
2761559291
2761564492
2761565341
2761565344
2761565347
2761566021
2761566099
2761567163
2761593316
2761593319
2761593322
2761608233
2761609461
2761612771
2761612773
2761612775
2761618181
2761627871
2761643725
2761646404
2761646406
2761646408
2761657488
2761657490
2761657492
2761671803
2761671804
2761671805
2761689091
2761700774
2761700777
2761700779
2761701590
2761728900
2761728901
2761728902
2761736065
2761751061
2761756313
2761756315
2761756317
2761767604
2761788592
2761805032
2761814171
2761814404
2761814407
2761814409
2761835504
2761835507
2761837633
2761856540
2761856542
2761856544
2761865973
2761890831
2761899495
2761903087
2761903090
2761903093
2761904208
2761907804
2761907807
2761907809
2761913190
2761921443
2761921448
2761935476
2761935477
2761935480
2761948488
2761962408
2761962712
2761962715
2761962717
2761980549
2761994479
2761994481
2762006292
2762024037
2762024039
2762024041
2762025276
2762025279
2762029655
2762033796
2762037918
2762037921
2762037941
2762038236
2762050067
2762050072
2762059801
2762059804
2762059807
2762061061
2762061063
2762061917
2762061923
2762070346
2762073143
2762073145
2762088151
2762088153
2762088156
2762112817
2762112821
2762117817
2762117818
2762117820
2762123609
2762123611
2762132948
2762132951
2762133558
2762147082
2762182642
2762187345
2762194327
2762194329
2762236542
2762236543
2762236544
2762241177
2762246481
2762255481
2762260613
2762299467
2762299469
2762299473
2762304484
2762310137
2762329115
2762332898
2762332904
2762353452
2762357745
2762358577
2762381474
2762386755
2762398288
2762398291
2762398293
2762409556
2762423289
2762423290
2762423292
2762429977
2762429978
2762429979
2762434146
2762439531
2762457403
2762458247
2762458249
2762458251
2762458444
2762460255
2762460257
2762460259
2762464685
2762475870
2762475872
2762478745
2762480823
2762493609
2762520088
2762520090
2762524046
2762526786
2762533316
2762533318
2762533427
2762548253
2762557795
2762557805
2762562040
2762562043
2762562046
2762576466
2762590381
2762600426
2762600428
2762600430
2762610458
2762611887
2762611893
2762614982
2762614984
2762614987
2762628731
2762628733
2762628736
2762629076
2762629081
2762631876
2762636309
2762636312
2762636314
2762637920
2762637922
2762643702
2762653768
2762658208
2762658210
2762658216
2762674126
2762675586
2762675592
2762677360
2762684770
2762760414
2762760420
2762761571
2762761574
2762761577
2762770148
2762770699
2762772563
2762772566
2762772569
2762783707
2762783713
2762815022
2762816662
2762827110
2762827113
2762827116
2762829694
2762851762
2762858575
2762859884
2762873628
2762890306
2762890309
2762890311
2762894515
2762913016
2762913019
2762913022
2762918193
2762919948
2762938801
2762938803
2762938805
2762939088
2762940794
2762942137
2762944313
2762944501
2762946793
2762953100
2762962123
2762971622
2762971625
2762971628
2762973189
2762974425
2762976705
2762978576
2762978577
2762978578
2762980725
2762994669
2762996040
2763001219
2763001222
2763001225
2763003055
2763003061
2763017987
2763042077
2763046311
2763046313
2763046315
2763059743
2763060452
2763067400
2763067408
2763079333
2763085273
2763088192
2763088195
2763088198
2763090737
2763112416
2763117494
2763123202
2763123204
2763123206
2763132889
2763133552
2763144693
2763145041
2763145934
2763152846
2763157605
2763160604
2763166337
2763178956
2763178959
2763178962
2763182574
2763182580
2763185003
2763191808
2763191811
2763191814
2763231935
2763242701
2763242703
2763244353
2763250497
2763253120
2763271855
2763271859
2763279455
2763295719
2763310709
2763310715
2763325302
2763333171
2763349258
2763354955
2763355246
2763355249
2763355251
2763378416
2763378421
2763391979
2763391982
2763398672
2763406210
2763441763
2763441766
2763441769
2763452113
2763488343
2763488346
2763488349
2763522082
2763534911
2763551771
2763590646
2763598399
2763606737
2763613025
2763613029
2763633185
2763633191
2763653550
2763660220
2763660278
2763689829
2763693784
2763695733
2763707431
2763707434
2763707437
2763709088
2763709094
2763716973
2763716976
2763716978
2763732262
2763753621
2763753624
2763753627
2763773360
2763830370
2763832759
2763833200
2763833202
2763833204
2763833206
2763848938
2763848940
2763848943
2763865651
2763880344
2763911151
2763911154
2763911157
2763913713
2763914552
2763954771
2763962763
2763981281
2763997405
2763997406
2763997409
2764012543
2764012548
2764015556
2764018569
2764018575
2764019580
2764019588
2764020413
2764039821
2764039826
2764105816
2764105819
2764105822
2764122793
2764127668
2764177235
2764178782
2764178785
2764178787
2764186319
2764186325
2764193314
2764193319
2764211688
2764211691
2764211694
2764212415
2764225104
2764226689
2764226888
2764238037
2764241002
2764241005
2764241008
2764248947
2764248950
2764256963
2764256970
2764257589
2764270192
2764322578
2764337116
2764337119
2764337122
2764346990
2764350485
2764350545
2764350547
2764350550
2764353894
2764386483
2764386489
2764386492
2764416388
2764416394
2764424046
2764439614
2764439616
2764439619
2764456083
2764456091
2764507005
2764533401
2764541455
2764541459
2764575252
2764575258
2764591822
2764591825
2764591828
2764592689
2764666043
2764666045
2764666048
2764666571
2764666592
2764694526
2764697876
2764699027
2764699029
2764701358
2764701361
2764705380
2764705383
2764705386
2764716190
2764717676
2764717678
2764717680
2764720275
2764720277
2764720279
2764722945
2764722950
2764748391
2764754299
2764774567
2764774999
2764783599
2764783666
2764800594
2764800597
2764800600
2764814751
2764831098
2764831101
2764831103
2764838709
2764838712
2764838715
2764840004
2764840008
2764840469
2764849070
2764849072
2764849074
2764849234
2764857216
2764857218
2764857220
2764886678
2764895885
2764901016
2764905430
2764905433
2764905436
2764906918
2764934636
2764934669
2764934675
2764939700
2764946083
2764946085
2764946087
2764965775
2764965777
2764965802
2764999256
2764999259
2764999261
2765035102
2765055760
2765058075
2765058078
2765058081
2765063568
2765063571
2765071498
2765079128
2765092272
2765093164
2765093171
2765102452
2765168814
2765168820
2765169642
2765169645
2765169648
2765169790
2765201048
2765201051
2765201054
2765202711
2765202712
2765202714
2765236766
2765236773
2765239355
2765241298
2765241301
2765241304
2765309221
2765309227
2765313842
2765313845
2765313848
2765338974
2765341535
2765341538
2765341541
2765352628
2765352632
2765358711
2765359857
2765359863
2765386699
2765386705
2765433092
2765444964
2765444967
2765445880
2765445900
2765451839
2765451841
2765451843
2765476826
2765476832
2765493495
2765493497
2765493499
2765497868
2765497873
2765498570
2765498575
2765500897
2765517206
2765517207
2765517209
2765518827
2765521387
2765528818
2765528824
2765530344
2765545392
2765551741
2765577069
2765584315
2765588828
2765588833
2765591714
2765592911
2765592913
2765592916
2765595161
2765595538
2765627837
2765627840
2765627843
2765634041
2765634840
2765636016
2765636289
2765637875
2765645945
2765645948
2765645951
2765648720
2765648726
2765648758
2765675074
2765675076
2765675079
2765682666
2765685462
2765712197
2765712198
2765712199
2765716213
2765728302
2765728304
2765728306
2765736793
2765736795
2765741623
2765741627
2765754132
2765760005
2765760008
2765760495
2765760498
2765771941
2765779173
2765783514
2765803438
2765830200
2765831066
2765850825
2765855465
2765855468
2765855469
2765858679
2765865051
2765885104
2765885107
2765898574
2765898576
2765898652
2765905458
2765905459
2765905460
2765945689
2765945690
2765945692
2765950300
2765955577
2765955579
2765986476
2765989698
2765989699
2765989700
2765996094
2765996095
2765996096
2766001840
2766026170
2766028220
2766028222
2766028677
2766028678
2766030355
2766031607
2766031608
2766031609
2766098855
2766127442
2766127443
2766127444
2766131224
2766156895
2766217208
2766293002
2766294130
2766296463
2766300035
2766300037
2766300039
2766329472
2766334999
2766340844
2766340846
2766340848
2766377923
2766379304
2766389463
2766399680
2766408118
2766428287
2766454803
2766481028
2766481031
2766493901
2766514711
2766514713
2766514715
2766526911
2766546778
2766561492
2766561494
2766561496
2766562931
2766578381
2766578383
2766578385
2766579630
2766593425
2766595763
2766595765
2766595767
2766600951
2766609819
2766612971
2766613075
2766620796
2766621765
2766630021
2766646050
2766647596
2766647597
2766647598
2766675527
2766682568
2766682569
2766682571
2766691716
2766705528
2766716284
2766716285
2766716287
2766716685
2766761369
2766761372
2766761375
2766772039
2766787421
2766790314
2766803074
2766809176
2766809179
2766809203
2766816547
2766816549
2766816552
2766823569
2766826856
2766826859
2766826862
2766834258
2766834262
2766836355
2766874916
2766875615
2766884305
2766884311
2766885324
2766891624
2766908980
2766911778
2766911780
2766916521
2766925722
2766925726
2766933817
2766933820
2766937363
2766941462
2766948658
2766948661
2766948665
2766968079
2766986367
2766997586
2767002574
2767002580
2767011236
2767012337
2767012343
2767021880
2767025961
2767025964
2767025967
2767046746
2767046749
2767046752
2767048379
2767057429
2767057435
2767062236
2767062238
2767063118
2767070510
2767070513
2767070516
2767072149
2767072187
2767089898
2767098564
2767098567
2767098570
2767108902
2767114476
2767114530
2767116998
2767121369
2767121374
2767128016
2767128022
2767136180
2767191121
2767191123
2767191126
2767204879
2767204887
2767204889
2767204891
2767222960
2767225262
2767239960
2767239966
2767254235
2767363237
2767392624
2767408920
2767408924
2767422351
2767422353
2767430658
2767430660
2767430662
2767457876
2767463669
2767469281
2767469284
2767476727
2767476730
2767476733
2767507489
2767507563
2767509844
2767512807
2767512810
2767512813
2767516808
2767516812
2767520564
2767520567
2767520570
2767522391
2767558763
2767558768
2767562774
2767586928
2767586930
2767586933
2767607828
2767635681
2767639959
2767666308
2767670811
2767670813
2767670815
2767681544
2767681547
2767681550
2767684323
2767694562
2767701466
2767705946
2767705949
2767705952
2767712616
2767715214
2767730519
2767745887
2767754828
2767754831
2767754833
2767755461
2767755469
2767766811
2767780332
2767788683
2767788685
2767791763
2767798255
2767815276
2767815278
2767815280
2767857046
2767864016
2767864022
2767873077
2767875929
2767876946
2767887116
2767887118
2767887824
2767891824
2767896841
2767899820
2767899822
2767899824
2767900325
2767900329
2767907456
2767907459
2767907508
2767909177
2767922973
2767922976
2767922978
2767925263
2767933356
2767943375
2767943377
2767943379
2767953102
2767964750
2767964756
2767972371
2767974110
2767974116
2767983538
2767995938
2768007487
2768013918
2768013921
2768019082
2768019084
2768019086
2768023792
2768025549
2768033029
2768033032
2768033035
2768039142
2768041997
2768042001
2768049764
2768067516
2768075250
2768091971
2768091975
2768105493
2768117068
2768117070
2768117073
2768121484
2768142032
2768175563
2768179422
2768179424
2768179426
2768181554
2768196281
2768196284
2768196450
2768227959
2768227961
2768227964
2768238015
2768238018
2768238021
2768243585
2768256330
2768263387
2768294755
2768296303
2768296307
2768296309
2768304217
2768304223
2768310855
2768310909
2768315523
2768315525
2768346123
2768346125
2768346127
2768352198
2768352200
2768352202
2768359511
2768359513
2768359514
2768367513
2768376117
2768380932
2768385676
2768385678
2768385680
2768387797
2768387799
2768387801
2768395728
2768402625
2768402628
2768402630
2768406112
2768410746
2768410751
2768412957
2768413722
2768413890
2768415597
2768419549
2768425170
2768425275
2768425278
2768449741
2768449743
2768449745
2768459250
2768484228
2768485071
2768514613
2768524615
2768524617
2768524619
2768532563
2768562669
2768562675
2768568499
2768568501
2768568504
2768578956
2768578959
2768578961
2768592663
2768592782
2768592784
2768592828
2768606625
2768606630
2768609148
2768609149
2768609150
2768610530
2768610536
2768611839
2768617864
2768620313
2768620319
2768626227
2768635694
2768641959
2768641961
2768641964
2768645915
2768645917
2768645920
2768645929
2768671857
2768671860
2768671864
2768678097
2768678100
2768678103
2768678532
2768681420
2768686684
2768686685
2768686686
2768694208
2768694831
2768694834
2768694837
2768714149
2768716116
2768716120
2768743339
2768743665
2768752936
2768752938
2768757077
2768768463
2768768467
2768777767
2768790652
2768793959
2768800731
2768800735
2768801001
2768801003
2768801004
2768802588
2768814045
2768831051
2768831052
2768854413
2768854415
2768854417
2768878356
2768878360
2768893036
2768893040
2768893297
2768901517
2768928605
2768928606
2768928608
2768930867
2768939801
2768950046
2768950047
2768950048
2768955241
2768955242
2768955243
2768962359
2768962360
2768962361
2768964354
2768964356
2768969398
2768969400
2768987878
2768987880
2768987883
2769030810
2769032746
2769034472
2769034474
2769035886
2769040117
2769046334
2769050679
2769061120
2769094225
2769096986
2769096987
2769096988
2769098202
2769103652
2769123685
2769123686
2769123687
2769130769
2769130771
2769138488
2769138489
2769172115
2769172116
2769195477
2769195478
2769195490
2769230574
2769230576
2769248830
2769251319
2769254324
2769298283
2769334825
2769337394
2769342752
2769361226
2769361229
2769361232
2769386305
2769386307
2769386309
2769407615
2769412136
2769412138
2769412140
2769415946
2769429849
2769455906
2769456547
2769464058
2769464060
2769466367
2769467739
2769467740
2769467741
2769483875
2769502667
2769503117
2769503118
2769503119
2769558270
2769558905
2769558906
2769558907
2769576896
2769577159
2769591894
2770189281
2770189282
2770189283
2770203388
2770227179
2770249752
2770249754
2770250116
2770250672
2770250674
2770250676
2770264159
2770264160
2770264161
2770266665
2770268605
2770284700
2770288209
2770290130
2770292135
2770294465
2770306185
2770311197
2770311996
2770311998
2770316245
2770316246
2770316248
2770318071
2770318073
2770318075
2770326333
2770326337
2770331333
2770333699
2770333700
2770333702
2770345292
2770345293
2770345294
2770354839
2770354841
2770364538
2770364539
2770364540
2770379464
2770394430
2770394431
2770394432
2770397411
2770437524
2770437525
2770437526
2770441593
2770441594
2770441595
2770445722
2770445723
2770445725
2770455505
2770466907
2770470681
2770474919
2770484044
2770484046
2770522028
2770551481
2770875106
2770906757
2771035703
2771046156
2771053425
2771087829
2771141628
2771613580
2771617290
2771626751
2771647543
2771684046
2771987059
2771995725
2771995746
2772001932
2772001933
2772001934
2772011264
2772011266
2772020108
2772020110
2772054242
2772177249
2772178649
2772178650
2772178651
2772227915
2772491294
2772964218
2772964220
2772967578
2773388051
2773486672
2774291577
2774302773
2774388291
2774388293
2774388295
2774400814
2774419768
2774419770
2774419772
2774423510
2774425662
2774425666
2774438928
2774438930
2774438931
2774439690
2774440973
2774448745
2774448746
2774454934
2774462809
2774462810
2774468709
2774468713
2774472853
2774472854
2774472855
2774476115
2774476116
2774476117
2774481894
2774481897
2774483581
2774483583
2774483585
2774489226
2774497841
2774497843
2774497844
2774506508
2774535660
2774535662
2774548270
2774550370
2774551305
2774557858
2774559851
2774583180
2774590389
2774596398
2774596400
2775707815
2775742024
2775742040
2775742041
2775742042
2775754393
2775764336
2775767858
2775779734
2776310374
2776324418
2776361265
2776367018
2776384756
2776422632
2776466810
2776487146
2776491782
2776519825
2776519828
2776531653
2776574399
2776772458
2777404485
2777422586
2777567168
2777731149
2777796893
2777811300
2777843496
2778078916
2778196429
2778216605
2778253359
2778350379
2778350380
2778350381
2778351727
2778351728
2778351729
2778352136
2778645298
2778952289
2779262414
2779295153
2779314517
2779325507
2779329047
2779599637
2779795344
2780310749
2780314271
2780320589
2780952489
2782508696
2782567466
2782683482
2782760535
2782762800
2783022276
2783022277
2783022278
2783022279
2783028626
2783039579
2783049651
2783081295
2783090473
2783180235
2783180236
2783286782
2783295914
2783295916
2783310244
2783316670
2783338528
2783674552
2783684598
2783685517
2783688117
2783712157
2783712158
2783712159
2783716083
2783720933
2783747416
2783747417
2783747418
2783750348
2783750646
2783751664
2783790480
2783833053
2783833055
2783835148
2783985731
2783985784
2783990321
2783999570
2784245098
2784255635
2784273668
2784294173
2784296479
2784636192
2784636194
2784788171
2784788172
2784788173
2784793717
2784795244
2784795245
2784795676
2784850214
2785171852
2785691641
2785986427
2786052937
2786182347
2786618673
2786639133
2786648089
2786648090
2786656804
2786656805
2786656806
2786680865
2786713570
2786714369
2786714371
2786782844
2786861839
2786877025
2786887355
2786894407
2786901114
2786910039
2786910270
2786913898
2786920419
2786920424
2786938233
2786942094
2786945275
2786945276
2786945278
2786945915
2786947779
2786957067
2786964451
2786966837
2786969499
2786971686
2786987833
2786988580
2786991572
2787019727
2787019728
2787060663
2787061258
2787064095
2787064097
2787075171
2787099793
2787112339
2787122788
2787230981
2787240283
2787244637
2787252640
2787278683
2787278789
2787279972
2787279973
2787279974
2787282717
2787330536
2787330538
2787330539
2787332825
2787358213
2788008201
2788631853
2788661278
2788740732
2788743038
2788751789
2788758438
2789255573
2789255574
2789259318
2789262670
2789262671
2789286795
2789286797
2789292373
2789292374
2789368194
2789368197
2789402400
2789424069
2789446858
2789446860
2789451328
2789486541
2789519928
2789522929
2789537790
2789542733
2789543111
2789856188
2789858096
2789898744
2789900086
2789901907
2789901908
2789901909
2789911877
2789922506
2789932285
2789954251
2789999844
2790027544
2790049286
2790237576
2790375663
2790401882
2790405839
2790405840
2790405882
2790457157
2790468969
2790517005
2790517881
2790558035
2790623675
2790629723
2790644742
2790646049
2790652813
2791288432
2791327288
2791388330
2791388337
2791422069
2791435673
2791436962
2791437646
2791456618
2791499424
2791501970
2791501973
2791503042
2791514898
2791519777
2791519780
2791520684
2791529864
2791538354
2791567285
2791569301
2791569303
2791569305
2791574828
2791595708
2791629805
2791630746
2791649483
2791653772
2791653774
2791653776
2791671264
2791671265
2791671266
2791716601
2791738978
2791800873
2791801711
2791801713
2791809599
2791809600
2791809601
2791810677
2791812740
2791973146
2791997418
2792030987
2792042683
2792043448
2792164470
2792181958
2792188788
2792193740
2792205605
2792211092
2792216816
2792222290
2792283126
2792984284
2793119167
2793125501
2793128166
2793154247
2793743657
2793743659
2793743660
2793750180
2793830473
2793831781
2793839117
2793875801
2793895220
2793898239
2793920110
2793927473
2793928016
2794163096
2794216376
2794412615
2794453703
2794463912
2794472129
2794489833
2794495739
2794541704
2794543257
2794564455
2794564965
2794566157
2794567223
2794568988
2794570384
2794574546
2794579760
2794582432
2794609492
2794655323
2794658433
2794664036
2794668545
2794670830
2794670996
2795144556
2795174743
2795451118
2795862535
2795890431
2795911038
2795914011
2795916557
2795941738
2795945658
2795948800
2795962894
2795976036
2796141316
2796142590
2796146299
2796185214
2796190049
2796204841
2796272052
2796274584
2796302024
2796302025
2796302026
2796303169
2796303170
2796318853
2796336953
2796352706
2796362297
2796392032
2796413765
2796459089
2796502693
2796505404
2796568921
2796574633
2796574635
2796574637
2796587277
2796612799
2796896247
2796914121
2797012857
2797012860
2797206130
2798080763
2798600453
2798604298
2798730555
2798782587
2799003883
2799037466
2799173480
2799485135
2799490742
2799503384
2799508541
2800040581
2800051590
2800112382
2800121135
2800208066
2800286636
2800352618
2800416865
2800492410
2800949769
2801112002
2801127881
2801148622
2801161564
2801161565
2801161566
2801170858
2801170859
2801170860
2801500367
2801542480
2801601152
2801623523
2801624109
2801624980
2801808706
2801808707
2801986905
2802014183
2802014184
2802014185
2802014623
2802019616
2802020258
2802021196
2802022311
2802042837
2802485184
2802489236
2802494573
2802494981
2802498636
2802557866
2802567902
2802709799
2802712100
2802765429
2802770008
2802826528
2802915307
2802917754
2802948399
2802951190
2803040275
2803067218
2803164168
2803190524
2803198082
2803198083
2803211697
2803214342
2803214343
2803232792
2803247862
2803250354
2803252551
2803287139
2803348535
2803401636
2803436307
2803459230
2803486419
2803486581
2803486780
2803771953
2803809430
2803898036
2803913497
2804258494
2804259941
2804264665
2804301216
2804595390
2804606942
2804606943
2804606944
2804610656
2804611584
2804643943
2804688262
2804810335
2804811407
2805042263
2805042264
2805042265
2805042714
2805056507
2805056509
2805065492
2805070756
2805072142
2805088822
2805093148
2805152853
2805158721
2805167967
2805167972
2805167976
2805169794
2805184228
2805184231
2805184308
2805187654
2805191176
2805241565
2805241566
2805611552
2805617737
2805778821
2805992980
2806038155
2806041370
2806077447
2806077448
2806077450
2806102797
2806107721
2806113974
2806251361
2806257302
2806738872
2806822152
2807175733
2807179151
2807596070
2808181023
2808351305
2808352924
2808353385
2808355021
2808358029
2808359594
2808360540
2808664199
2808665516
2808674035
2808674801
2808687820
2808744918
2808744920
2808762101
2808762102
2808762103
2808767832
2808767833
2808767865
2808770270
2808774503
2808774538
2808779386
2808779924
2808780746
2808796935
2808796936
2808796937
2808804567
2808804569
2808804587
2808806186
2808810837
2808814599
2808816806
2808819127
2808819128
2808841495
2808849598
2808849599
2808849600
2808857637
2808858543
2808985429
2809179413
2809363942
2809434041
2810042803
2810073938
2810078374
2810078376
2810113280
2810131004
2810209443
2810251460
2810257018
2810265781
2810269489
2810273170
2810273171
2810274833
2810275430
2810282968
2810288291
2810302738
2810302740
2810302743
2810304988
2810304990
2810317374
2810320176
2810328466
2810328469
2810328472
2810331866
2810331867
2810331869
2810352512
2810353204
2810353208
2810364708
2810372143
2810376444
2810383621
2810389173
2810389178
2810398859
2810399342
2810425701
2810433896
2810433898
2810442260
2810452839
2810452845
2810456028
2810464669
2810467364
2810470539
2810470542
2810470544
2810475214
2810475219
2810485513
2810497627
2810502421
2810502423
2810502425
2810515698
2810516593
2810516599
2810519127
2810541600
2810558651
2810567749
2810567752
2810567755
2810574557
2810574560
2810578954
2810586455
2810586459
2810594904
2810595363
2810615350
2810615351
2810615353
2810619659
2810621020
2810641314
2810641430
2810646776
2810646779
2810646781
2810650163
2810667129
2810667132
2810667134
2810680730
2810680930
2810680936
2810703068
2810705549
2810705550
2810705551
2810708043
2810720792
2810720926
2810720931
2810738716
2810742763
2810746275
2810746276
2810746278
2810747626
2810747628
2810747630
2810747944
2810755576
2810755578
2810761342
2810761343
2810761344
2810779626
2810787973
2810787977
2810789802
2810803450
2810803453
2810803456
2810804705
2810809054
2810809061
2810809526
2810811225
2810811227
2810811230
2810813341
2810816662
2810821466
2810821471
2810829356
2810830721
2810830723
2810830725
2810843820
2810843823
2810843828
2810853624
2810853627
2810853630
2810863964
2810863970
2810865554
2810867374
2810878144
2810878232
2810878236
2810894808
2810894812
2810905903
2810918747
2810939710
2810953115
2810965329
2810978504
2810983383
2810983384
2811012882
2811014791
2811024379
2811024381
2811024383
2811027275
2811039361
2811040187
2811040189
2811040190
2811045061
2811048455
2811048458
2811052712
2811052717
2811053900
2811095673
2811117537
2811132848
2811132849
2811132850
2811144320
2811163851
2811163853
2811167697
2811170881
2811189349
2811225617
2811385524
2811395673
2811399581
2811403779
2811403780
2811403781
2811566634
2811599795
2811603346
2811610737
2811625538
2811641130
2811754160
2811754972
2811754973
2811754974
2812790264
2813490427
2813490428
2813490429
2813947742
2813995919
2815045162
2815091458
2815102547
2815126979
2815127734
2815129696
2815152929
2815164790
2815165866
2815173847
2815187867
2815188291
2815229453
2815231503
2815248474
2815259249
2815259893
2815282824
2815311246
2815323307
2815324960
2815346848
2815372835
2815383994
2815389575
2815393880
2815435733
2815440977
2815445979
2815445982
2815445985
2815496343
2815530840
2815530842
2815534707
2815535785
2815544244
2815550809
2815571747
2815591114
2815603532
2815608739
2815618250
2815618251
2815618252
2815637345
2815644503
2815692361
2815713223
2815713712
2815753397
2815755187
2815755188
2815755189
2815789820
2815804207
2815804644
2815806333
2815806334
2815846903
2815859939
2815859941
2815859945
2815861013
2815861015
2815861017
2815914720
2815914722
2815936234
2815959296
2815959298
2815959300
2815959506
2815969222
2815983108
2815983110
2815983112
2815990462
2815990733
2816018861
2816057842
2816061130
2816063123
2816070581
2816074996
2816100804
2816113588
2816122763
2816136189
2816139876
2816144423
2816145572
2816147530
2816150674
2816154454
2816155395
2816155664
2816167525
2816167578
2816171329
2816172269
2816172270
2816172271
2816179632
2816184454
2816189586
2816213956
2816215760
2816215761
2816221733
2816224132
2816227590
2816228756
2816228994
2816229002
2816264626
2816273462
2816278155
2816286434
2816295792
2816302254
2816310846
2816323564
2816325655
2816336629
2816343484
2816346833
2816366035
2816387038
2816387039
2816387041
2816393107
2816398389
2816408535
2816414689
2816447112
2816447114
2816447115
2816477189
2816478010
2816495145
2816526737
2816535583
2816544651
2816544655
2816544659
2816572791
2816582116
2816585371
2816610605
2816610607
2816610608
2816613012
2816618482
2816628479
2816628481
2816628482
2816643502
2816649010
2816652770
2816653638
2816672930
2816678821
2816686314
2816686316
2816698497
2816716023
2816732403
2816732404
2816732405
2816736937
2816751114
2816758564
2816760500
2816760501
2816760502
2816763519
2816843239
2816885378
2816903455
2816925013
2816941727
2816950276
2816950277
2816950279
2816973693
2816976461
2816984572
2816995318
2817034622
2817034625
2817034628
2817045004
2817045043
2817051206
2817053047
2817099381
2817103767
2817106998
2817138057
2817138058
2817138059
2817169096
2817188332
2817188683
2817196779
2817197362
2817203011
2817216594
2817217742
2817240210
2817251793
2817264201
2817276826
2817292763
2817312394
2817315738
2817315740
2817315767
2817370238
2817384360
2817387878
2817401310
2817403725
2817407238
2817407240
2817408244
2817408246
2817408599
2817411940
2817424221
2817440938
2817441408
2817444915
2817452484
2817454572
2817456331
2817471911
2817471913
2817471915
2817493609
2817579864
2817590431
2817635195
2817640071
2817640247
2817650192
2817671769
2817673355
2817673364
2817679874
2817679875
2817679877
2817740693
2817787956
2817853952
2817969858
2817988163
2818038792
2818038796
2818042094
2818044920
2818045250
2818047035
2818053510
2818053512
2818059556
2818084077
2818105229
2818120636
2818133353
2818139960
2818153132
2818160019
2818196905
2818218458
2818244442
2818254182
2818259981
2818260888
2818274125
2818274128
2818275820
2818279468
2818286992
2818319043
2818319044
2818319045
2818319172
2818334241
2818377041
2818381184
2818389264
2818390328
2818436585
2818442260
2818442262
2818442421
2818469799
2818469805
2818472819
2818475998
2818482746
2818491551
2818508549
2818519878
2818530738
2818540322
2818554449
2818573497
2818580239
2818601331
2818613602
2818616384
2818618943
2818618945
2818635460
2818635461
2818635462
2818637816
2818641582
2818658989
2818673907
2818679919
2818680154
2818680156
2818701248
2818702653
2818702655
2818702778
2818702782
2818707624
2818718207
2818720186
2818738640
2818739213
2818778109
2818778110
2818778111
2818778528
2818793434
2818793438
2818794779
2818798962
2818798964
2818798966
2818834355
2818837019
2818837020
2818837022
2818838674
2818845639
2818861714
2818865709
2818867398
2818870575
2818870577
2818870579
2818879763
2818879765
2818879768
2818880423
2818880426
2818884471
2818901195
2818901348
2818907609
2818908148
2818912940
2818913489
2818917999
2818918005
2818923570
2818929484
2818950721
2818956788
2818961545
2818973984
2818973985
2818973987
2818974972
2818974974
2818974975
2818984937
2818994805
2818994807
2818994809
2818999449
2818999452
2819008477
2819017655
2819021740
2819023517
2819026483
2819028173
2819028526
2819036847
2819040987
2819040989
2819040992
2819042799
2819043695
2819044272
2819045966
2819049401
2819049403
2819049405
2819055347
2819064678
2819074258
2819087068
2819088996
2819102538
2819112180
2819112183
2819112186
2819115258
2819117500
2819135560
2819138206
2819138208
2819140381
2819144775
2819144813
2819147157
2819151464
2819151467
2819151470
2819171964
2819174137
2819179635
2819179636
2819179637
2819209057
2819209059
2819209061
2819209496
2819209498
2819210489
2819219331
2819228514
2819230406
2819230410
2819235125
2819238583
2819253717
2819253973
2819253976
2819253979
2819255697
2819255698
2819255699
2819256537
2819273704
2819274658
2819274665
2819274666
2819308295
2819311861
2819314431
2819321095
2819321096
2819321097
2819336421
2819336423
2819336425
2819351697
2819359949
2819369549
2819375779
2819375783
2819408463
2819426013
2819426020
2819436864
2819451980
2819451983
2819455692
2819455741
2819462546
2819479873
2819479877
2819485147
2819493041
2819501229
2819535855
2819536661
2819545570
2819550981
2819557279
2819557363
2819557365
2819557367
2819578639
2819588897
2819592365
2819603390
2819603395
2819605290
2819617934
2819623020
2819623116
2819623120
2819624004
2819624006
2819624008
2819634207
2819634211
2819649997
2819651718
2819654381
2819654974
2819660597
2819660602
2819668577
2819670946
2819692872
2819697702
2819697704
2819697705
2819704845
2819704847
2819704849
2819724608
2819724611
2819748290
2819748292
2819748294
2819749580
2819752617
2819752622
2819755172
2819758892
2819759404
2819781166
2819781170
2819781293
2819781297
2819784824
2819784826
2819784828
2819786460
2819786464
2819786468
2819795840
2819795843
2819795846
2819808258
2819808260
2819809045
2819826627
2819828334
2819828340
2819840338
2819844134
2819857997
2819859161
2819865644
2819865646
2819867470
2819867473
2819875714
2819883532
2819885383
2819915603
2819915604
2819919103
2819919105
2819920877
2819920878
2819922965
2819930114
2819937919
2819945670
2819950568
2819953027
2819958393
2819962694
2819964620
2819964624
2819967333
2819967335
2819967337
2819977644
2819978478
2819978481
2819981571
2819982486
2819987166
2819987168
2819987222
2820007986
2820021155
2820036737
2820036774
2820056692
2820056702
2820083043
2820083044
2820083046
2820088102
2820088104
2820088106
2820148323
2820148327
2820152127
2820162807
2820165117
2820165125
2820188725
2820197246
2820197248
2820210140
2820210145
2820250124
2820259135
2820260049
2820276022
2820276023
2820276026
2820289274
2820292101
2820292103
2820292105
2820309227
2820309230
2820309233
2820334325
2820334327
2820334328
2820335607
2820336745
2820336747
2820336749
2820338054
2820340724
2820340726
2820340729
2820361008
2820361011
2820361013
2820377920
2820377922
2820377923
2820382985
2820396285
2820411613
2820411674
2820412187
2820412237
2820412238
2820412240
2820412916
2820414221
2820414225
2820417173
2820424637
2820424856
2820425520
2820432192
2820443245
2820448374
2820453268
2820453271
2820455100
2820469228
2820469233
2820470310
2820477967
2820481142
2820498200
2820498511
2820504578
2820511853
2820521521
2820521527
2820544649
2820548728
2820565119
2820586926
2820598945
2820598947
2820598948
2820599114
2820599184
2820599185
2820599187
2820604380
2820604382
2820604384
2820608499
2820608514
2820609810
2820610360
2820610915
2820610918
2820624383
2820636037
2820636040
2820636043
2820636691
2820642140
2820643712
2820645440
2820645443
2820645446
2820653104
2820668600
2820668603
2820668759
2820678810
2820678813
2820678815
2820684357
2820692800
2820701537
2820702538
2820715462
2820716162
2820743799
2820764875
2820766972
2820766976
2820771296
2820774630
2820777368
2820794298
2820795084
2820795744
2820795747
2820795749
2820810912
2820810916
2820810917
2820820884
2820820886
2820820887
2820831995
2820838368
2820838370
2820838372
2820842011
2820847586
2820847592
2820847640
2820851449
2820853194
2820853197
2820853199
2820854161
2820854167
2820858123
2820863076
2820863077
2820863078
2820864803
2820864805
2820864807
2820877991
2820877995
2820881573
2820881575
2820881577
2820888278
2820897383
2820910126
2820914900
2820916850
2820928508
2820934804
2820934806
2820934808
2820949012
2820949802
2820950081
2820960688
2820970543
2820970545
2820982529
2820982531
2820988995
2820989015
2820989325
2820995316
2820996345
2821002000
2821005508
2821006053
2821006055
2821016936
2821016938
2821016940
2821021242
2821069702
2821082202
2821082205
2821082208
2821083647
2821083652
2821088530
2821088536
2821103530
2821114643
2821139539
2821145710
2821145712
2821148339
2821153266
2821162223
2821178062
2821227338
2821228960
2821228966
2821235531
2821235533
2821235534
2821246485
2821258649
2821278943
2821278946
2821293285
2821293290
2821311018
2821321903
2821321908
2821326217
2821326240
2821337951
2821348409
2821348412
2821360209
2821365121
2821365125
2821368326
2821371216
2821371232
2821373772
2821391386
2821391389
2821391391
2821402040
2821402042
2821402060
2821409999
2821410001
2821410003
2821413473
2821413475
2821413652
2821430823
2821430826
2821430828
2821437466
2821437468
2821437470
2821442930
2821444467
2821480027
2821481820
2821483932
2821483934
2821483936
2821499858
2821530701
2821536705
2821538119
2821566495
2821580568
2821580572
2821601296
2821601298
2821601300
2821602482
2821602484
2821602487
2821606391
2821606393
2821606395
2821608434
2821628411
2821632194
2821632196
2821632198
2821694566
2821697157
2821697160
2821717427
2821727175
2821727182
2821737342
2821758685
2821770570
2821797711
2821797714
2821797718
2821801601
2821801604
2821801607
2821803716
2821811085
2821811093
2821828812
2821830693
2821830694
2821830695
2821836081
2821838466
2821840384
2821857327
2821857331
2821865525
2821865528
2821865531
2821866617
2821867307
2821880337
2821882304
2821882799
2821885646
2821887954
2821891708
2821891771
2821906289
2821906290
2821906291
2821908656
2821917119
2821920181
2821929331
2821931858
2821939733
2821944054
2821945827
2821945830
2821959317
2821959324
2821978069
2821983676
2821985234
2821989134
2821989137
2821998544
2821998545
2821998547
2822001226
2822003416
2822007973
2822007976
2822007979
2822009868
2822009870
2822009873
2822039608
2822039611
2822039614
2822054769
2822078426
2822092691
2822100289
2822112244
2822138432
2822138435
2822138438
2822147093
2822147096
2822147099
2822158730
2822158732
2822158871
2822158874
2822158875
2822158905
2822158907
2822158909
2822160737
2822168170
2822168173
2822168176
2822174230
2822174990
2822183869
2822183872
2822183875
2822199862
2822208246
2822208251
2822244996
2822244998
2822245000
2822274622
2822280631
2822288992
2822317878
2822342702
2822342703
2822342704
2822343018
2822352585
2822352587
2822352589
2822375967
2822385271
2822446297
2822446301
2822454909
2822454911
2822454914
2822473933
2822473935
2822473936
2822478519
2822480698
2822484286
2822484292
2822511178
2822515894
2822522465
2822522469
2822522685
2822530292
2822543694
2822558217
2822560967
2822573967
2822583869
2822588737
2822588740
2822588742
2822604142
2822604143
2822604144
2822605810
2822605815
2822606680
2822615860
2822615866
2822630839
2822632496
2822642462
2822642465
2822642466
2822645855
2822645860
2822662028
2822662033
2822682674
2822682679
2822685148
2822693273
2822693275
2822693521
2822700718
2822700721
2822700723
2822703401
2822719529
2822720364
2822728078
2822728080
2822728083
2822737064
2822741333
2822767412
2822767418
2822785398
2822795160
2822795163
2822795166
2822810596
2822810597
2822810598
2822814526
2822816300
2822816306
2822820914
2822838167
2822847128
2822848549
2822848552
2822848554
2822854629
2822854632
2822854638
2822855174
2822876630
2822888289
2822888382
2822895362
2822918140
2822919687
2822919689
2822919691
2822941368
2822941371
2822941373
2822981450
2822981453
2822981456
2822985916
2822985918
2822985919
2822989449
2822989715
2822999294
2822999300
2823006034
2823008420
2823014825
2823029785
2823029790
2823041960
2823041963
2823041965
2823047623
2823047625
2823047628
2823047942
2823054571
2823054576
2823060499
2823075557
2823077326
2823077329
2823077333
2823105841
2823125307
2823136633
2823137104
2823137111
2823138704
2823138706
2823138708
2823149987
2823162564
2823162566
2823162568
2823166393
2823166396
2823183504
2823188236
2823190140
2823194054
2823209370
2823209374
2823214163
2823235768
2823235771
2823235825
2823241289
2823241292
2823241295
2823244653
2823270455
2823271591
2823271597
2823271901
2823314033
2823351100
2823351101
2823351102
2823356390
2823356394
2823358952
2823359452
2823367002
2823377981
2823377984
2823377987
2823384619
2823392610
2823392612
2823392614
2823392652
2823398561
2823413527
2823413529
2823413531
2823424808
2823424810
2823424812
2823429794
2823429795
2823429797
2823491819
2823491824
2823520305
2823520309
2823543414
2823543417
2823543420
2823555592
2823557472
2823557511
2823586565
2823586960
2823586962
2823586964
2823597212
2823597216
2823603824
2823605748
2823605949
2823605951
2823605953
2823606720
2823606726
2823611340
2823619895
2823619896
2823670785
2823670788
2823670791
2823672618
2823672624
2823686095
2823686101
2823689482
2823689485
2823689488
2823692310
2823712116
2823723304
2823736001
2823745074
2823745077
2823745079
2823747294
2823747297
2823747300
2823759209
2823763287
2823772217
2823772220
2823772223
2823772733
2823772832
2823772835
2823772838
2823783686
2823784793
2823805686
2823805866
2823845934
2823845937
2823845939
2823855874
2823855875
2823872565
2823872567
2823872570
2823886941
2823886943
2823886946
2823892261
2823914632
2823915808
2823915813
2823920352
2823942349
2823942355
2823942388
2823942391
2823942394
2823948166
2823981703
2823984573
2823984577
2824017274
2824017279
2824020509
2824028167
2824033249
2824033252
2824033255
2824039076
2824039079
2824039082
2824040468
2824041124
2824063871
2824063874
2824066041
2824066047
2824075160
2824079003
2824079005
2824079008
2824080183
2824080186
2824080189
2824081604
2824090286
2824110289
2824117810
2824120069
2824126768
2824126771
2824127065
2824140615
2824140618
2824140621
2824143574
2824143576
2824148387
2824155497
2824162854
2824162857
2824162860
2824186435
2824214480
2824219785
2824219788
2824219791
2824228388
2824256166
2824262069
2824262071
2824262073
2824275001
2824275004
2824288995
2824316378
2824322783
2824322788
2824325237
2824325240
2824328514
2824336947
2824336949
2824347347
2824350447
2824359331
2824363707
2824363709
2824363712
2824375418
2824375422
2824376630
2824376632
2824376634
2824380335
2824380337
2824380339
2824390246
2824419390
2824419422
2824419427
2824423890
2824446244
2824446247
2824446329
2824460935
2824474150
2824475303
2824475318
2824477282
2824477284
2824477287
2824480723
2824480728
2824483343
2824483347
2824485709
2824487898
2824487904
2824514180
2824514183
2824514186
2824515277
2824525032
2824530469
2824546973
2824546976
2824546978
2824549583
2824556746
2824585163
2824585168
2824598184
2824610504
2824617919
2824619400
2824619403
2824625184
2824625190
2824642156
2824642157
2824642159
2824646386
2824646389
2824646391
2824651120
2824656376
2824659521
2824659524
2824684506
2824684509
2824694586
2824694589
2824694591
2824731486
2824731489
2824731492
2824738593
2824747779
2824752133
2824752201
2824757180
2824792560
2824792561
2824792641
2824806403
2824872931
2824885092
2824885094
2824902452
2824905305
2824905587
2824905589
2824905592
2824918206
2824918208
2824921048
2824921049
2824921051
2824927618
2824928101
2824928103
2824928552
2824932710
2824944234
2824944235
2824944237
2824945697
2824945699
2824945701
2824955431
2824955433
2824955435
2824967864
2824967866
2824967868
2824972727
2824978312
2824978313
2824978314
2824982783
2824982787
2824983779
2824983781
2825002967
2825002971
2825007867
2825008444
2825009909
2825009912
2825009913
2825010823
2825010824
2825010826
2825017625
2825030955
2825050249
2825050251
2825050253
2825055374
2825065899
2825065902
2825066209
2825067737
2825080237
2825087845
2825087849
2825088433
2825104595
2825104597
2825104600
2825128669
2825128671
2825164745
2825168856
2825175807
2825177531
2825185827
2825220837
2825222358
2825222524
2825222527
2825222529
2825225170
2825227239
2825229231
2825229232
2825229233
2825240565
2825252095
2825252099
2825274301
2825279901
2825279943
2825283786
2825283788
2825283790
2825290200
2825323053
2825323054
2825323056
2825333273
2825348761
2825348764
2825378234
2825378237
2825378240
2825391336
2825391342
2825405228
2825428751
2825438986
2825438989
2825438992
2825441272
2825441274
2825441276
2825441345
2825447807
2825447809
2825447901
2825451883
2825457070
2825458528
2825459892
2825459893
2825459894
2825462950
2825487885
2825487891
2825489843
2825489849
2825504594
2825504595
2825504596
2825506077
2825510344
2825514147
2825514149
2825514151
2825519086
2825522626
2825525573
2825525578
2825531613
2825540856
2825572410
2825572412
2825572414
2825579862
2825579865
2825579867
2825584224
2825584226
2825584228
2825585163
2825585165
2825585168
2825604434
2825631968
2825641266
2825641870
2825641879
2825644955
2825644956
2825644959
2825662911
2825664121
2825664123
2825666671
2825679370
2825679373
2825683230
2825683232
2825683234
2825689323
2825699126
2825711079
2825712121
2825726075
2825736069
2825745736
2825757004
2825786297
2825786300
2825795712
2825827949
2825827950
2825827951
2825837572
2825846195
2825846199
2825849888
2825862615
2825862825
2825872118
2825872147
2825879211
2825879213
2825879214
2825879215
2825883212
2825883214
2825890607
2825919487
2825919533
2825919912
2825931417
2825947525
2825949848
2825956272
2825972416
2825972417
2825972418
2825973043
2825993651
2825993652
2825993653
2826004654
2826019219
2826019221
2826019223
2826023509
2826023515
2826037317
2826038045
2826049379
2826050760
2826089084
2826092232
2826092995
2826092998
2826092999
2826109956
2826121985
2826121989
2826122013
2826122015
2826122017
2826139821
2826140940
2826140942
2826140944
2826144032
2826167111
2826172356
2826172361
2826179956
2826191160
2826191166
2826213885
2826231530
2826231535
2826236366
2826256684
2826274509
2826288010
2826298033
2826299595
2826301684
2826307524
2826308726
2826311726
2826311730
2826333681
2826337505
2826337509
2826337513
2826357394
2826403812
2826403816
2826403820
2826410106
2826432346
2826432350
2826432354
2826476865
2826476873
2826581103
2826581104
2826581106
2826582019
2826593396
2826593398
2826593401
2826596443
2826596445
2826618077
2826622765
2826623030
2826716716
2826718019
2826758613
2826798886
2826799726
2826799727
2826812993
2826812996
2826812998
2826827768
2826827771
2826827773
2826831524
2826856913
2826856916
2826856919
2826863303
2826886853
2826886859
2826888920
2826898192
2826898195
2826900814
2826901990
2826938156
2826956950
2826957492
2826957493
2826957494
2826962725
2826962727
2826962729
2826963882
2826979035
2826979039
2826980187
2826980531
2826980533
2826980535
2827005946
2827015283
2827028426
2827054536
2827065752
2827072451
2827075168
2827075174
2827077538
2827077541
2827077544
2827089602
2827089605
2827089608
2827090073
2827090076
2827090079
2827096183
2827096185
2827098208
2827116823
2827123082
2827124509
2827124510
2827124662
2827127100
2827129667
2827129670
2827142952
2827145864
2827145867
2827145869
2827156830
2827169000
2827174760
2827177958
2827177960
2827177961
2827179793
2827180236
2827182155
2827195656
2827198313
2827203280
2827203281
2827203282
2827205329
2827206159
2827206161
2827214574
2827229540
2827231963
2827235532
2827252269
2827252275
2827253229
2827262240
2827268874
2827270288
2827272983
2827272986
2827283403
2827286796
2827290249
2827299108
2827304441
2827304444
2827304446
2827306723
2827307240
2827316189
2827319385
2827319387
2827319389
2827320331
2827321098
2827321224
2827322487
2827339485
2827339487
2827339489
2827353154
2827356544
2827362809
2827362810
2827362811
2827364584
2827365439
2827369553
2827372020
2827372021
2827372022
2827372042
2827375985
2827387090
2827396171
2827406155
2827407703
2827413008
2827413011
2827413222
2827420130
2827446091
2827446093
2827448677
2827453279
2827456765
2827456766
2827456768
2827466784
2827469393
2827472279
2827472898
2827474914
2827474917
2827474949
2827479043
2827484847
2827484853
2827492747
2827492999
2827499377
2827507830
2827515886
2827532750
2827547916
2827548163
2827548166
2827549215
2827549218
2827549220
2827550716
2827551376
2827552539
2827552541
2827552835
2827559701
2827562931
2827563566
2827568529
2827568532
2827568534
2827579951
2827584922
2827588724
2827588726
2827588729
2827603376
2827603381
2827617900
2827622762
2827623353
2827623356
2827623359
2827627605
2827627802
2827650046
2827650049
2827657811
2827657817
2827673636
2827689382
2827696296
2827699849
2827699850
2827699851
2827701736
2827710714
2827710716
2827710718
2827710738
2827710740
2827710742
2827719027
2827719033
2827720771
2827720774
2827720777
2827721957
2827721958
2827721961
2827721988
2827742648
2827742650
2827742651
2827745793
2827750178
2827750180
2827750181
2827751573
2827760750
2827760753
2827760756
2827767418
2827767422
2827781861
2827781868
2827781870
2827794164
2827798089
2827813030
2827826551
2827832507
2827841232
2827841235
2827841238
2827856738
2827856742
2827864340
2827865390
2827877814
2827937048
2827937052
2827938031
2827939603
2827939604
2827939605
2827946284
2827951374
2827954201
2827954207
2827954289
2827954292
2827954294
2827985180
2827985182
2827985184
2827986048
2827986050
2827986052
2827987275
2827987276
2827987277
2828002693
2828003341
2828013024
2828020952
2828024884
2828026317
2828031561
2828035460
2828035827
2828065664
2828065666
2828077749
2828077751
2828077753
2828087132
2828101840
2828110199
2828110200
2828110202
2828116469
2828116471
2828129841
2828129843
2828138345
2828179175
2828179520
2828179523
2828205692
2828205698
2828211201
2828221889
2828235228
2828235232
2828235837
2828235838
2828241781
2828241783
2828241786
2828242805
2828252240
2828264558
2828318301
2828326323
2828331488
2828336092
2828338702
2828340216
2828340298
2828382505
2828382507
2828385975
2828394072
2828394551
2828394554
2828394556
2828411484
2828415139
2828415144
2828438739
2828438741
2828438744
2828449752
2828453919
2828471675
2828471681
2828473421
2828486508
2828487302
2828488674
2828488688
2828491364
2828491368
2828491369
2828501226
2828508849
2828508852
2828508855
2828548601
2828578981
2828578982
2828578983
2828589804
2828589806
2828589808
2828601744
2828601745
2828601747
2828608285
2828626419
2828626422
2828626425
2828640574
2828640580
2828642360
2828642361
2828642362
2828644895
2828687529
2828695122
2828706828
2828706829
2828706830
2828720627
2828720628
2828767735
2828767739
2828767742
2828768436
2828791463
2828791532
2828791535
2828793597
2828796169
2828815125
2828815792
2828815794
2828815797
2828829180
2828829184
2828846449
2828848659
2828848662
2828848665
2828856742
2828856744
2828856745
2828856747
2828857361
2828858780
2828858782
2828858784
2828873049
2828873052
2828873055
2828891998
2828895836
2828903359
2828903361
2828903363
2828903412
2828903414
2828903416
2828904514
2828909484
2828913393
2828913394
2828913426
2828915778
2828935402
2828935405
2828937481
2828942318
2828953307
2828973349
2828973375
2829008012
2829008014
2829008015
2829026026
2829039467
2829039470
2829039473
2829042101
2829054049
2829054052
2829054055
2829058777
2829058778
2829058781
2829062057
2829063281
2829069037
2829069038
2829069039
2829092285
2829092288
2829092290
2829103976
2829104401
2829104403
2829104405
2829114753
2829127541
2829150182
2829150899
2829159678
2829159681
2829159683
2829168224
2829168226
2829168228
2829177106
2829177108
2829177109
2829192150
2829197599
2829209531
2829209533
2829209536
2829216055
2829225477
2829237536
2829237539
2829237542
2829242111
2829243709
2829243712
2829259683
2829259686
2829259689
2829313534
2829319085
2829319087
2829319089
2829341869
2829342563
2829342569
2829345174
2829345175
2829345176
2829375959
2829375961
2829375963
2829376573
2829376576
2829385494
2829401679
2829415379
2829415383
2829418278
2829421346
2829428616
2829428618
2829428620
2829436662
2829440774
2829440776
2829446715
2829449552
2829465751
2829472283
2829472289
2829478817
2829479891
2829516843
2829526992
2829529314
2829553747
2829555330
2829555332
2829555915
2829560055
2829568693
2829600429
2829650846
2829666683
2829666684
2829666686
2829694567
2829704434
2829708247
2829709885
2829732775
2829732777
2829732779
2829736800
2829736802
2829736836
2829736838
2829736840
2829736843
2829747811
2829749036
2829752938
2829752944
2829767581
2829767582
2829776688
2829808584
2829811579
2829811610
2829827283
2829858054
2829858529
2829858531
2829861490
2829875098
2829912373
2829919823
2829919935
2829929039
2829975188
2830004237
2830014014
2830018499
2830018501
2830023940
2830029052
2830029054
2830050526
2830050528
2830051158
2830051159
2830051160
2830051376
2830065580
2830065581
2830065582
2830075495
2830075631
2830078379
2830078380
2830103874
2830127531
2830134833
2830134989
2830134990
2830134991
2830147581
2830151682
2830154093
2830154094
2830154095
2830178118
2830187843
2830202937
2830202939
2830206765
2830206767
2830212808
2830224309
2830240434
2830259602
2830297404
2830318081
2830328910
2830332219
2830337710
2830339620
2830341265
2830342659
2830342661
2830342663
2830345407
2830346064
2830356279
2830357742
2830364683
2830371016
2830373509
2830388123
2830388126
2830388129
2830388869
2830389308
2830400436
2830400440
2830412637
2830412643
2830420765
2830422657
2830423202
2830428949
2830429283
2830432698
2830432703
2830435883
2830435886
2830435888
2830444877
2830480918
2830496095
2830496098
2830496100
2830508990
2830517795
2830531816
2830531819
2830531821
2830537346
2830549404
2830566532
2830566536
2830566539
2830569021
2830569025
2830577166
2830577168
2830577171
2830583427
2830583431
2830588167
2830616213
2830616214
2830616215
2830632642
2830632646
2830647523
2830686972
2830696620
2830714293
2830724167
2830728080
2830748129
2830748130
2830748132
2830749096
2830749111
2830764109
2830772647
2830772650
2830773133
2830778692
2830797757
2830797759
2830797760
2830800625
2830811291
2830811295
2830835724
2830837374
2830862022
2830896307
2830909086
2831091828
2831098025
2831098026
2831098027
2831114674
2831131137
2831143388
2831149740
2831278962
2831301107
2831340892
2831375608
2831375609
2831375610
2831381261
2831392977
2831392979
2831399287
2831399844
2831399845
2831399846
2831402231
2831402234
2831402639
2831402640
2831423202
2831423204
2831423331
2831433669
2831433671
2831456077
2831456080
2831478878
2831478881
2831478884
2831479047
2831511590
2831511592
2831516717
2831516719
2831524104
2831524108
2831526185
2831526186
2831526187
2831533850
2831547483
2831547487
2831577822
2831589584
2831621133
2831640976
2831640978
2831644332
2831659175
2831659176
2831659177
2831660812
2831672732
2831672738
2831672740
2831679544
2831681458
2831687556
2831691197
2831691199
2831691201
2831691211
2831691215
2831692020
2831722445
2831735168
2831735169
2831735170
2831751579
2831751580
2831751581
2831763706
2831766430
2831786152
2831793792
2831793794
2831799904
2831799907
2831843228
2831854546
2831854549
2831854552
2831870818
2831873633
2831873634
2831873667
2831886583
2831886586
2831886588
2831887921
2831887923
2831887925
2831918617
2831918620
2831918623
2831918916
2831918919
2831918922
2831919943
2831933572
2831933575
2831933578
2831946126
2831946130
2831954081
2831954221
2831960612
2831967514
2831977491
2831977492
2831977493
2831981270
2831994053
2831995014
2831995015
2831995016
2832020567
2832020568
2832020570
2832044163
2832066601
2832069275
2832148501
2832148502
2832148503
2832627883
2832636635
2832642038
2832642040
2832642041
2832661707
2832661710
2832661713
2833081207
2833522485
2833595378
2833608042
2833608044
2833608046
2833609767
2833612201
2833660672
2833661158
2833683306
2833683308
2833742192
2833743599
2833775926
2833775931
2833775935
2833775939
2833775943
2833775947
2833775951
2833775955
2833775959
2833788895
2833788896
2833788897
2833792894
2833792895
2833792896
2833808191
2833815490
2833829824
2833829830
2833839498
2833839502
2833845871
2833848640
2833849309
2833855003
2833872424
2833872426
2833872428
2833880640
2833880642
2833894994
2833899985
2833900119
2833900122
2833900366
2833902567
2833910907
2833910910
2833916416
2833921062
2833922490
2833922493
2833925992
2833926188
2833946781
2833954715
2833962289
2833982118
2833982121
2833982123
2834004148
2834004152
2834005061
2834007388
2834012191
2834042888
2834044499
2834044503
2834047982
2834047985
2834047988
2834057019
2834063630
2834065213
2834065215
2834070407
2834070685
2834075343
2834076815
2834076817
2834076819
2834082080
2834085712
2834091619
2834117820
2834141828
2834144086
2834144419
2834144421
2834144423
2834151731
2834151734
2834151737
2834156059
2834156799
2834157315
2834163262
2834163264
2834163266
2834164137
2834164139
2834164141
2834172942
2834174775
2834174779
2834181795
2834188859
2834201717
2834203855
2834203856
2834203857
2834218120
2834218122
2834229412
2834231553
2834232423
2834233621
2834236565
2834248039
2834248042
2834248044
2834250924
2834276799
2834293004
2834293005
2834293006
2834297013
2834302275
2834303986
2834307135
2834313966
2834315285
2834323577
2834331404
2834340333
2834355438
2834355439
2834355440
2834367003
2834383679
283439650
2834398434
2834411368
2834413784
2834425944
2834425947
2834425950
2834428458
2834428461
2834428464
2834433090
2834433480
2834451370
2834473859
2834473861
2834474231
2834480385
2834493090
2834500929
2834509651
2834509655
2834516165
2834525366
2834525928
2834525933
2834534787
2834538378
2834538380
2834538382
2834544046
2834601806
2834616353
2834617051
2834685855
2834714078
2834738839
2834739549
2834739555
2834748634
2834753264
2834756814
2834757942
2834757946
2834771284
2834771288
2834778385
2834778388
2834781843
2834782122
2834794045
2834795998
2834796431
2834818983
2834818984
2834818985
2834830376
2834830377
2834830379
2834833793
2834843205
2834857219
2834857503
2834861703
2834861707
2834877177
2834877179
2834877180
2834888895
2834894021
2834894023
2834894025
2834905615
2835044857
2835044860
2835044864
2835077515
2835077524
2835115351
2835118463
2835122622
2835122626
2835124715
2835132704
2835147843
2835147847
2835153707
2835161753
2835161755
2835161757
2835183056
2835186347
2835186348
2835201144
2835201146
2835203663
2835205069
2835205070
2835205071
2835214658
2835214660
2835220440
2835220441
2835220442
2835226369
2835235656
2835235658
2835244235
2835256405
2835281361
2835289977
2835297067
2835601312
2835639718
2835643255
2835645135
2835645239
2835645790
2835721332
2835729697
2835757270
2835794145
2835797291
2835840701
2835853649
2835938120
2835954475
2835964574
2835996737
2836038591
2836039954
2836313769
2836917294
2837336832
2837419201
2837931914
2838047095
2838084856
2838091776
2838095986
2838107759
2838116051
2838116359
2838122442
2838149767
2838152567
2838165225
283816681
2838170776
2838180101
2838188578
2838213970
2838213971
2838213973
2838288065
2838292705
2838292706
2838325989
2838368839
2838369695
2838374867
2838384441
2838400904
2838401600
2838401602
2838409023
2839279105
2839526650
2839635209
2839648071
2839793161
2839823180
2840701635
2840811019
2840884647
2840894750
2840924645
2840957879
2840970454
2840988024
2841000147
2841012039
2841027265
2841142367
2841163384
2841164492
2841164494
2841169278
2841232040
2842310591
2842311497
2842315162
2842327143
2842332289
2842340586
2842341851
2842384334
2842404599
2842412371
2842413520
2842454300
2842454301
2842454302
2842929706
2843212899
2843216605
2843216720
2843223015
2843225423
2843291480
2843319349
2843473638
2843488415
2843488416
2843488417
2843599172
2843617496
2843617497
2843617498
2843624959
2843626094
2843702295
2843937879
2843993934
2844013063
2844032363
2844054539
2844069667
2844196960
2844245651
2844280762
2844307545
2844324084
2844402823
2844531272
2845298084
2845298086
2845298088
2845392158
2845452244
2845452245
2845452246
2845467657
2845473206
2845473208
2845488029
2845488030
2845488031
2845548729
2845548730
2845548731
2845669482
2845669484
2845669540
2845744830
2845803380
2845968581
2845973330
2845973331
2845973332
2845987217
2845987218
2845987220
2845993402
2845999073
2846028770
2846028771
2846028772
2846074254
2846074258
2846079176
2846146490
2846146492
2846153439
2846184446
2846201520
2846201522
2846201524
2846248872
2846254934
2846264025
2846264029
2846271443
2846271447
2846318454
2846414387
2846458299
2846533830
2846533832
2846624136
2846627282
2846627285
2846630010
2846637655
2846637657
2846637667
2846641536
2846641537
2846643005
2846643007
2846643010
2846643084
2846663330
2846663332
2846663394
2846688931
2846688937
2846690095
2846690097
2846690098
2846731432
2846731433
2846731434
2846732599
2846732600
2846732601
2846831884
2846831886
2846927792
2846927794
2846927795
2847041992
2847041994
2847041996
2847046221
2847046223
2847090001
2847090003
2847090005
2847174283
2847192743
2847195787
2847195794
2847196986
2847196990
2847211679
2847211682
2847211685
2847232076
2847244282
2847251800
2847251801
2847251802
2847269313
2847269314
2847269316
2847310855
2847310856
2847311144
2847434986
2847434987
2847434988
2847442019
2847464762
2847464767
2847589186
2847673454
2847673456
2847681746
2847682031
2847828791
2847843913
2847843914
2847843915
2847859936
2847859937
2847859938
2847882254
2847889173
2847889810
2847889813
2847889815
2847891062
2847903912
2847903918
2847906742
2847923171
2847923176
2847931066
2847931067
2847931068
2847949891
2847949893
2847949895
2847954183
2847954187
2847972523
2847972525
2847973181
2847973184
2847988719
2847988723
2848005641
2848005643
2848005644
2848016018
2848016022
2848021271
2848037929
2848037933
2848067130
2848067132
2848069210
2848069212
2848069214
2848081116
2848081118
2848081120
2848088336
2848088338
2848088340
2848101684
2848101685
2848101686
2848109120
2848109122
2848109124
2848119486
2848130939
2848130941
2848146270
2848158932
2848161043
2848161045
2848161047
2848161233
2848161235
2848161237
2848162957
2848169351
2848169355
2848188286
2848188287
2848188289
2848194997
2848195000
2848197479
2848197483
2848205464
2848216366
2848216367
2848222698
2848222704
2848235049
2848238046
2848238048
2848238100
2848243710
2848278555
2848284768
2848284775
2848305374
2848305377
2848305380
2848313773
2848313775
2848313777
2848317738
2848317739
2848317740
2848326921
2848326925
2848327110
2848329636
2848353048
2848356772
2848357083
2848357084
2848357085
2848392231
2848392235
2848393224
2848393225
2848393241
2848401552
2848401553
2848401555
2848401557
2848401558
2848401559
2848406281
2848406285
2848410829
2848435486
2848435488
2848435491
2848443382
2848445027
2848445029
2848445032
2848447001
2848447361
2848450772
2848493191
2848493193
2848493194
2848525613
2848525616
2848525618
2848529569
2848529571
2848529573
2848550730
2848550733
2848550736
2848570283
2848570284
2848570285
2848581221
2848581222
2848581223
2848581225
2848581226
2848581589
2848632168
2848632170
2848632173
2848643973
2848643976
2848645887
2848661318
2848661320
2848667908
2848687298
2848687303
2848721277
2848721278
2848721279
2848721360
2848739269
2848759090
2848759091
2848759092
2848777963
2848777964
2848970461
2848970462
2848970463
2848975885
2848997768
2849002574
2849002575
2849017534
2849025457
2849032146
2849032152
2849032601
2849032606
2849048899
2849052832
2849059181
2849059183
2849065659
2849065664
2849065666
2849065688
2849071862
2849071863
2849071865
2849077743
2849077744
2849077745
2849089631
2849089633
2849089635
2849108584
2849125072
2849125076
2849145841
2849170295
2849213678
2849221420
2849221422
2849230151
2849237932
2849237934
2849299967
2849299970
2849299972
2849316481
2849316482
2849316484
2849318915
2849318916
2849331201
2849331205
2849346636
2849384097
2849384098
2849384099
2849390606
2849390608
2849390610
2849395563
2849395565
2849395567
2849399563
2849401161
2849401164
2849405195
2849406160
2849406161
2849406162
2849409414
2849409416
2849409418
2849424344
2849424345
2849424361
2849435794
2849437708
2849437710
2849437712
2849470378
2849470381
2849470384
2849515871
2849515873
2849515875
2849531859
2849531861
2849553017
2849553207
2849558716
2849558718
2849576807
2849576811
2849607255
2849607256
2849607257
2849630815
2849630819
2849648506
2849648507
2849648508
2849654570
2849654572
2849654574
2849662928
2849662929
2849662931
2849673845
2849673847
2849673849
2849692645
2849692650
2849703227
2849703231
2849709656
2849709660
2849724036
2849724038
2849724039
2849734159
2849734161
2849784365
2849784367
2849784369
2849802105
2849802106
2849802107
2849834955
2849834956
2849834957
2849847280
2849847281
2849847282
2849852860
2849852861
2849852862
2849858560
2849858564
2849879174
2849879176
2849918126
2849918127
2849918128
2849944757
2849965584
2849989998
2849990004
2849993185
2849993187
2849993190
2849996079
2849996084
2849997446
2850008253
2850008256
2850008259
2850012574
2850012577
2850012579
2850031114
2850042621
2850042626
2850044619
2850044651
2850059549
2850059552
2850059555
2850091650
2850091653
2850139139
2850139143
2850164534
2850164537
2850164540
2850176343
2850176346
2850176348
2850201037
2850260573
2850260575
2850260576
2850263433
2850275897
2850275899
2850280277
2850300178
2850300184
2850346082
2850346085
2850346088
2850383554
2850384516
2850468369
2850468370
2850468371
2851130996
2853191647
2854003447
2854025575
2854037319
2854044361
2854044367
2854082418
2854087456
2854091311
2854098645
2854105740
2854165729
2854174741
2854201295
2854218356
2854232804
2854247753
2854252910
2854265000
2854266940
2854267200
2854297480
2854326895
2854359281
2854359286
2854393518
2854393520
2854393684
2854400589
2854400591
2854400593
2854401442
2854411082
2854412894
2854425891
2854426086
2854431507
2854436329
2854436334
2854438368
2854455368
2854455371
2854455374
2854456575
2854456581
2854486830
2854491577
2854491580
2854491582
2854493985
2854497723
2854497725
2854497728
2854502485
2854522617
2854522621
2854524195
2854533099
2854540811
2854540815
2854546629
2854546635
2854551838
2854551840
2854551841
2854561158
2854561160
2854565049
2854573465
2854588885
2854604172
2854605534
2854617755
2854617760
2854623518
2854628135
2854637103
2854637106
2854637109
2854638972
2854639029
2854639899
2854650767
2854659679
2854659680
2854659682
2854673996
2854702637
2854702638
2854702639
2854735804
2854737449
2854737746
2854746037
2854747722
2854773577
2854773579
2854773598
2854773665
2854773666
2854773667
2854784427
2854785199
2854786717
2854810145
2854810149
2854813496
2854822746
2854829600
2854829606
2854832072
2854834009
2854840609
2854840614
2854847430
2854848206
2854859274
2854866342
2854866925
2854866931
2854873021
2854877105
2854897766
2854900090
2854911599
2854912127
2854930720
2854930723
2854963533
2854968473
2854968475
2854968478
2854972289
2854988490
2854988493
2854988496
2854990397
2854990400
2854990403
2854997291
2854997294
2854997297
2855007686
2855022005
2855022006
2855022007
2855080561
2855098135
2855117675
2855117679
2855118036
2855118039
2855118042
2855130070
2855130072
2855130075
2855134635
2855136741
2855141567
2855164230
2855169909
2855169915
2855188577
2855194766
2855194768
2855194770
2855200374
2855200886
2855208437
2855208440
2855208443
2855243649
2855251786
2855251790
2855265448
2855270175
2855270178
2855281046
2855282959
2855289132
2855289138
2855296033
2855302018
2855302996
2855302997
2855302998
2855304971
2855305766
2855324391
2855324395
2855341799
2855351807
2855351809
2855351811
2855369074
2855371475
2855371477
2855390363
2855411444
2855428737
2855428739
2855429134
2855439511
2855439515
2855449149
2855449155
2855457620
2855457623
2855457625
2855459192
2855465285
2855465289
2855477902
2855486149
2855509527
2855509530
2855509533
2855511746
2855529622
2855535135
2855535138
2855535141
2855544158
2855544160
2855544162
2855544339
2855544341
2855544342
2855545082
2855545086
2855546862
2855557354
2855558102
2855558108
2855558822
2855560927
2855560949
2855563087
2855563090
2855563092
2855565085
2855565087
2855565188
2855569031
2855569033
2855569036
2855571089
2855573322
2855573327
2855573536
2855574462
2855596028
2855599423
2855599427
2855600558
2855617345
2855617761
2855619034
2855619036
2855619038
2855625139
2855671264
2855671265
2855671268
2855674991
2855685736
2855685739
2855691187
2855694476
2855696165
2855696169
2855707030
2855707034
2855708352
2855716823
2855716825
2855716827
2855730506
2855740465
2855742743
2855751246
2855752419
2855754931
2855754935
2855770169
2855770405
2855770406
2855770408
2855774306
2855794511
2855794514
2855794517
2855809891
2855809894
2855809901
2855820685
2855827715
2855828940
2855828942
2855828945
2855841308
2855841310
2855841311
2855847870
2855849133
2855849139
2855855192
2855859010
2855859012
2855859014
2855871427
2855872595
2855872598
2855872601
2855875555
2855882675
2855882764
2855882768
2855886362
2855886370
2855886373
2855890112
2855890114
2855890115
2855890502
2855903465
2855906876
2855911056
2855911060
2855911063
2855923306
2855929730
2855929731
2855929734
2855933189
2855935725
2855943690
2855943692
2855943693
2855954271
2855954274
2855954275
2855955919
2855969570
2855969575
2855972121
2855972124
2855978125
2855981458
2855981460
2855981462
2855989061
2855993306
2855993307
2855993308
2855996682
2855998080
2856009233
2856019782
2856030000
2856030003
2856030005
2856033242
2856041804
2856041807
2856041810
2856057043
2856057046
2856057049
2856057554
2856069885
2856085052
2856086850
2856086852
2856086854
2856096489
2856096491
2856096645
2856111670
2856130782
2856130788
2856144191
2856144194
2856146516
2856150245
2856150248
2856150251
2856159006
2856161162
2856162413
2856173468
2856206883
2856207451
2856210392
2856213670
2856216636
2856216642
2856220079
2856230984
2856241153
2856241993
2856241994
2856241997
2856242127
2856242130
2856249119
2856262672
2856266213
2856274848
2856274853
2856275161
2856276205
2856276451
2856276457
2856280027
2856280030
2856280033
2856292230
2856296871
2856305596
2856307010
2856307012
2856326969
2856326975
2856327722
2856329956
2856329958
2856329960
2856331948
2856332331
2856332335
2856341065
2856341068
2856346403
2856360527
2856360528
2856373268
2856373270
2856373699
2856373721
2856394786
2856403143
2856413496
2856415932
2856423671
2856430750
2856447909
2856447911
2856452775
2856458700
2856458701
2856458702
2856469393
2856482517
2856482519
2856486760
2856501916
2856501918
2856501920
2856506200
2856506204
2856509083
2856509085
2856512399
2856522029
2856530246
2856530248
2856531170
2856548021
2856550257
2856558881
2856578331
2856578334
2856578337
2856581474
2856604008
2856625707
2856626944
2856626946
2856626949
2856642173
2856705129
2856712730
2856747692
2856751769
2856777029
2856800497
2856852620
2856852623
2856871225
2856874415
2856891643
2856891649
2856915619
2856915622
2856915624
2856942282
2856960920
2856960923
2856960926
2856967149
2856969377
2856969825
2856969827
2856982228
2856995561
2856995563
2857001672
2857004270
2857004271
2857004272
2857008711
2857013352
2857013358
2857021318
2857022089
2857022091
2857022093
2857025038
2857035560
2857035563
2857039640
2857053860
2857066631
2857087396
2857095320
2857095323
2857095326
2857105407
2857107994
2857107996
2857107998
2857114248
2857114251
2857114253
2857116398
2857124962
2857124968
2857127779
2857134786
2857134788
2857134790
2857139098
2857139100
2857139103
2857148003
2857148006
2857148008
2857171939
2857178556
2857178559
2857178561
2857179346
2857179352
2857189243
2857194018
2857194022
2857202656
2857202659
2857202662
2857204726
2857204727
2857204728
2857212739
2857222453
2857222455
2857222457
2857236274
2857239653
2857239654
2857239655
2857259011
2857259016
2857259229
2857262246
2857262249
2857264287
2857270727
2857279136
2857303930
2857303932
2857303934
2857327429
2857327432
2857327435
2857333923
2857356533
2857390038
2857393707
2857393713
2857398974
2857402168
2857419826
2857419829
2857427616
2857428069
2857428071
2857428073
2857430918
2857431067
2857434803
2857434806
2857434808
2857435233
2857446479
2857447245
2857447247
2857447249
2857448574
2857459060
2857459063
2857459066
2857459451
2857459504
2857460906
2857465438
2857484316
2857491595
2857495335
2857515910
2857518333
2857521703
2857521706
2857521708
2857525310
2857530500
2857530502
2857530504
2857543079
2857543081
2857543412
2857543414
2857562428
2857572690
2857572693
2857572695
2857573236
2857573593
2857583234
2857587884
2857608140
2857615876
2857615881
2857617171
2857618600
2857618606
2857639520
2857639525
2857658609
2857658627
2857660466
2857662104
2857666402
2857666405
2857666408
2857672260
2857689983
2857723139
2857723142
2857736100
2857737054
2857738654
2857738656
2857738659
2857742189
2857747744
2857747747
2857747749
2857749266
2857749269
2857749271
2857749274
2857749668
2857766132
2857773666
2857773669
2857773671
2857787063
2857793405
2857793408
2857793411
2857808951
2857812383
2857826224
2857826228
2857832443
2857845105
2857852887
2857852892
2857861949
2857861955
2857869298
2857872469
2857879370
2857895681
2857899392
2857901645
2857905791
2857906928
2857906934
2857916017
2857917058
2857929256
2857942440
2857946157
2857978171
2857978174
2857978177
2857986130
2857992916
2857995099
2858012113
2858032074
2858034001
2858034004
2858062523
2858111694
2858141800
2858141916
2858190831
2858190833
2858250548
2858252707
2858257047
2858269813
2858271727
2858277655
2858277661
2858279402
2858307503
2858308281
2858316205
2858323738
2858345350
2858347759
2858349819
2858356565
2858358538
2858378421
2858397949
2858402348
2858402350
2858402402
2858425719
2858442671
2858502684
2858515144
2858587591
2858587592
2858587597
2858608044
2858621480
2858622391
2858640262
2858640263
2858644929
2858665160
2858665162
2858668729
2858668730
2858668731
2858669949
2858897559
2858911786
2859690655
2859883220
2859922034
2859922046
2859964169
2859971326
2859978539
2859978940
2859989460
2860022951
2860039106
2860041915
2860041916
2860045743
2860045745
2860045747
2860053578
2860055056
2860075028
2860090606
2860102741
2860110313
2860270198
2860350756
2860368120
2860368121
2860377508
2860377509
2860377510
2860546507
2860546510
2860555868
2860555870
2860555872
2860564509
2860586311
2860588775
2860590388
2860590390
2860593467
2860596081
2860596082
2860596083
2860602010
2860638925
2860655738
2860666068
2860778779
2860782481
2860785080
2860801335
2860813986
2860813990
2860830333
2860838495
2860850164
2860871621
2860881930
2860907557
2860918578
2860924006
2860926962
2860929686
2860952904
2860964439
2860966062
2860966064
2860968508
2860981356
2860981359
2860984754
2860984756
2860984757
2860989218
2860995157
2860996182
2861007067
2861028482
2861028626
2861033156
2861033159
2861033161
2861044701
2861044703
2861044705
2861048525
2861063640
2861093289
2861094984
2861104585
2861104587
2861104589
2861114925
2861130185
2861137172
2861145508
2861151335
2861158818
2861174189
2861183581
2861193780
2861197728
2861212660
2861212663
2861212666
2861222159
2861222160
2861222161
2861233966
2861233968
2861233971
2861264026
2861264028
2861273164
2861276533
2861286866
2861292422
2861292424
2861295678
2861297281
2861309055
2861309057
2861309059
2861311337
2861311339
2861314272
2861320700
2861342083
2861353368
2861353369
2861358922
2861366888
2861366889
2861366890
2861402796
2861405947
2861405948
2861405949
2861409088
2861409089
2861409090
2861417633
2861417995
2861426931
2861429478
2861429480
2861430255
2861434462
2861438544
2861441445
2861452082
2861453203
2861453204
2861453205
2861457406
2861466371
2861466373
2861469726
2861498266
2861506631
2861516065
2861523947
2861548532
2861573090
2861579569
2861579573
2861579575
2861580340
2861580344
2861580346
2861588997
2861588998
2861592351
2861592355
2861595348
2861605712
2861610592
2861611573
2861611577
2861631467
2861633709
2861638878
2861638879
2861638881
2861638906
2861640348
2861647151
2861647153
2861654602
2861654604
2861658220
2861666876
2861666880
2861683503
2861686589
2861695047
2861697137
2861697755
2861697877
2861699286
2861699506
2861699891
2861699893
2861699895
2861713293
2861755801
2861755803
2861755805
2861756345
2861767146
2861771853
2861772990
2861781906
2861797978
2861797979
2861797980
2861800664
2861816180
2861816183
2861816286
2861821128
2861821505
2861821510
2861822632
2861824370
2861826615
2861826617
2861826619
2861843008
2861843011
2861844974
2861858919
2861858921
2861861340
2861868436
2861870891
2861880963
2861880965
2861880967
2861897010
2861900476
2861911680
2861911682
2861927699
2861927700
2861927701
2861936870
2861936872
2861940642
2861944559
2861968299
2861968300
2861968301
2861968555
2861969091
2861969093
2861969095
2861995946
2862053799
2862053800
2862053801
2862273649
2862292814
2862323823
2862345934
2862364140
2862364206
2862387147
2862401864
2862402855
2862422778
2862427965
2862429021
2862431198
2862431201
2862432746
2862437518
2862438898
2862440134
2862498800
2862502868
2862601876
2862602916
2862607908
2862614245
2862631233
2862633468
2862635654
2862759858
2862769763
2862958521
2862992818
2862994677
2863020856
2863054048
2863064260
2863101703
2863105505
2863105626
2863126641
2863593744
2863792324
2864252498
2864266419
2864440524
2864498208
2864502396
2864510762
2864527120
2864535348
2864665455
2864673808
2864694494
2864702747
2864706934
2864719501
2864727859
2864736192
2864781564
2865212906
2865212907
2865245274
2865283953
2865289821
2865297077
2865298954
2865362410
2865827620
2865827621
2865827622
2865883500
2865885094
2865907952
2865984832
2866053739
2866070496
2866098688
2866099853
2866100421
2866118952
2866149841
2866150907
2866150908
2866150909
2866230079
2866230080
2866288640
2866319573
2866319574
2866319575
2866324547
2866324549
2866333944
2866666708
2866670672
2866698398
2866718038
2866751811
2866919577
2867368412
2867409315
2867414528
2867436351
2867578127
2867602819
2867602821
2867602825
2867602826
2867602827
2867615614
2867619153
2867631777
2867634046
2867794992
2867794994
2867795000
2867795002
2867801524
2867818173
2867825014
2867825016
2867825018
2867825620
2867825621
2867825623
2867830675
2867830676
2867830677
2867850971
2867854222
2867854223
2867854224
2868191396
2868195509
2868196299
2868205602
2868220779
2868257975
2868511745
2868515534
2868520565
2868524382
2868524968
2868530866
2868536466
2868541020
2868541021
2868541022
2868567063
2868570639
2868571929
2868583066
2868583447
2868583571
2868587275
2868811751
2868822852
2868905584
2868928203
2868935121
2868942497
2868954324
2868983718
2869047550
2869052194
2869070560
2869112249
2869127202
2869178824
2869178828
2869222878
2869227481
2869234843
2869263669
2869366549
2869620838
2869658234
2869658235
2869777337
2869784034
2869788686
2869790094
2870120639
2870149410
2870149412
2870382073
2870382738
2870382739
2870383192
2870422749
2870433890
2870548273
2870559174
2870572669
2870577401
2870580308
2870728969
2870745188
2871202826
2871237837
2871301108
2871315510
2871315513
2871349351
2871349365
2871381895
2871398242
2871398244
2871422549
2871442881
2871448328
2871461983
2871461985
2871470687
2871470688
2871470689
2871472451
2871472453
2871472456
2871928467
2871991338
2872202244
2872202245
2872202246
2872441401
2872441404
2872495864
2872525913
2872527722
2872936890
2872948456
2873065272
2873142502
2873267274
2873267276
2873272686
2873272688
2873287241
2873296584
2873296586
2873296846
2873296847
2873296848
2873298980
2873298981
2873298982
2873305478
2873343015
2873343019
2873343020
2873358373
2873665111
2873701950
2873719521
2873732677
2873735907
2873742695
2873772969
2873775834
2873776826
2873777887
2873802410
2873806405
2873862078
2873863625
2873863628
2873883900
2873887704
2873911154
2873912866
2873952247
2873969964
2873975698
2873976982
2873980527
2873980768
2873987831
2873992050
2873993687
2874004504
2874007388
2874017001
2874029752
2874029755
2874029757
2874036234
2874039437
2874045866
2874050919
2874054184
2874059657
2874064641
2874068769
2874079882
2874161036
2874163282
2874164679
2874181466
2874255579
2874256109
2874352072
2874353704
2874987611
2875059134
2875059135
2875059138
2875059142
2875079174
2875101552
2875105562
2875105563
2875105565
2875106787
2875106789
2875108349
2875108350
2875108351
2875108693
2875164378
2875167756
2875175035
2875212405
2875212803
2875243198
2875283142
2875283538
2876592764
2876649630
2876767216
2877060281
2878795461
2878795462
2878795463
2878822874
2878852391
2878947180
2879826406
2879929336
2880009941
2880028524
2880031396
2880031398
2880031400
2880566696
2880806291
2880835719
2880835721
2880835723
2880848474
2880916311
2880916313
2880928882
2880928884
2880928886
2880977404
2880978528
2880978950
2880979327
2880979417
2881016428
2881017695
2881036917
2881045340
2881270318
2881275905
2881351001
2881535375
2881666763
2881713154
2881715011
2881736967
2881737608
2881746092
2881748333
2881748335
2881755517
2881792313
2881801018
2881860294
2881962511
2882063876
2882068423
2882088041
2882138999
2882139044
2882159306
2882213749
2882260469
2882260470
2882260471
2882293306
2882304309
2882304311
2882369558
2882394431
2882394661
2883042290
2884382078
2884427823
2884430517
2884437248
2885531154
2885662450
2885662451
2885818799
2885822232
2886523050
2888192953
2889032175
2889173091
2889188376
2889194104
2889201517
2889209350
2889227238
2889227239
2889245646
2889291617
2889355336
2889478522
2889535543
2889535544
2889699435
2889712837
2889836713
2890155303
2890312562
2890320881
2890403719
2890584506
2890601696
2890601697
2890601698
2890606453
2890606454
2890606455
2890607003
2890625564
2890633681
2890768826
2890775782
2890801964
2891500803
2892388553
2892774023
2892951176
2893441362
2893460040
2893471659
2893475304
2893482940
2893532133
2893537909
2893542095
2893587164
2893612703
2893615833
2893640523
2893640524
2893640525
2893641148
2893641157
2893647962
2893661055
2893662446
2893664439
2893666364
2893694773
2893694775
2893777089
2893792816
2893792907
2894079218
2894079220
2894084558
2894107241
2894139720
2894143273
2894191998
2894192965
2894252638
2894263534
2894263535
2894263536
2894282644
2894316873
2894318579
2894382821
2894427026
2894427027
2894427028
2894452635
2894455136
2894455137
2894455139
2894468198
2894490173
2894490175
2894653082
2894709185
2894715790
2894723697
2894729789
2894729790
2894729791
2894735364
2894736906
2894738085
2894752745
2894758061
2894759235
2894759236
2894767631
2894768322
2894768323
2894778104
2894778105
2894778106
2894937992
2894958624
2894961511
2894961636
2894964604
2894968379
2894968381
2894968382
2894968453
2894969775
2894972879
2894975438
2894981167
2894988866
2894994359
2895026652
2895026655
2895026656
2895029277
2895029937
2895029938
2895029939
2895031940
2895065767
2895065771
2895100917
2895113538
2895124908
2895139639
2895140563
2895149367
2895149368
2895149369
2895150163
2895154320
2895154479
2895154481
2895156068
2895199806
2895199808
2895275844
2895275846
2895275848
289527610
2895278649
2895281982
2895281983
2895281984
2895332095
2895332708
2895339255
2895447579
2896007537
2896096575
2896123962
2896123964
2896123979
2896133546
2896133912
2896133913
2896133915
2896134841
2896136923
2896139412
2896144194
2896144197
2896147165
2896147433
2896147435
2896148462
2896148464
2896148465
2896149846
2896150923
2896161823
2896580252
2896582215
2896586937
2896598616
2896613862
2896633220
2896661318
2896942858
2896994180
2896997775
2897224991
2897388773
2897424008
2897445948
2897458689
2897470092
2897474753
2897592591
2897602149
2897604547
2897611382
2897619954
2897634834
2897646129
2897890562
2898220455
2898244359
2898248745
2898248746
2898253147
2898253945
2898257131
2898257133
2898920069
2898951236
2898961478
2898981221
2899009463
2899033323
2899036088
2899051347
2899108864
2899112452
2899120782
2899123699
2899419760
2899448977
2899455037
2899551463
2899639996
2899736032
2899738799
2899762144
2899764927
2899779630
2899788539
2900008063
2900043566
2901938756
2902342711
2903733859
2903737819
2903751687
2903755667
2904056743
2904061716
2904094856
2904099172
2904100733
2904165449
2904165450
2904165451
2904211006
2904336584
2904619110
2904628294
2904660585
2904664832
2904668278
2904670250
2904696587
2904696588
2904711482
2904717074
2904805936
2904819266
2904824417
2904825274
2904827891
2904835860
2904841245
2904846274
2904852743
2904854884
2904856925
2904858109
2904864864
2904870977
2904871168
2904872653
2904876218
2904881745
2904881748
2904881923
2904883323
2904887134
2904887234
2904887920
2904888414
2904890095
2904893946
2904894947
2904896363
2904896725
2904898387
2904900902
2904904384
2904907014
2904908015
2904910010
2904910631
2904912071
2904912911
2904914824
2904915322
2904915471
2904916672
2904916770
2904971876
2905003821
2905003823
2905010615
2905098696
2905098697
2905098698
2905105060
2905105062
2905105468
2905113597
2905113716
2905113718
2905116000
2905140441
2905142201
2905142533
2905142534
2905142535
2905142963
2905142964
2905142965
2905165227
2905165228
2905165229
2905173822
2905174097
2905175082
2905175083
2905178921
2905178922
2905178923
2905181275
2905181277
2905181278
2905192995
2905224961
2905230703
2905238782
2905247239
2905250035
2905250707
2905250708
2905250752
2905314379
2905322597
2905324464
2905461640
2905530262
2905823436
2905833379
2905870838
2905958440
2905966811
2905971067
2906042160
2906053997
2906075170
2906095639
2906095716
2906201677
2906201679
2906205653
2906205654
2906205655
2906207129
2906279794
2906339744
2906380470
2906634920
2907542160
2907860080
2907899108
2907932959
2908066672
2908078413
2908078414
2908078415
2908089405
2908103630
2908103631
2908103632
2908126884
2908156513
2908175984
2908233725
2908346006
2908365201
2908378662
2908403476
2908442660
2908451937
2908483133
2908533753
2908578056
2908583194
2908583196
2908602427
2908633284
2908663627
2908679644
2908700176
2908718971
2908884615
2910125917
2910223648
2910265156
2910421045
291071256
2910733702
2910737484
2910943103
2910954225
2911012880
2911151671
2911151673
2911169068
2911193145
2911193147
2911513847
2911720785
2911740820
2911762582
2911781917
2911922112
2911963439
2911985504
2912073778
2912079767
2912101040
2912104761
2912104763
2912106572
2912108106
2912147749
2912178905
2912178907
2912178908
2912239078
2912264996
2912265029
2913087744
291311552
2913258079
2913330284
2913356690
2913443807
2913462174
2913462183
2913472433
2913489523
2913505151
2913505153
2913505154
2913516661
2913572127
2913730830
2913843593
2914057839
2915587660
2915611620
2915672400
2915681332
2915707429
2915715858
2915792971
2915793514
2916047318
2916097362
2916149605
2916291099
2916291962
2916292028
2916326542
2916330711
2916335258
2916345244
2916349453
2916380754
2916432558
2916521229
2916530871
2916691566
2916998927
2917602835
2917973429
2918519454
2918556754
2918556812
2918564950
2918575976
2918582023
2918610859
2918610860
2918610861
2918622435
2918634444
2918636003
2918636006
2918640800
2918659722
2918659723
2918659724
2918671156
2918671163
2918671165
2918684202
2918685213
2918687243
2918692161
2918706432
2918707180
2918709444
2918712489
2918718246
2918718331
2918718982
2918723366
2918729001
2918732570
2918736034
2918736829
2918737351
2918737353
2918737355
2918737678
2918742559
2918747322
2918780823
2918785564
2918785981
2918790588
2918790589
2918790590
2918819641
2919010065
2919012278
2919030437
2919035139
2919036468
2919042576
2919049199
2919057716
2919060744
2919064170
2919105601
2919107476
2919109902
2919113904
2919116242
2919122360
2919122397
2919122399
2919139598
2919156000
2919156001
2919219012
2919227460
2919239785
2919240704
2919243297
2919290610
2919292895
2919292897
2919297892
2919307867
2919329065
2919647969
2919647972
2919695816
2919722421
2919722423
2919725755
2919725756
2919742475
2919742477
2919762913
2919806984
2919806985
2919806987
2919815093
2919815094
2919840507
2919916440
2919920676
2919921444
2919922325
2919923127
2920197394
2920233809
2920233810
2920233874
2920234446
2920234447
2920248410
2920252203
2920285589
2920285591
2920286974
2920311782
2920314421
2920316055
2920322164
2920325629
2920326908
2920345073
2920350174
2920356257
2920440103
2920447175
2920460531
2920531866
2920542478
2920546526
2920579413
2920582491
2920583254
2920590572
2920604414
2920806309
2920966101
2921006499
2921061940
2921061941
2921071499
2921341131
2921413973
2921418478
2921429964
2921455328
2921455329
2921482428
2921517022
2921532692
2922194226
2923196780
2923198808
2923232974
2923236845
2923302534
2923303949
2923314465
2923318005
2923318292
2923318497
2923365335
2923380521
2923447796
2923448307
2923469067
2923498321
2923508368
2923516654
2923520572
2923526675
2923538112
2923539523
2923547036
2923551655
2923608885
2923631417
2923639612
2923656392
2923664540
2923671053
2923683351
2923704210
2923704621
2923722581
2923725320
2923725431
2923731160
2923731161
2923731162
2923755226
2923755621
2923759619
2923764858
2923764859
2923764948
2923766467
2923791873
2923822551
2923931854
2924058514
2924087978
2924096235
2924124723
2924141698
2924150208
2924236404
2924236405
2924251040
2924265231
2924285394
2924392313
2924392527
2924393030
2924401921
2924424883
2924438155
2924438157
2924446407
2924460617
2924480972
2924557900
2924584458
2924605152
2924606965
2924635103
2924635104
2924647235
2924652306
2924652307
2924652308
2924660732
2924678236
2924906217
2924906218
2924906219
2924926899
2924928897
2924970054
2925024159
2925024160
2925024161
2925074981
2925087820
2925087822
2925087826
2925091974
2925097630
2925107748
2925108906
2925108909
2925108911
2925113953
2925113956
2925113968
2925132141
2925133030
2925136917
2925142637
2925144736
2925158799
2925158800
2925158801
2925158840
2925202426
2925211468
2925214407
2925236068
2925315357
2925331970
2925331971
2925359950
2925476302
2925476303
2925501693
2925501980
2925501981
2925505140
2925514364
2925754843
2925777082
292635810
2927067618
2927078004
2927275748
2927276879
2927563650
2927563653
2927563656
2927563662
2927568024
2927568029
2927818606
2927830624
2927842354
2927857189
2927924438
2927924930
2927943932
2928012164
2928231034
2928266777
2928282098
2928386700
2928398441
2928472938
2928493671
2928493673
2928493674
2928514948
2928591913
2928873654
2928873655
2928873656
2928873665
2928922101
2929539636
2929557087
2929662573
2929809384
2929833795
2929865267
2929891398
2930049389
2930080104
2930080106
2930100862
2930102876
2930119786
2930121453
2930264606
2930522368
2930707667
2930707668
2930707669
2930840126
2933039785
2933944918
2933960012
2933980289
2933995215
2934075766
2934142411
2934550210
2934716061
2935100004
2935508260
2935558921
2935558927
2935797634
2935797635
2935861272
2935912000
2935925741
2936096191
2936221867
2936224139
2936321175
2936448462
2936839972
2938016619
2938021890
2938040719
2938046764
2938102094
2938142319
2938293665
2938425932
2938427554
2938437469
2938449846
2938480705
2940558542
2940593142
2940666398
2940666402
2940705844
2944583113
2944596362
2944785858
2944832173
2944861461
2944873174
2944873176
2944873178
2946602191
2946720023
2946743779
2946846482
2947598341
2947702110
2947702114
2947702116
2947702120
2947702122
2947702130
2947702132
2947702136
2947702140
2947702144
2947702148
2947812406
2947828377
2947836987
2947838640
2947841078
2947841269
2947841270
2947841271
2947844787
2947902516
2947905830
2947939216
2947951569
2947999045
2948000254
2948002106
2948014195
2948069522
2948069718
2948070304
2948070308
2948070433
2948070451
2948099971
2948146210
2948204033
2948212165
2948262805
2948284251
2948318021
2948320282
2948320535
2948321926
2948324091
2948326701
2948330767
2948336206
2948340155
2948341311
2948343959
2948344755
2948345662
2948350749
2948359258
2948361900
2948366639
2948367498
2948368095
2948370852
2948373237
2948373238
2948373774
2948373980
2948375764
2948377727
2948384372
2948388596
2948390722
2948402291
2948406161
2948414894
2948415874
2948417790
2948418260
2948420004
2948423564
2948426212
2948430892
2948430952
2948432475
2948437471
2948438846
2948438852
2948445339
2948448530
2948456070
2948461323
2948461564
2948471296
2948475980
2948580078
2948634610
2948638694
2948641045
2948652537
2948653246
2948653250
2948656990
2948671172
2948692343
2948692346
2948694319
2948718587
2948718588
2948718610
2948718612
2948718613
2948727901
2948731847
2948739126
2948740115
2948740119
2948758183
2948764366
2949126165
2949201882
2949239653
2949389864
2949392377
2949393215
2949396221
2949419697
2949436789
2949436810
2949474763
2949493338
2949493339
2949493340
2949493557
2949509504
2949548275
2949610493
2949849570
2949867609
2949870333
2949872544
2949884617
2949898693
2949898694
2950161682
2950173181
2950213271
2950220569
2950223800
2950238571
2950286448
2950302085
2950308975
2950324427
2950328496
2950356192
2950379143
2950380236
2950381452
2950382512
2950382558
2950383989
2950387043
2950397124
2950401708
2950420648
2950420650
2950428639
2950463971
2950476703
2950594580
2950596191
2950646661
2950668795
2950779692
2950795933
2950802990
2950825358
2950828954
2950833799
2950835565
2950850042
2950850044
2950870792
2950872021
2950873112
2950876372
2950881009
2950882570
2950882571
2950882572
2950896169
2950897847
2951274750
2951295265
2951337461
2951346058
2951468295
2951771471
2952374069
2952427392
2952508844
2952550168
2953764688
2953764689
2953764690
2953769164
2953769165
2953790464
2953840879
2953843695
2953848946
2953985174
2954024615
2954041396
2954045951
2954057773
2954057775
2954064770
2954080154
2954081692
2954086725
2954108606
2954108607
2954108608
2954113505
2954125481
2954127495
2954131372
2954151030
2954163989
2954285257
2954306155
2954308536
2954309431
295431008
2954385248
2954470923
2954539475
2955938714
2955940961
2955955207
2955960744
2955960748
2955965222
2955976769
2956014121
2956020713
2956033229
2956033230
2956047237
2956060026
2956076551
2956090354
2956094065
2956094067
2956143940
2956143941
2956149977
2956152296
2956155793
2956155795
2956159563
2956159910
2956159911
2956160660
2956168797
2956168799
2956168801
2956171630
2956185222
2956292251
2956399823
2956467495
2956472149
2956472151
2956472153
2956474586
2956507406
2956517073
2956517074
2956518171
2956549562
2956553547
2956553673
2956558412
2956558416
2956571370
2956571371
2956571372
2956582688
2956582692
2956583049
2956590528
2956627405
2956627406
2956627407
2956639456
2956649767
2956821484
2956828560
2957447850
2958116604
2958357974
2958386117
2958410579
2958433589
2958437358
2958438219
2958442901
2958453757
2958454271
2958567355
2958623328
2958738327
2958779082
2958847680
2958848287
2958849268
2958862477
2958869832
2958871403
2958872427
2958875268
2958908531
2958934472
2959047758
2959076902
2959085467
2959100314
2959102330
2959109008
2959142951
2959142953
2959142955
2959163810
2959216554
2959249013
2959259483
2959318636
2959321808
2959323540
2959339688
2959339701
2959340123
2959371429
2959424613
2959425746
2959429612
2959447206
2959479754
2959494593
2959611412
2959647067
2959755627
2959756672
2959818352
2959831177
2959831178
2959831179
2959841485
2959841486
2959841487
2959846679
2959879679
2959901290
2959918715
2960093587
2960100589
2960100590
2960106716
296013665
2960187377
2960192468
2960234548
2960236654
2960264878
2960281643
2960284669
2960284670
2960341420
2960354281
2960356131
2960564432
2960635600
2961744370
2961751202
2961754517
2961754892
2961775462
2961775963
2961956224
2962451472
2962454478
2962945208
2963369057
2963677893
2967155458
2967156969
2967477575
2967583059
2967584688
2968094447
2968098058
2968113040
2968154506
2968190635
2969308127
2969815397
2973203806
2973207118
2973228708
2973230564
2973234414
2973234561
2973234562
2974154487
2974175260
2974179261
2974240588
2974242392
2974253106
2974253108
2974290623
2974304771
2974305724
2974305947
2974306907
2974313024
2974322847
2974322849
2974328916
2974338876
2974341922
2974369904
2974388511
2974390012
2974408594
2974409353
2974411688
2974411694
2974416808
2974419530
2974434298
2974454639
2974457878
2974457879
2974457880
2974459012
2974465642
2974465644
2974465766
2974467286
2974486631
2974499376
2974502198
2974509921
2974509923
2974509925
2974527516
2974530185
2974547236
2974548372
2974548373
2974548374
2974558133
2974558334
2974560312
2974560610
2974629147
2974639762
2974646878
2974665970
2974688855
2974694686
2974748728
2974798660
2974835801
2974845504
2974852345
2974869889
2974972620
2975021202
2975080827
2975080828
2975080829
2975133377
2975222700
2975222753
2975242205
2975242207
2975242209
2975248535
2975258119
2975267529
2975270899
2975270901
2975292419
2975298422
2975301936
2975320041
2975414102
2975444268
2975641216
2975648781
2975648783
2975687958
2975690772
2975704834
2975715855
2975730838
2975734653
2975773317
2975854351
2975854471
2975857208
2975857222
2975858203
2975865638
2975866642
2975870649
2975872607
2975872640
2975873201
2975881343
2975884072
2975886136
2975888038
2975957721
2975960327
2976034582
2976090988
2976102212
2976104929
2976104933
2976104935
2976131198
2976182534
2976188296
2976209850
2976228494
2976233949
2976243855
2976247927
2976248056
2976254198
2976254570
2976275684
2976295530
2976298672
2976308572
2976310783
2976317808
2976320151
2976337958
2976404540
2976404541
2976404542
2976406208
2976488056
2976556203
2976592874
2976705756
2976741056
2976767105
2976767106
2976767107
2976776330
2976779558
2976780601
2976795702
2976813080
2976819321
2976860328
2976863562
2976865710
2976868618
2976910350
2976913667
2976937130
2976966729
2976975220
2976992312
2977017071
2977017072
2977040443
2977040444
2977040445
2977341262
2977364165
2977425009
2977456050
2977462915
2977466474
2977466611
2977487186
2977499520
2977511083
2977627523
2977635830
2977637269
2977639157
2977639159
2977639160
2977738521
2977738523
2977740935
2977815354
2977864006
2977867195
2977868273
2977962726
2977975231
2977990440
2978024639
2978027868
2978048562
2978074180
2978098337
2978336674
2978344750
2978360318
2978388621
2978390453
2978424892
2978446368
2978454037
2978476064
2979169301
2979172500
2979224367
2979238965
2979249645
2979260206
2979260207
2979260208
2979266684
2979679301
2980034990
2980179350
2980183772
2980191896
2980522578
2980529319
2980535829
2980537569
2980552789
2980554846
2980555201
2980556526
2980558211
2980564838
2980565754
2980575380
2980576892
2980579917
2980586605
2980593806
2980594133
2980610769
2980610971
2980614648
2980620794
2980632175
2980640381
2980640989
2980656978
2980670946
2980681018
2980698827
2980716026
2980733977
2980775728
2980945372
2980970526
2980972226
2981272693
2981309156
2981315511
2981322236
2981322384
2981324833
2981327211
2981327213
2981328448
2981351729
2981369456
2981372894
2981376830
2981387856
2981387873
2981518553
2981526480
2981528889
2981530543
2981531105
2981531138
2981535451
2981536148
2981537449
2981539554
2981543439
2981543984
2981544083
2981551183
2981554753
2981555880
2981556523
2981559979
2981562152
2981579550
2981581525
2981581527
2981694928
2981904758
2981907230
2981908664
2981912997
2981925405
2981930423
2981936434
2981937187
2981942542
2981950792
2981952396
2981966894
2981972227
2982123878
2982135533
2982217606
298265194
298272527
2982863913
2983031235
2983852
2984251842
2984252795
2984314188
2984318868
2984505006
2984545388
2984657199
2984689642
2984705293
2984720712
2984850412
2985089620
2985971830
2985971834
2985976283
2986231421
2986303527
2986314487
2986323668
2986532875
2986534007
2986534008
2986534009
2986534816
2986557427
2987354146
2987378435
2987426108
2987849055
2987868647
2987886161
2987895131
2987897290
2987924290
2987924954
2987925763
2987926857
2987927026
2987928269
2987931959
2987932612
2987935096
2987936465
2987942004
2987943295
2987947484
2987947485
2987947486
2987950283
2987952587
2987952846
2987952847
2987952871
2987955288
2987955484
2987988239
2987989214
2988006884
2988426004
2988446283
2988463146
2988517466
2988666549
2988679029
2988753258
2988760528
2988761171
2988809952
2988811389
2988812886
2988812887
2988812890
2988871522
2988950350
2988988422
2989046856
2989080612
2989097305
2989105413
2989114236
2989149941
2989161219
2989161221
2989161223
2989164497
2989165231
2989165973
2989166422
2989171199
2989171201
2989190411
2989195165
2989207025
2989213895
2989220283
2989221834
2989223175
2989226847
2989228729
2989233466
2989235949
2989248374
2989253675
2989253954
2989257525
2989260386
2989264486
2989266697
2989271684
2989274617
2989276302
2989279517
2989281755
2989284516
2989285671
2989388594
2989510365
2989516838
2989576287
2989585335
2989585336
2989600819
2989612133
2989612253
2989663368
2989759594
2990016670
2990033508
2990761545
2990771969
2990793204
2990825506
2990854357
2990887740
2990908639
2990911732
2990937907
2990955069
2991174948
2991174949
2991174950
2991211295
2991223879
2991377486
2991677971
2991864403
2991882852
2991901324
2991920094
2991925340
2991934121
2991934774
2991934775
2991934778
2991971504
2991971505
2991971506
2992125456
2992127307
2992370240
2992379524
2992398086
2992429938
2992437044
2992472812
2992487223
2992493328
2992495512
2992503371
2992522194
2992531917
2992531919
2992531921
2992534605
2992536585
2992536589
2992542148
2992552468
2992552475
2992561453
2992587791
2992587795
2992589335
2992589339
2992592690
2992592692
2992592694
2992597282
2992607013
2992607015
2992607017
2992608884
2992615124
2992620392
2992620393
2992620394
2992624792
2992644470
2992644471
2992644472
2992650644
2992650645
2992650646
2992655030
2992655268
2992678014
2992691409
2992701200
2992701218
2992701440
2992707189
2992709016
2992709561
2992710720
2992710721
2992710722
2992714524
2992715637
2992719880
2992719881
2992719882
2992727231
2992740169
2992740170
2992740171
2992740893
2992740894
2992740895
2992741953
2992751540
2992751686
2992751687
2992751688
2992756164
2992756166
2992773132
2992773133
2992773134
2992776142
2992776143
2992776144
2992779745
2992779746
2992779747
2992794346
2992794347
2992794348
2992824077
2992824083
2992831249
2992831250
2992831453
2992831455
2992838864
2992923263
2992925119
2993093288
2993105097
2993119495
2993588332
2993738546
2993770055
2993842583
2995276327
2996703917
2996801875
2996801877
2996801879
2996858214
2996862254
2996862255
2996862256
2996863103
2996898792
2997235429
2997280262
2998754806
2998757482
2998761378
2999029588
2999160310
2999169344
3000395418
3000470921
3000470925
3000549706
3000561660
3000567797
3000567799
3000567801
3000601977
3000608614
3000616985
3000632407
3000638425
3000665127
3000733223
3000733224
3000733225
3000733226
3000750408
3000774418
3000792284
3000792303
3000794349
3000797524
3000839207
3000839209
3000839210
3000861097
3000874243
3000874244
3000874246
3000888639
3000888642
3000888645
3000891059
3000894062
3000894065
3000903796
3000913530
3000916462
3000916464
3000920265
3000947077
3000947111
3000947933
3000947935
3000954310
3000964712
3000968644
3000985946
3000988349
3001021280
3001027747
3001036416
3001045635
3001050703
3001082316
3001086092
3001086096
3001088406
3001106586
3001106590
3001119678
3001167051
3001168230
3001168232
3001172533
3001173610
3002018209
3002419956
3002490722
3002517249
3002517251
3002517253
3002521829
3002581999
3002595025
3002684750
3002707084
3002728096
3002732744
3002744113
3002791280
3002833183
3002850677
3002851967
3002851968
3002851969
3002854151
3002973414
3003049973
3003456660
3003474784
3003488272
3003600335
3004800914
3004820461
3004821617
3004842649
3004843906
3004873302
3004882789
3005424435
3005459936
3005487394
3005489632
3005535423
3005585793
3005648873
3005713738
3005720776
3005813963
3005837578
3005849315
3005867254
3005891203
3005891205
3005891206
3006776336
3006909442
3007397254
300760675
3007814848
3007818505
3007818511
3007840709
3007844005
3007848278
3007849951
3007912193
3007926522
3007958239
3007961682
3007967684
300830512
3008548322
3008964193
3010534217
3010537302
3010636505
3010636506
3010644612
3010644613
3010662747
3010690587
3010706064
3010712705
3010843975
3010844003
3010852480
301164233
3012282506
3012290370
3012307845
3012321460
3012322959
3012322990
3012325709
3012325710
3012325712
3012349094
3012976831
3013698076
3013719637
3013719639
3013746904
3013764322
3013795857
3013795861
3013802042
3013828292
3013828351
3013828353
3013828355
3013829063
3013835365
3013847772
3013847774
3013847971
3013863855
3013864049
3013864050
3013864051
3013864586
3013864965
3013864967
3013867171
3013874185
3013874186
3013876529
3013907938
3013907940
3013909832
3013916645
3014275778
3015039349
3018711371
3018711373
3018956134
3018958319
3019179975
3019215902
3019218505
3019549146
3019732137
3019732138
3019732277
3019765658
3019775364
3019775391
3019800081
3019801210
3019802621
3019803201
3019803202
3019803203
3019808891
3019808892
3019808893
3019959101
3019960414
3020036576
3020038112
3020204325
3020205509
3020248025
3020255305
3020449363
3020557406
3020576793
3020579388
3021201768
3021214602
3021218846
3021256493
3021256745
3021263236
3021278724
3021987514
3022628342
3022641735
3022644899
3022874164
3022908296
3022908300
3022932068
3022948445
3022972173
3022987078
3023033493
3023039284
3023064838
3023372659
3023374973
3023375929
3023446234
3023460620
3023516311
3023520896
3023617399
3024236331
3024248985
3024318694
3024338525
3024385709
3024398538
3024406341
3024424154
3024436934
3024470758
3024471917
3024471919
3024496126
3024496361
3024496365
3024539692
3024834535
3024848172
3024852983
3024863863
3024886868
3024887335
3024892204
3024904235
3025060782
3025063078
3025063080
3025065161
3025081659
3025089754
3025105880
3025106388
3025110779
3025110780
3025110781
3025115601
3025121884
3025123983
3025124903
3025125308
3025125309
3025125310
3025134979
3025158954
3025313285
3025971476
3026064060
3026710771
3026807199
3026866375
3027096895
3027096897
3027096900
3027118077
3027472941
3027472942
3027472944
3027474131
3027488292
3027488293
3027488295
3027488878
3027488880
3027488882
3027490973
3027490974
3027490976
3027508676
3027508678
3027508680
3027520233
3027522112
3027522115
3027526256
3027526259
3027542156
3027542158
3027542160
3027583023
3027584389
3027611590
3027945912
3027953331
3027954766
3027963654
3027964935
3027965859
3027965860
3027966638
3027979850
3028346240
3028353384
3028355823
3028363586
3028385172
3028392326
3028414964
3028418243
3028433104
3028434021
3028464785
3028780274
3028890875
3029829636
3029853925
3029895209
3030078988
3030281325
3030289054
3030787439
3031593256
3031604521
3031629051
3031646373
3031694649
3031752974
3031757736
3031773381
3031801395
3031869945
3032245424
3032257819
3032395881
3032628208
3032676161
3032676171
303299181
303299624
303299675
3033063699
3033063701
3033063704
3033063707
3033063710
3033063713
3033063716
3033063719
3033063722
3033063725
3033705123
3033734294
3033735641
3033737426
3033753191
3033818884
3034228937
3034233016
3034274098
3034280838
3034290764
3034299882
3034303505
3034306390
3034416858
3034643664
3034702768
3034717008
3034720049
3034781209
3034787526
3034797115
3034807937
3034807941
3034826320
3034851067
3034853110
3034887167
3034990798
3035414061
3036105621
3036121009
3036152270
3036159222
3036159618
3036162394
3036163571
3036171552
3036178517
3036179774
3036199325
3036200035
3036200063
3036200373
3036200383
3036202155
3036202229
3036206574
3036209759
3036209768
3036214939
3036224173
3036227279
3036229478
3036231025
3036629665
3036629666
3036655973
3036655974
3036656481
3036663980
3036683879
3036718907
3036726215
3036770416
3036781555
3036795562
3036813261
3036889639
3037601871
3037602751
3037623561
3037738498
3037742645
3037799283
3037875698
3037886929
3038032345
3038151095
3038154644
3038172575
3038189824
3038202820
3038203136
3038211022
3038216992
3038217196
3038234182
3038234183
3038234184
3038240976
3038245213
3038258785
3038258786
3038258787
3038259267
3038259268
3038259269
3038279817
3038332850
3038337080
3038354869
3038380446
3038381224
3038389432
3038411206
3038411760
3038441628
3038595204
3038939784
3038942763
3038942764
3038942765
3039292455
3039356510
3039538948
3039766213
3039770610
3039817345
3040311734
3040557512
3040557747
3040565265
3041865289
3041866614
3041867668
3041867982
3041874932
3041884742
3041886766
3041887786
3041887888
3041889099
3041889101
3041889102
3041894481
3041894487
3041897508
3041903918
3041904721
3041906629
3041911655
3041923239
3041923737
3041923792
3041926489
3041927026
3041937860
3041939617
3041942293
3041955929
3041958894
3041959940
3041962737
3041965557
3041967421
3041968459
3041979038
3042001953
3042020400
3042041022
3042117986
3043081881
3043093334
3043102750
3043120361
3043263830
3043288264
3043459677
3043587799
3043591090
3043596223
3043914893
3043920212
3043937618
3043968405
3044055554
3044058684
3044073872
3044074917
3044075551
3044118851
3044118852
3044118853
3044168343
3044203006
3044204967
3044250265
3044260086
3044295229
3044358384
3044358476
3044360803
3044378873
3044407014
3044481274
3044493125
3044511594
3044551298
3044589180
3044626677
3044633568
3044874968
3044883264
3044891909
3044897349
3044905162
3044907676
3044946041
3044946044
3045007765
3045007775
3045010023
3045030825
3045042260
3045065280
3045180671
3045260606
3045262073
3045267762
3045268234
3045286774
3045300609
3045581950
3045581951
3045581952
3045599560
3045605860
3045777366
3045833001
3045835719
3045836544
3045840421
3045842102
3045891520
3045915785
3045925816
3045925818
3045990452
3046000216
3046001897
3046002514
3046006563
3046013570
3046016458
3046021351
3046023660
3046028278
3046029891
3046162948
3046214662
3046235883
3046432381
3046543489
3046576398
3046589487
3046601080
3046620300
3046666226
3046700535
3046703196
3046720496
3046726117
3046735052
3046738564
3046759755
3046841438
3046846853
3046900119
3046901690
3046901692
3046932708
3046973507
3047046598
3047161142
3047162203
3047179644
3047192921
3047200371
3047220634
3047220938
3047244992
3047246411
3047270801
3047290060
3047455818
3047456023
3047460791
3047733018
3047741599
3047995150
3048130798
3048130876
3048141220
3048181677
3048214332
3048302014
3048302016
3048303280
3048303281
3048303282
3048304988
3048309733
3048347228
3048360334
3048360335
3048360336
3048361785
3048361786
3048363294
3048363296
3048371173
3048371202
3048382264
3048382265
3048382266
3048420296
3048438114
3048506554
3048655647
3048662692
3048662693
3048662694
3048677324
3048779373
3048786155
3048809714
3049295957
3049733729
3050043040
3050081536
3050097639
3050098891
3050103438
3050111203
3050279638
3050413125
3051066935
3051096825
3052119262
3052598954
3052598955
3052598956
3052611295
3052623743
3052641301
3052649231
3052651660
3052810841
3052846801
3052858126
3052860913
3052860915
3052862450
3052906389
3052917674
3052925505
3052929972
3052952413
3052969056
3052994011
3053018071
3053036398
3053043803
3053541256
3053541259
3053541443
3053653052
3053690128
3053692944
3053733722
3053903247
3053903248
3054465555
3054465556
3054465557
3054478744
3054479224
3054479225
3054673727
3054723627
3054737592
3054949552
3055367699
3055475279
3055620805
3055656868
3055667747
3055675939
3056115787
3056224330
3056750811
3057115484
3057151263
3057288782
3057426991
3057426993
3057648638
3057853401
3057880996
3058034315
3058060705
3058075950
3058088554
3058105294
3058118000
3058119436
3058145017
3058204291
3058204293
3058205291
3058206603
3058352100
3058353967
3058353968
3058353969
3058355296
3058369748
3058370256
3058370257
3058370259
3058371055
3058373215
3058373662
3058381786
3058381788
3058386194
3058386196
3058386320
3058386322
3058391044
3058395437
3058398312
3058398316
3058405268
3058417657
3058417658
3058417659
3058419988
3058419989
3058427991
3058431705
3061021811
3061022345
3061028029
3061043850
3061054311
3061054313
3061061170
3061061216
3061074677
3061075511
3061156146
3061243475
3061267734
3061275705
3061275716
3061279643
3061285602
3061308696
3061312188
3061313005
3061316916
3061332168
3061332183
3062002608
3062002710
3062003067
3062051856
3062091787
3062346817
3062346819
3062366566
3062366568
3062366569
3062367801
3062367918
3062368614
3062368673
3062369732
3062369746
3062370294
3062370733
3062370742
3062371863
3062372680
3062372686
3062429000
3062431283
3062468598
306273651
3062773490
3062799653
3062805001
3062836221
3062836998
3062837287
3062922877
3063004460
3063020559
3063031024
3063035140
3063210182
3063217076
3063237815
3063256028
3064749069
3064761186
3064765428
3064766594
3064767839
3065061896
3068121999
3068180656
3068284898
3068335498
3068335499
3068335500
3068336027
3068336028
3068336029
3068348270
3068348491
3068395641
3068425844
3068465587
3068468000
3068504279
3068538851
3068620106
3068627869
3068640886
3068682543
3068682545
3068682547
3068683933
3068683935
3068683937
3068695145
3068696401
3068704566
3068704568
3068704588
3068732856
3068732857
3068732858
3068736258
3068743954
3068743955
3068743956
3068747726
3068751924
3068751925
3068752459
3068752460
3068755417
3068755418
3068755419
3068760635
3068760636
3068760637
3068764910
3068764911
3068764912
3068766946
306984557
3069888989
3069893412
3070001552
3070130552
3071507071
3071574145
3071596893
3071606272
3071621720
3071635443
3071643386
3071652866
3071680244
3071704504
3087195800
3106727826
3106760953
3106760954
3106773379
3106781622
3106782525
3106783029
3106821407
3106821409
3106923217
3106940887
3106943538
3106945344
3106946071
3106950623
3106953273
3106955528
3106959662
3106964231
3106968248
3106973827
3106975254
3106975481
3106975868
3106994725
3107011009
3107011010
3107011011
3107068005
3107100026
3107124695
3107127628
3107182842
3107188802
3107217265
3107628687
3108353727
3108879138
3110814956
3110815113
3110815114
3110911810
3110976641
3111153567
3111251445
3111259557
3111262198
3111267417
3111281586
3111303618
3111337416
3111337877
3111338391
3111343257
3111346453
3111354082
3111366051
3111387603
3111394325
3111395592
3111395596
3111414421
3111430677
3111434314
3111437953
3111495719
3111498714
3111850373
3111874246
3111875512
3111877055
3111879728
3111891478
3111913896
3111920445
3111921495
3111955682
3111960046
3112141776
3112174181
3112277438
3112277440
3112278546
3112286142
3112289133
3112289134
3112289135
3112289137
3112293585
3112293892
3112293894
3112293895
3112309411
3112375686
3112400462
3112403393
3112412617
3112453372
3112461546
3112461896
3112463960
3112499452
3112521891
3112541699
3112549397
3112558774
3112560028
3112588529
3112598444
3112617578
3112629619
3112639323
3112646534
3112659454
3112663447
3112667005
3112671826
3112723529
3112728607
3112741143
3112755352
3112830808
3112856027
3112863401
3112868536
3112875004
3112885310
3112940785
3112960248
3112964637
3113038825
3113068174
3113071481
3113150188
3113155505
3113160531
3113160534
3113168487
3113197492
3113229868
3113362334
3113451438
3113462628
3113462629
3113462630
3113478912
3113491618
3113498449
3113506931
3113507366
3113507623
3113521190
3116754533
3116763125
3117040505
3117043278
3117051084
3117051085
3117051086
3117052721
3117063545
3117063549
3117063553
3117063557
3117319127
3117636347
3117647601
3117647602
3117647603
3117702343
3117708790
3117715047
3117715049
3117767262
3117803256
3117892950
3117893201
3117903293
3117924872
3117924874
3117955355
3117995881
3118008926
3118018317
3118018319
3118080013
3118081890
3118081893
3118081895
3118083390
3118087941
3118094109
3118098661
3118116478
3118122025
3118124537
3118197647
3118292267
3118292271
3118297434
3118300098
3118314145
3118322003
3118325708
3118327099
3118332032
3118332034
3118336420
3118344916
3118346825
3118373415
3118412956
3118440736
3118446977
3118457958
3118458132
3118458134
3118458136
3118470742
3118472554
3118479203
3118490732
3118496299
3118497581
3118612058
3118615556
3118630013
3118668213
3118669371
3118673115
3118674960
3118674962
3118677567
3118709368
3118712825
3118713456
3118715979
3118715980
3118715982
3118717327
3118732240
3118732701
3118732703
3118743774
3118748156
3118748158
3118752618
3118760025
3118760026
3118760027
3118761111
3118770732
3118770733
3118770734
3118772549
3118772551
3118801694
3118805411
3118805412
3118805413
3118808410
3118808421
3118813831
3118813835
3118828443
3118828445
3118830559
3118830561
3118832603
3118832604
3118832652
3118834296
3118834297
3118834298
3118851648
3118861163
3118861165
3118861167
3118876004
3118876005
3118876006
3118878956
3118882959
3118882960
3118882961
3118883081
3118884239
3118884241
3118888836
3118888838
3118888851
3118906461
3118907240
3118907242
3118907283
3118908503
3118924072
3118927564
3118938235
3118938236
3118938237
3118954261
3118968862
3118968863
3118968864
3118969304
3118984544
3118985181
3118998726
3119005573
3119005576
3119005579
3119017485
3119017486
3119017488
3119018867
3119033128
3119033132
3119044415
3119044417
3119044418
3119054403
3119054407
3119055065
3119070874
3119071214
3119071215
3119071217
3119102948
3119102950
3119102952
3119159341
3119159368
3119166675
3119174079
3119175133
3119184386
3119184388
3119196126
3119196189
3119196191
3119204870
3119204871
3119204873
3119211170
3119211172
3119211174
3119252165
3119252169
3119255966
3119255968
3119255970
3119278429
3119278431
3119278433
3119280341
3119280342
3119301804
3119322259
3119322260
3119322261
3119379182
3119379186
3119404633
3119431552
3119431554
3119432214
3119432218
3119443728
3119446738
3119447051
3119481802
3119481804
3119481806
3119496158
3119503685
3119509793
3119509799
3119522494
3119522495
3119522496
3119525619
3119525625
3119548768
3119580991
3119586747
3119586749
3119589144
3119589146
3119589794
3119627152
3119627153
3119627154
3119664391
3119683658
3119683660
3119697670
3119697672
3119703143
3119715067
3119729021
3119729024
3119749596
3119752468
3119753360
3119753364
3119774158
3119774159
3119788657
3119788659
3119793016
3119793017
3119793018
3119794276
3119795766
3119795767
3119795768
3119805043
3119805044
3119820355
3119820356
3119820357
3119834542
3119834544
3119835557
3119835558
3119835559
3119836286
3119847301
3119850521
3119856882
3119856883
3119856884
3119876198
3119876200
3119876202
3119887320
3119887323
3119887325
3119894491
3119894497
3119953457
3119953463
3119956924
3119956930
3119973691
3119973916
3119973921
3119977208
3119977214
3119980358
3119983244
3120006047
3120017665
3120017669
3120017673
3120025001
3120025058
3120050948
3120078663
3120093749
3120093751
3120093753
3120095369
3120095370
3120095763
3120095765
3120100795
3120100797
3120108464
3120126507
3120130036
3120132843
3120132847
3120141170
3120181569
3120184860
3120204103
3120204105
3120270883
3120270884
3120270885
3120273084
3120275208
3120275210
3120275212
3120285139
3120292319
3120294076
3120295525
3120295526
3120331460
3120333309
3120336149
3120336151
3120367898
3120371294
3120381148
3120386105
3120391281
3120394552
3120405238
3120405242
3120451944
3120462916
3120462918
3120462920
3120472905
3120492159
3120542129
3120553357
3120555182
3120555183
3120555227
3120605852
3120605855
3120608644
3120646262
3120648674
3120667496
3120667497
3120673065
3120673066
3120673067
3120682776
3120682777
3120682778
3120683440
3120684897
3120684903
3120685834
3120687171
3120687992
3120687994
3120694228
3120704349
3120704350
3120704351
3120709667
3120710629
3120710750
3120710751
3120711587
3120711588
3120711589
3120712772
3120715287
3120715289
3120720393
3120720394
3120720395
3120725145
3120725146
3120725147
3120732825
3120734807
3120734808
3120766775
3120779916
3120781987
3120781988
3120781989
3120786385
3120796436
3120796438
3120796503
3120810710
3120818039
3120818040
3120818042
3120845813
3120848097
3120848102
3120849929
3120859399
3120859402
3120859405
3120860590
3120860595
3120866329
3120866330
3120866331
3120868750
3120868753
3120868755
3120885304
3120885310
3120896691
3120896693
3120900382
3120906056
3120906061
3120914215
3120915618
3120915621
3120920580
3120920586
3120921160
3120921166
3120930140
3120930145
3120959089
3120962565
3120969813
3120976061
3120978177
3120978178
3120978179
3121026733
3121034439
3121035588
3121050454
3121050455
3121050456
3121053833
3121053834
3121053835
3121061316
3121063227
3121067777
3121071953
3121078830
3121085400
3121089641
3121105257
3121105343
3121109325
3121143411
3121151241
3121153270
3121155710
3121163740
3121166153
3121201235
3121226103
3121235177
3121290328
3121298119
3121298120
3121298121
3121298241
3121316081
3121316491
3121319064
3121323109
3121323123
3121324778
3121324899
3121349415
3121350049
3121367897
3121371625
3121371626
3121380464
3121386720
3121389370
3121389371
3121389372
3121401597
3121406442
3121410917
3121415178
3121415179
3121415180
3121417388
3121417389
3121417390
3121426906
3121431607
3121431611
3121434556
3121451314
3121457471
3121465379
3121470031
3121471698
3121475241
3121509906
3121514801
3121525575
3121544047
3121562688
3121565857
3121573405
3121576100
3121580610
3121584826
3121649224
3121656138
3121669594
3121670070
3121670668
3121670835
3121671555
3121674012
3121718256
3121733823
3121736781
3121736782
3121736783
3121748588
3121765872
3121765874
3121784714
3121804267
3121804271
3121846930
3121851503
3121866329
3121874182
3121907787
3121916691
3121916692
3121916693
3121918226
3121969660
3121974736
3121983410
3121983411
3121983412
3121997369
3121997370
3122018572
3122037866
3122037867
3122037868
3122040175
3122042980
3122061834
3122066339
3122066340
3122066341
3122069162
3122075385
3122075408
3122077166
3122077858
3122079229
3122094900
3122097031
3122099490
3122105690
3122105692
3122106300
3122106301
3122116816
3122116817
3122116819
3122122394
3122126315
3122129941
3122136115
3122143638
3122148201
3122154976
3122163559
3122163561
3122163597
3122166452
3122166454
3122166456
3122170285
3122172370
3122172374
3122183253
3122186717
3122186719
3122203392
3122205529
3122209104
3122209106
3122209108
3122224992
3122224994
3122230929
3122230931
3122233514
3122233628
3122243423
3122254966
3122260157
3122260160
3122270662
3122270665
3122270666
3122285991
3122286263
3122303463
3122303841
3122303845
3122315663
3122324287
3122324290
3122339814
3122341558
3122357119
3122358784
3122360123
3122365951
3122365956
3122374526
3122374532
3122379202
3122394071
3122394072
3122394073
3122412699
3122412703
3122414136
3122417652
3122418354
3122437449
3122437450
3122437451
3122446462
3122446896
3122446897
3122446900
3122452522
3122452526
3122464535
3122464538
3122478788
3122484621
3122484623
3122484624
3122504813
3122504816
3122510620
3122510621
3122510622
3122532181
3122532191
3122532193
3122534125
3122534127
3122534129
3122564847
3122565779
3122567814
3122574393
3122579536
3122587376
3122591077
3122591579
3122591581
3122591583
3122591818
3122593369
3122593370
3122593371
3122599807
3122602632
3122602740
3122602742
3122602744
3122612334
3122612694
3122614498
3122614499
3122614500
3122622304
3122622305
3122622306
3122624706
3122636551
3122636552
3122638934
3122652621
3122659467
3122659468
3122666729
3122677707
3122685572
3122685573
3122685574
3122691358
3122692734
3122703973
3122708072
3122724095
3122724096
3122739597
3122739599
3122815261
3122815263
3122815265
3122834575
3122834578
3122834581
3122843416
3122843419
3122843422
3122852011
3122895363
3122915667
3122919642
3122919645
3122919647
3122932498
3122932503
3122942239
3122942241
3122942243
3122965934
3122965937
3122965940
3122966407
3122966412
3122966414
3122980773
3122980776
3123004886
3123011332
3123022563
3123022566
3123026573
3123026574
3123026575
3123060627
3123065087
3123084316
3123084318
3123084320
3123085142
3123086602
3123103314
3123147351
3123147353
3123154501
3123178779
3123188495
3123205136
3123207160
3123222990
3123223082
3123233347
3123233766
3123233941
3123235751
3123247429
3123249292
3123255948
3123278772
3123284226
3123286969
3123286971
3123294349
3123297925
3123350837
3123351336
3123351338
3123351340
3123351928
3123353378
3123353380
3123353381
3123358148
3123362326
3123382423
3123384445
3123384536
3123394286
3123399310
3123487881
3123489761
3123703286
3123727072
3123732294
3123754051
3123803002
3123803598
3123807264
3123827330
3123827331
3123827332
3123841345
3123896894
3123903017
3123906128
3123909260
3123972032
3123978336
3123988644
3123988646
3123995137
3123995138
3123995139
3124004174
3124009291
3124009293
3124018147
3124018150
3124022500
3124022501
3124044558
3124045640
3124047913
3124047915
3124047917
3124049910
3124060743
3124061832
3124070548
3124071089
3124071099
3124071917
3124072396
3124072429
3124129682
3124142297
3124153089
3124154601
3124224741
3124252073
3124271428
3124279687
3124291554
3124303575
3124303580
3124305899
3124322165
3124358947
3124425775
3124460512
3124481959
3124490393
3124500537
3124517834
3124565455
3124622554
3124640994
3124645884
3124650401
3124654465
3124656747
3124659053
3124661532
3124665990
3124686434
3124687507
3124687764
3124688733
3124691802
3124698267
3124701966
3124702514
3124703466
3124703865
3124711640
3124771613
3124781228
3124851764
3124869654
3124872141
3124899877
3124907152
3124907153
3124907154
3124926968
3125004958
3125117791
3125134924
3125146061
3125161765
3125326583
3125429610
3125432808
3125439663
3125444150
3126507710
3126508232
3126508233
3126508234
3126531441
3126565589
3126571128
3126574110
3126578965
3126582150
3126583028
3126584883
3127781128
3127781129
3127781130
3128620872
3128879033
3128890332
3128941612
3128943456
3128953391
3128966886
3128999727
3129151571
3129241365
3129285030
3129360979
3129387324
312940120
3129426710
3129456776
3129499297
3129577546
3129577548
3129585583
3129610539
3129614835
3129641511
3129682402
3129682933
3129945096
3129983930
3129983931
3129983932
3130370544
3130908445
3131096195
3131205412
3131298979
3131866012
3131960759
3132339894
3132341191
3132345976
3132415340
3132423713
3132430041
3132437169
3132442069
3132459536
3132467994
3132482133
3132525699
3132528558
3132535858
3132551537
3132566743
3132583257
3132585610
3132592013
3132603598
3132619016
3132619196
3132622039
3132627518
3132627520
3132631290
3132674548
3132687898
3132707644
3132737107
3132747904
3132751978
3132754576
3132756438
3132780466
3132781234
3132787834
3132801230
3132819453
3132824384
3132835317
3132865904
3132874860
3132876972
3132883749
3132930242
3132942599
3132948525
3132953191
3132958652
3132979276
3132991762
3133004005
3133018401
3133030237
3133030238
3133033353
3133037176
3133038223
3133048426
3133054083
3133089894
3133093308
3133093433
3133098083
3133114743
3133137358
3133159791
3133159792
3133159793
3133161567
3133216453
3133382592
3133402825
3133406454
3133414467
3133417619
3133421410
3133421413
3133421965
3133431392
3133458610
3133458612
3133471435
3133494468
3133497763
3133503825
3133516332
3133521758
3133523067
3133523171
3133524161
3133534214
3133549735
3133549739
3133596191
3133614192
3133614702
3133616106
3133647767
3133653142
3133655992
3133751050
3133751052
3133751053
3133774460
3133775140
3133786701
3133786705
3133789159
3133815694
3133825777
3133833591
3133838116
3133872514
3133874731
3133903997
3133923599
3133980880
3134015099
3134031050
3134032133
3134032134
3135310078
3135315604
3135935451
3135935869
3135942662
3135955625
3136001941
3136002781
3136076361
3136107681
3136139517
3136188608
3136478032
3136482680
3136486803
3136510083
3136543625
3136568698
3136584273
3136584274
3136584289
3136588876
3136597043
3136604627
3136604628
3136604629
3136651102
3136850822
3136871516
3136875155
3137118236
3137118414
3137251189
3138134323
3138140850
3138148966
3138194375
3138200023
3138235492
3138241936
3138456759
3139132680
3140187417
3140242359
3140247167
3140250340
3140251546
3140252489
3140413493
3140456427
3140504539
3140734001
3140751966
3140751967
3140751968
3140761988
3140764253
3140764418
3140768464
3140772089
3140779427
3140779429
3140779431
3140780360
3140787903
3140806287
3140825963
3140826341
3140871614
3140927352
3140927354
3140934863
3140953351
3140964965
3141018274
3141056394
3141856933
3141907317
3141920015
3141921103
3141942885
3141942898
3141951294
3142335011
3142354793
3142403805
3143163238
3144754989
3144802049
3145244279
3145265899
3149032460
3150966504
3150994950
3151354343
3153853215
3155111786
3155133791
3155741034
3155742614
3155744851
3155744853
3155752348
3155767414
3155783028
3155792215
3155809370
3155916860
3155951576
3155969737
3155974492
3156005664
3156048157
3156077721
3156100809
3156102416
3156211615
3156373479
3156486376
3156495799
3156557458
3156629648
3156629652
3156674490
3156682860
3156804626
3156890933
3156918019
3156921206
3156921208
3156921209
3156921681
3156978298
3157026403
3157043928
3157048314
3157051924
3157056480
3157069588
3157069591
3157069594
3157087258
3157124750
3157172958
3157208878
3157226307
3157236301
3157236708
3157412367
3157693008
3157696248
3157714905
3157714908
3157714911
3157734771
3157734774
3157734777
3157735827
3157735834
3157735975
3157735978
3157735981
3157736260
3157736263
3157736266
3157761986
3157768165
3157809992
3157823520
3157825089
3157825093
3157825096
3157831272
3157891817
3157891822
3158102352
3158181920
3158295366
3158337209
3158347299
3158358547
3158482109
3158484565
3158497519
3158497520
3158530768
3158530769
3158530770
3158562872
3158608295
3158662161
3158668749
3158714312
3158714315
3158714317
3158714489
3158729298
3158743908
3158777122
3158852670
3158863631
3158887373
3158887374
3158887375
3158931229
3158931235
3158962966
3158962972
3158969509
3158969512
3158984440
3158984442
3158984445
3158990444
3158997938
3159005489
3159014716
3159014722
3159025693
3159025699
3159030975
3159047531
3159047534
3159094880
3159094882
3159094884
3159143681
3159152140
3159152142
3159180916
3159180918
3159198184
3159198190
3159209557
3159209559
3159209561
3159222066
3159222076
3159228306
3159228309
3159237065
3159242353
3159242354
3159247941
3159249735
3159249750
3159263815
3159263819
3159267523
3159267524
3159267525
3159270930
3159275008
3159275010
3159275012
3159283208
3159283211
3159295362
3159295368
3159299813
3159301585
3159301588
3159318743
3159318745
3159360690
3159393943
3159454693
3159628229
3159709602
3159709604
3159796258
3159840006
3159840358
3159860542
3159861201
3159867862
3159868596
3159868988
3159959667
3160121425
3160124121
3160125250
3160345036
3160532421
3160825558
3160842251
3160856988
3160867371
3160875347
3160881716
3160891396
3161462306
3162330372
3162330374
3162349153
3162353088
3163435677
3163437283
3163588480
3164280698
3165145971
3165240004
3165240282
3167303692
3167306723
3171459313
3171468638
3171490800
3171494837
3171598728
3171738152
3171754564
3171756274
3171756275
3171756277
3171756371
3171756372
3171756373
3171761280
3171762865
3171762866
3171762867
3171762875
3171765488
3171766656
3171767034
3171767316
3171772304
3171772965
3171773371
3171776285
3171779088
3171779089
3171779090
3171779453
3171779454
3171779464
3171782628
3171783220
3171783221
3171792511
3171796640
3171796641
3171796642
3171796969
3171796970
3171796972
3171800106
3171804046
3171804196
3171804540
3171804541
3171804542
3171808251
3171810891
3171811379
3171811381
3171813823
3171814524
3171814525
3171814526
3171816358
3172218312
3172258342
3172267660
3172267662
3172604624
3172621852
3172622558
3173265441
3173658582
3174255681
3174268478
3174269384
3174285208
3174338328
3174352896
3174360808
3174386619
3174636495
3174643559
3174658972
3174697721
3174712591
3174745689
3174881497
3174884884
3174889336
3175205890
3175228818
3175680695
3175702330
3175702332
3175702334
3175715267
3175726008
3175727094
3179400470
3179410609
3179585134
3179601138
3179683240
3179889442
3179889446
318038189
3180437556
3180443642
3180445280
3180838219
3180853701
3180862780
3181208298
3181266479
3181350476
3181355533
3182296832
3182299872
3182306297
3182329191
3182435196
3183347986
3183347987
3183415784
3183415785
3183416871
3183429380
3184452990
3184589685
3185465082
3185506305
3185560753
3185672554
3185991775
3186033619
3186042391
3186068867
3186237982
3186275893
3186295531
3186296080
3186302711
3186318930
3186458523
3186664903
3186719188
3186779509
3186855580
3186881311
3187558201
3187710906
3187711617
3187887675
3188280214
3188311487
3188372733
3188604000
3188697190
3188850610
3188853746
3189605235
3189610347
3189682436
3189720929
3189722180
3190580548
3191763835
3192840078
3198136196
3198138507
3198160345
3198160374
3198443592
3198519240
3198587373
3198717819
3198760012
3198823894
3199008476
3199013222
3199095097
3199124291
3199131530
3199202965
3199205844
3199207138
3199211814
3199225635
3199286099
3199286327
3199286820
3199409247
3199417295
3199531708
3199658854
3199673202
3199743225
3199761342
3199769610
3199824153
319995986
3199970171
3200311112
3200484548
3200615527
3200791776
3200844469
3200848224
3200857338
3200864256
3200902598
3200933306
3200933308
3200933309
3201016705
3201025989
3201041248
3201049341
3201216248
3201367694
3201376154
3201387316
3201391647
3201413880
3201413882
3201434944
3201449110
3201454442
3201463564
3201468993
3201468994
3201468995
3201480164
3201503135
320150477
3201513771
3201543367
3201552595
3201553025
3201919748
3204016186
3204016188
3204016189
3204016207
3204172391
3204237657
3204238665
3204243774
3205276095
3209084230
3211550933
3211550948
321164419
3211646159
3211666919
3211675980
3211701874
3211701876
3211703005
3211703006
3211703007
3211724023
3211724025
3211734130
3211738439
3211738441
3211742717
3211753076
3211766142
3211773802
3211779892
3211790569
3211790927
3211803529
3211810698
3211816753
3211832961
3211832962
3211832963
3211837279
3211841912
3211843315
3211843316
3211843317
3211846909
3211847236
3211882662
3211882663
3211882664
3211915535
3211916396
3211921889
3211921891
3211921893
3211926579
3211928071
3211928072
3211928073
3211932620
3211938348
3211952027
3211952040
3211957835
3211957965
3211966874
3211966877
3211966880
3211980322
3211987143
3211987149
3211994176
3212000719
3212000723
3212004006
3212009082
3212018073
3212018622
3212022864
3212036632
3212036634
3212036636
3212045217
3212045218
3212045219
3212046110
3212060186
3212077191
3212077195
3212079888
3212079890
3212079892
3212084085
3212089026
3212089029
3212089264
3212089283
3212089465
3212089467
3212089470
3212100766
3212107234
3212118062
3212129586
3212134438
3212134441
3212136210
3212140582
3212142915
3212151540
3212152429
3212152431
3212153204
3212161582
3212169422
3212170213
3212183612
3212185876
3212201234
3212226670
3212226672
3212236354
3212246947
3212246949
3212246951
3212262831
3212262835
3212265959
3212326567
3212342785
3212349041
3212349045
3212350466
3212366237
3212367940
3212367942
3212367945
3212375973
3212391334
3212391336
3212391338
3212392070
3212392074
3212393715
3212395589
3212406179
3212406250
3212408298
3212408299
3212413754
3212418832
3212420434
3212421713
3212429183
3212429184
3212429185
3212436515
3212438770
3212438772
3212452107
3212461264
3212461455
3212483581
3212492946
3212492952
3212500185
3212504809
3212523489
3212523493
3212537602
3212540645
3212545693
3212552359
3212552362
3212560269
3212560272
3212562299
3212562301
3212577989
3212586322
3212586323
3212586324
3212586827
3212586830
3212588894
3212592442
3212592443
3212598543
3212598545
3212638756
3212638760
3212653601
3212658802
3212658805
3212677079
3212677081
3212686425
3212686426
3212686428
3212688650
3212702933
3212704932
3212724789
3212738587
3212743529
3212743530
3212743531
3212745421
3212745422
3212750434
3212750435
3212750436
3212755977
3212757064
3212759844
3212759845
3212759846
3212781945
3212781946
3212781947
3212793558
3212793559
3212793560
3212795059
3212802129
3212803863
3212803865
3212805194
3212823204
3212823205
3212823206
3212826815
3212827182
3212827184
3212827977
3212827978
3212827979
3212836013
3212845929
3212845931
3212845932
3212847237
3212850745
3212850886
3212850890
3212867239
3212868303
3212878215
3212894631
3212901745
3212903757
3212908406
3212908410
3212908412
3212929371
3212941116
3212967071
3212968946
3212973550
3212973553
3212974968
3212975776
3212978436
3212978439
3212996459
3212996461
3212996463
3212998814
3213000051
3213016507
3213016516
3213017518
3213017521
3213017523
3213042181
3213045221
3213051284
3213055365
3213055366
3213055368
3213056350
3213066049
3213074293
3213074640
3213074643
3213074644
3213074734
3213087066
3213087069
3213087421
3213110391
3213115472
3213118999
3213119001
3213119004
3213125605
3213129018
3213129019
3213129020
3213139099
3213143172
3213143175
3213143177
3213152341
3213152346
3213156594
3213160146
3213180673
3213180677
3213180680
3213184489
3213184491
3213188664
3213190649
3213190650
3213190651
3213211407
3213212206
3213212279
3213232544
3213232549
3213255313
3213255316
3213255319
3213255741
3213257758
3213257764
3213263093
3213271657
3213277816
3213277877
3213281336
3213281338
3213281347
3213292608
3213318530
3213318532
3213318931
3213321472
3213328354
3213336807
3213342043
3213342046
3213350265
3213351455
3213351458
3213359505
3213359506
3213359589
3213361959
3213361979
3213362070
3213362071
3213362072
3213363746
3213384335
3213384336
3213390542
3213390545
3213390548
3213396339
3213406299
3213406302
3213406880
3213422381
3213429131
3213431744
3213431746
3213431764
3213440554
3213444812
3213446865
3213446867
3213446869
3213449665
3213450850
3213450852
3213450854
3213456099
3213456512
3213456607
3213465539
3213465541
3213465543
3213477754
3213477758
3213500543
3213500549
3213551427
3213551432
3213552735
3213552737
3213552739
3213553076
3213553078
3213553079
3213553219
3213561076
3213561079
3213562195
3213562198
3213562201
3213563267
3213563273
3213566136
3213566138
3213566208
3213588714
3213588717
3213588720
3213590451
3213590457
3213592045
3213592050
3213603832
3213610721
3213610724
3213614571
3213614573
3213614575
3213616976
3213616978
3213623538
3213631496
3213637086
3213643508
3213673309
3213673310
3213691094
3213691096
3213691097
3213692119
3213693130
3213693132
3213693134
3213696960
3213714764
3213758625
3213758626
3213758628
3213761547
3213761550
3213767083
3213767085
3213768573
3213781868
3213784163
3213784164
3213784165
3213790372
3213793396
3213794960
3213794964
3213799971
3213799973
3213799975
3213807187
3213807189
3213807191
3213807345
3213807346
3213807349
3213809505
3213809507
3213809508
3213814738
3213814740
3213814944
3213814946
3213814947
3213827062
3213830488
3213835474
3213838183
3213838185
3213846661
3213855162
3213855164
3213855166
3213857658
3213859036
3213864879
3213864883
3213871327
3213887236
3213910178
3213929540
3213931785
3213945993
3213952995
3213971485
3213973643
3213993951
3213993952
3213993954
3213998831
3213998833
3213998834
3213998983
3214007961
3214007963
3214007965
3214016496
3214037066
3214037070
3214047431
3214069324
3214097978
3214097981
3214097984
3214106229
3214110197
3214119766
3214128873
3214138331
3214140556
3214154347
3214154350
3214154353
3214171462
3214202336
3214202338
3214202340
3214216330
3214234209
3214235339
3214235340
3214235342
3214243534
3214243535
3214243537
3214256423
3214271281
3214283362
3214304523
3214304524
3214304525
3214320946
3214323631
3214323635
3214323724
3214323726
3214323785
3214353913
3214353915
3214353916
3214372336
3214372338
3214372340
3214375641
3214381025
3214385931
3214385932
3214385933
3214395416
3214395419
3214395421
3214426295
3214426297
3214434649
3214456385
3214479134
3214479138
3214487249
3214487253
3214488937
3214488940
3214488945
3214493253
3214501244
3214522442
3214522444
3214522446
3214532095
3214532099
3214532464
3214532466
3214532468
3214622146
3214623047
3214628980
3214683713
3214683717
3214688249
3214695927
3214695929
3214695931
3214713209
3214713211
3214713213
3214726472
3214754648
3214754651
3214758749
3214759130
3214759140
3214769538
3214772194
3214774135
3214808140
3214808142
3214808145
3214822123
3214823339
3214823341
3214832571
3214863516
3214863517
3214863519
3214879945
3214882968
3214882971
3214882974
3214887699
3214893878
3214914850
3214924370
3214924372
3214924373
3214931879
3214940563
3214940565
3214960211
3214960215
3214980184
3214980186
3214980188
3214988882
3215005688
3215005689
3215006441
3215010985
3215010986
3215010987
3215012894
3215019091
3215019093
3215038244
3215038245
3215038246
3215042867
3215042868
3215042869
3215053278
3215053279
3215053280
3215053965
3215053966
3215053967
3215087261
3215087263
3215087265
3215105337
3215105339
3215109811
3215109813
3215110356
3215119601
3215123110
3215123112
3215128488
3215128490
3215128492
3215130055
3215142603
3215142605
3215142607
3215147551
3215152605
3215168828
3215169306
3215171433
3215171435
3215171935
3215171938
3215207299
3215235706
3215235708
3215235710
3215248875
3215294635
3215294637
3215294639
3215335008
3215335010
3215335012
3215349394
3215349397
3215349398
3215361969
3215363058
3215363060
3215363062
3215367924
3215367929
3215370881
3215370887
3215374633
3215374639
3215379869
3215389327
3215389330
3215389332
3215438405
3215459965
3215459968
3215459971
3215465498
3215469203
3215489212
3215489217
3215493323
3215501120
3215501850
3215506765
3215507599
3215507603
3215508630
3215516714
3215516717
3215516720
3215519072
3215551457
3215551459
3215551507
3215567034
3215569536
3215569538
3215584942
3215584944
3215587574
3215587575
3215587576
3215593776
3215601526
3215601528
3215612049
3215663901
3215663902
3215663903
3215673526
3215685574
3215704899
3215738446
3215738450
3215738765
3215765847
3215765851
3215772401
3215772403
3215812431
3215812433
3215812435
3215813486
3215813487
3215813488
3215814849
3215862621
3215862622
3215862623
3215864289
3215864290
3215864291
3215864518
3215868302
3215868303
3215868304
3215884592
3215884594
3215892994
3215892995
3215892997
3215909880
3215909883
3215920515
3215920518
3215920519
3215922443
3215924326
3215924329
3215941281
3215941283
3215941285
3215952621
3215960925
3215960926
3215960927
3215971602
3215973490
3215983489
3215997947
3215997950
3216016859
3216016861
3216029397
3216041362
3216041365
3216041368
3216045600
3216045607
3216047017
3216048864
3216048867
3216055604
3216055606
3216055609
3216096289
3216106006
3216106009
3216106011
3216108893
3216108898
3216109435
3216166401
3216166402
3216166403
3216179476
3216179485
3216184681
3216202109
3216215374
3216218491
3216223382
3216223451
3216235490
3216243986
3216244663
3216251687
3216311609
3216372128
3216372131
3216372134
3216443536
3216452818
3216452821
3216452823
3216457101
3216470416
3216480010
3216507592
3216507596
3216507600
3216541944
3216542435
3216548451
3216548453
3216557739
3216564549
3216580659
3216586147
3216586148
3216586453
3216599552
3216599553
3216599554
3216623035
3216637532
3216638330
3216638334
3216648743
3216648745
3216650321
3216664357
3216664361
3216665551
3216666547
3216690077
3216690942
3216693998
3216694260
3216694262
3216694272
3216694314
3216704677
3216704678
3216704679
3216707772
3216707773
3216707774
3216709350
3216709351
3216709352
3216714241
3216718722
3216736059
3216736060
3216742216
3216744105
3216744109
3216766007
3216766009
3216766011
3216772379
3216784742
3216784744
3216784746
3216800431
3216816562
3216826131
3216834630
3216846503
3216846505
3216846507
3216855789
3216860007
3216861411
3216861412
3216861413
3216863073
3216863074
3216863076
3216865504
3216865507
3216881871
3216881875
3216898465
3216898466
3216898468
3216906066
3216926553
3216936928
3216936932
3216968431
3216968434
3216969914
3216979016
3216994004
3217002650
3217004528
3217004567
3217008313
3217008315
3217010844
3217010846
3217013718
3217013720
3217018139
3217019801
3217039136
3217039138
3217050383
3217058220
3217065628
3217066876
3217068798
3217087615
3217087617
3217091852
3217159960
3217159961
3217159962
3217161992
3217166646
3217166647
3217166648
3217166746
3217179471
3217182797
3217184784
3217185292
3217185294
3217186747
3217190015
3217190389
3217193128
3217194312
3217196377
3217196379
3217204467
3217207699
3217210259
3217210260
3217210261
3217213734
3217220036
3217220038
3217221313
3217221315
3217225866
3217264806
3217265066
3217266623
3217266624
3217266625
3217275232
3217494475
3217494476
3217494477
3217510432
3217510434
3217510606
3217516835
3217516838
3217516841
3217527433
3217527435
3217527438
3217539066
3217562118
3217564018
3217564020
3217564022
3217565588
3217565593
3217577866
3217577870
3217591958
3217591961
3217604626
3217604630
3217607374
3217621997
3217630600
3217630602
3217630604
3217634109
3217638032
3217662197
3217662712
3217668497
3217676998
3217677058
3217695680
3217695682
3217724563
3217724574
3217724575
3217755778
3217759124
3217797410
3217807801
3217835619
3217840427
3217842282
3217842284
3217842286
3217855674
3217856238
3217874886
3217874889
3217875425
3217885329
3217885333
3217890867
3217890868
3217890870
3217892085
3217896254
3217896257
3217905559
3217916379
3217929007
3217942018
3217942020
3218007552
3218025616
3218028845
3218028849
3218029147
3218042340
3218042342
3218042344
3218047433
3218051644
3218056951
3218057508
3218080284
3218080285
3218086981
3218086983
3218086985
3218088823
3218094057
3218094059
3218094061
3218107270
3218112516
3218128646
3218137236
3218137238
3218139183
3218139893
3218163113
3218163114
3218163115
3218177781
3218194718
3218230782
3218230785
3218230787
3218240666
3218240671
3218240674
3218241135
3218246781
3218248266
3218248271
3218248275
3218278709
3218278716
3218280773
3218280774
3218280776
3218296660
3218314894
3218314896
3218327454
3218347037
3218349353
3218349355
3218349368
3218385896
3218405183
3218408585
3218408587
3218408590
3218417844
3218417846
3218417848
3218422330
3218422333
3218422893
3218448795
3218452283
3218470359
3218474044
3218474047
3218474050
3218480036
3218480038
3218480040
3218481536
3218486275
3218486278
3218504327
3218539238
3218539240
3218539242
3218542650
3218694976
3218697457
3218697460
3218697463
3218720257
3218732072
3218732074
3218732076
3218762194
3218762197
3218762199
3218779560
3218784442
3218784443
3218784444
3218785678
3218786358
3218793298
3218793301
3218793304
3218803493
3218803496
3218803498
3218803501
3218810020
3218813477
3218828836
3218843835
3218844730
3218859160
3218881281
3218881283
3218881284
3218894800
3218894804
3218894806
3218913606
3218913610
3218931154
3218935096
3218941401
3218946180
3218946182
3218946186
3219009644
3219009647
3219009651
3219024932
3219024935
3219024937
3219026786
3219058273
3219058276
3219058496
3219069930
3219069933
3219110440
3219119311
3219119312
3219119313
3219125130
3219125132
3219125134
3219126581
3219126582
3219126583
3219138932
3219166920
3219170179
3219225887
3219259997
3219799706
3219806988
3219877084
3220201139
3220215234
3220350868
3221030679
3221030688
3221049592
3221060769
3221072647
3221109577
3221109581
3221109584
3221160092
3221160098
3221217076
3221217082
3221504971
3221504974
3221504977
3221579086
3221582207
3221582216
3221604164
3221604170
3221638870
3221638874
3221638878
3221642546
3221686943
3221686951
3221687201
3221699208
3221699213
3221699218
3221701850
3221712752
3221716348
3221742012
3221742606
3221748070
3221748077
3221763800
3221776044
3221776050
3221839354
3221860254
3221860260
3221860266
3221959900
3221959903
3221959906
3221999828
3221999839
3222018891
3222033894
3222042113
3222053785
3222053793
3222057976
3222057984
3222101063
3222101069
3222101075
3222118761
3222277291
3222277299
3222323123
3222323127
3222349504
3222373232
3222396406
3222396409
3222396412
3222478393
3222481740
3222481748
3222558513
3222590212
3223045520
3223754217
3223802378
3223822288
3223858229
3223901176
3224134788
3224373180
3224423956
3225033952
3225040900
3225046766
3225051710
3225060439
3225082222
3225336724
3225380861
3225408926
3225696791
3225912591
3226133828
3226328250
3226333005
3227044796
3227055330
3227055338
3227418017
3227427714
3228043643
3228377325
3228526935
3228538830
3228540138
3228543280
3229486418
3229990279
3230022126
3230063060
3230734812
3230781164
3230799683
3230801846
3230805551
3230805636
3233273778
3233323097
3233388930
3233427744
3233573388
323375258
3234394588
3235949538
3236083458
3236248518
3237052020
3237066691
3237066694
3237066697
3237070272
3237076139
3237076145
3241153439
3242180821
3242194396
3242632301
3242757750
3242757752
3242775177
3242775178
3242795210
3242795211
3242795212
3242798562
3243174213
3243190420
324323568
3243538131
3243538132
3243538133
3243541886
3243541887
3243541888
3243555656
3244577049
3244933597
3244939469
3244959430
3244993117
3245008094
3245035905
3245041928
3245068408
3245068411
3245096858
3245101409
3245106007
3245112982
3245127822
3245143633
3245178004
3245202342
3245204132
3245331048
3245394869
3245494094
3245500140
3245502115
3245518367
3245537016
3245537018
3245537020
3245541572
3245549176
3245590039
3245595167
3245602445
3245605780
3245628772
3245678015
3245693282
3245737705
3245780896
3245789728
3245812793
3245910176
3245931908
3245942472
3245955176
3245955588
3245971955
3245976128
3246008229
3246013180
3246024067
3246029308
3246032059
3246040715
3246501980
3246507057
3246891164
3246898265
3246900023
3246900044
3246980836
3246998888
3247017751
3247034795
3247181453
3247181454
3247196166
3247212777
3247212779
3247212781
3247214757
3247214761
3247215227
3247216179
3247216180
3247216181
3247227905
3247227908
3247230700
3247235197
3247235201
3247237821
3247248942
3247248944
3247248955
3247254023
3247275961
3247275962
3247277460
3247277462
3247278234
3247278236
3247280628
3247280630
3247293462
3247293463
3247293464
3247299454
3247299941
3247639459
3247640092
3249010316
324973246
3249751694
3249760033
3249761975
3249764121
325064041
3250758756
3250758921
3250758922
3250758923
3252490354
3252493487
3252493488
3252493489
3252510998
3252524516
3252524946
3252553440
3252554447
3252554630
3252556501
3252582288
3252924639
3252926598
3252930284
3252930286
3253335643
3253480727
3253480728
3253480729
3253901683
3253902480
3253902558
3254212811
3254214075
3254236599
3254239140
3254307667
3254318479
3254318480
3254318481
325539707
3255439801
3255444276
3255503612
3255606077
3255616468
3255656120
3255682124
3255689742
3255698897
3255710038
3255714947
3255731025
3255797111
3255805074
3255814082
3255850822
3255885582
3255951111
3256006648
3256034693
3256035412
3256076988
3256078963
3256095702
3256116865
3256253089
3256301538
3256657757
3257531002
3257542150
3257564612
3257570964
3257573527
3257573530
3257590722
3257590724
3257616274
3257642499
3257645116
3257667712
3257668377
3257673703
3257692389
3257719176
3257867485
3257868421
3257912194
3257950985
3258257449
3258319443
3258388148
3258424770
3258463949
3258465506
3258473912
3258475926
3258487694
3258496391
3258497131
3258497133
3258501431
3258501967
3258502515
3258502517
3258505493
3258505582
3258507344
3258507811
3258509461
3258510843
3258512337
3258515975
3258551455
3258552187
3258581944
3258581946
3258593518
3258599549
3258606455
3258614706
3258622463
3258630840
3258635766
3258673453
3258674321
3258707909
3258716136
3258718550
3258746044
3258772911
3258793375
3258802589
3258808252
3258815103
3258864234
3258864908
3258897957
3258914640
3258932926
3258934074
3258937926
3258971989
3258972558
3258972559
3258972560
3258972569
3258977313
3258977316
3258977319
3259023859
3259023860
3259023861
3259033038
3259047803
3259053762
3259112838
3259125184
3259155561
3259157780
3259170954
3259173582
3259444507
3259462997
3259462999
3259464484
3259464485
3259464486
3259465653
3259471075
3259472170
3260168815
3260174973
3260432974
3260436921
3260436979
3260440954
3260457246
3260754386
3260754387
3260754388
3260756389
3260756390
3261045609
326414952
327193001
327317963
328525369
328844230
332011988
333461391
333939710
333967896
334101766
336012830
336309069
342353424
342355473
342811846
343918597
345048769
346921920
351595275
353544509
357596656
357598342
357600300
359251504
359287232
359289754
359347132
363648291
365293079
365425031
372100945
373228190
373889219
379652230
380452086
380501078
380884204
383357121
383510643
384070354
385870147
386423299
387857361
388010151
388442546
388485598
388486966
388529312
389676575
389765589
389788386
389823802
389830515
389835188
389880381
390189919
390417780
392607276
392643917
392644207
392674383
392702270
392707771
394445508
397890325
398225687
39983343
402497641
402498083
404559454
404586075
404668729
405105322
405555050
406874601
407205917
408487159
409226008
409235962
410382823
410563732
410893591
425711153
425728648
425755684
427349441
427371142
428003153
428012006
428016862
428021447
428245871
428271937
428677983
429502509
440173379
441749239
443331021
445971720
446043362
446073466
446272765
446281812
446335285
446335286
446335288
446335289
446335290
446335291
446335292
446335293
446335294
446335295
446335296
446335299
446335300
446335301
446335302
446335303
446335304
446335306
446335307
446335792
446335793
446335794
446335795
446335798
446335800
446335801
446335802
446439375
446439376
446523535
446523537
446523538
446548706
446548750
446548751
446548771
446548772
446548773
446548774
446548775
446548776
446548777
446548778
446548779
446548780
446548781
446548782
446548783
446548784
446548785
446548786
446658840
446658841
446658842
446658843
446658844
446658845
446658846
446658847
446658848
446658849
446658850
446658851
446658852
446658853
446658854
446658855
446658856
446658857
446658858
446658859
446658860
446658861
446658862
446658863
446658864
446658865
446658866
446658867
446658868
446734422
446734423
447086593
447089787
447111871
447117506
452110206
456352964
456877348
459942006
460133727
460161924
460162109
460169999
461487895
46197946
464283018
472140880
472143765
474478649
474663056
479897178
480035187
480055584
480196469
480612728
480705781
480762503
484580920
487827336
487904238
487917236
487939670
487959105
487968137
487993487
488013813
488038815
488056264
488065239
488076095
488090176
488096862
488106756
488107311
488114312
488118396
488129098
488336337
488629342
488691477
488721775
488751604
488757047
488757390
488793232
488818212
488818214
488821197
488826460
488835389
488843695
488866109
488869271
488882888
488886127
488889317
489045943
489049186
489083083
489083238
489111324
489111326
489111328
489210619
489215581
489251570
489281864
489405992
489555153
489555155
489572976
489663837
489670534
489681724
489687756
489697926
489741578
489904369
489952183
489956454
489984082
490052986
490052989
490052996
490054012
490054014
490057227
490060409
490079152
490081216
490081219
490321320
490418171
490437184
490447507
490457943
490515630
490582906
490588011
490617990
490625157
490627459
490735130
490762547
490763842
490848358
490848681
490880197
490886925
490918657
490950161
491066749
491130450
491134374
491138419
491152547
491169523
491174264
491342836
491359773
491409616
491419391
491501238
491501497
491535039
491621014
491621015
491621016
491622358
491662726
491667797
491685909
491856067
492233289
492295021
492458058
492470240
492496115
492502775
492734170
492817750
492834533
492876065
492941045
493093583
493106102
493106105
493203117
493271369
493286873
493313326
493372649
493383756
493390449
493390450
493390451
493392230
493440668
493445475
493550035
493571236
493586024
493771590
493771591
493779066
493798249
493813817
493822851
493983217
494019669
494069854
494071794
494073464
494126071
494157015
494226469
494314095
494354924
494409708
494498265
494534694
494629334
494648318
494654671
494760029
494760030
494760031
494779851
494924528
494962465
495078680
495085361
495172976
495212128
495262739
495262742
495413233
495416027
495433901
495478572
495480603
495481921
495493130
495548841
495548842
495549830
495549831
495549833
495553086
495553087
495556304
495556622
495611059
495665908
495667007
495680094
495680096
495680098
495693932
495698734
495740651
495780178
495807619
495891208
495906865
495907963
495917502
495932596
495967156
495981452
496016748
496017837
496022479
496056619
496113705
496116105
496150321
496152820
496239399
496253911
496271381
496417381
496420056
496443018
496443020
496457481
496460359
496475523
496543980
496584080
496584084
496659116
496674899
496688680
496688689
496751045
496773863
496889589
496925533
496931990
496932701
497064589
497070059
497204605
497229362
497229363
497245924
497267742
497295889
497319118
497327750
497328193
497413341
497424018
497424019
497424020
497426452
497444075
497464944
497473423
497502176
497502270
497511566
497512140
497546020
497644359
497702649
497750579
497788126
497809779
497850993
497861887
497902348
497918817
497975506
498002122
498072546
498073719
498110150
498138928
498156662
498161406
498176972
498265433
498273909
498337565
498337567
498368343
498369207
498491275
499177514
499183397
499242717
499244472
499305361
499305362
499323134
499341517
499377229
499486548
499487893
499504149
499520917
499547669
499548438
499564047
499566842
499627989
499673308
499697335
499836136
499861703
499864587
499905573
499913112
499921446
499935266
499968585
499994303
499999433
500013557
500033334
500036417
500036418
500036419
500037872
500122057
500156828
500204996
500211470
500263391
500290832
500473987
500669957
500670755
500719219
500772037
501006949
501042485
501113967
501113968
501179118
501209985
501218018
501222191
501263626
501291065
501351286
501362718
501370127
501376505
501376506
501376507
501407333
501447984
501462866
501498841
501498980
501502845
501524486
501551138
501570787
501594712
502037888
502207234
502298364
502446657
502581937
502614937
502621137
502691597
502693621
502693626
502759787
502765109
502765111
502786609
502818226
502843861
502868896
502980385
503021771
503022876
503024860
503049621
503050749
503050750
503050751
503054134
503054135
503054136
503064778
503065221
503065272
503088453
503088776
503088777
503088778
503089641
503135390
503216863
503227249
503314892
503326448
503346777
503361347
503362894
503388115
503398060
503402394
503419663
503450568
503470575
503473791
503501445
503506279
503574421
503597268
503599281
503687673
503740994
503786253
503788293
503798058
503809955
503827614
503841924
503877999
503898762
503905142
503905143
503905144
503905826
503910573
503910575
503913242
503921714
503932583
503961565
503984607
503984612
503990466
504061927
504090970
504156995
504200162
504254847
504323301
504324173
504410535
504443440
504479114
504491412
504552641
504554007
504555855
504558705
504586207
504609363
504706586
504760431
504769069
504786975
504839101
504869641
504896860
504912387
504912389
504931569
504940880
504963515
504967818
504968750
504969441
504970005
504971420
504971421
504971422
504972024
504987581
504987582
504987583
505005148
505006364
505008430
505013725
505014671
505026299
505042752
505054175
505141922
505142728
505168283
505193409
505219782
505261458
505293665
505352297
505352299
505396022
505409888
505425393
505460770
505463360
505475695
505477971
505921081
505923518
506240409
506240410
506240411
506282902
506302241
506360893
506374201
506376116
506378481
506378558
506393238
506406380
506406383
506423193
506423194
506436888
506990904
507012447
507019359
507023401
507024748
507029592
507033317
507036830
507046953
507049288
507051589
507053660
507053709
507056159
507135912
507740831
507750035
508139595
510833984
510945860
511013717
511024130
511286337
511647369
511657833
511664666
511748920
511753054
511754683
511759022
511759834
512454717
513470173
513478702
513483546
513802348
513837125
513867698
514404201
514432054
514899707
515067799
515069146
515088244
515104751
515107593
515263912
515298640
515306738
515306741
515306756
515372221
515382063
515608944
515620943
515667851
515673085
515730294
515915902
516019041
516024365
516065837
516105076
516105077
516105078
516129672
516138906
516139807
516139808
516139809
516147331
516219612
516219613
516223200
516223201
516223202
516350886
516350887
516350888
516357443
516358644
516359556
516359557
516359558
516373176
516440051
516452164
516530403
516531183
516535574
516581797
516592525
516610718
516621187
516630476
516646341
516647406
516648404
516652410
516654204
516689398
516859323
516906598
516962208
517016513
517016515
517016517
517024419
517026419
517030987
517057196
517073713
517084728
517101223
517154071
517195179
517195181
517196041
517196042
517196043
517300142
517335590
517338004
517372514
517372515
517372516
517390957
517390958
517390959
517394390
517414324
517414325
517422745
517448105
517448108
517483324
517485357
517485359
517492877
517516794
517520525
517581042
517581043
517581044
517618873
517620715
517620717
517620725
517630349
517657253
517663163
517739101
517842912
518009995
518023621
518045674
518047317
518140293
518187781
518209947
518209948
518216023
518239369
518266909
518266911
518373627
518380310
518434436
518434437
518502646
518644355
518706179
518710678
518710680
518768954
518776480
518776481
518776482
518804660
518806247
518821066
518832716
518832731
518891449
518913962
518930955
518945302
518958205
518976462
518976463
518976464
518984259
519053028
519060894
519663575
520865655
520865656
521040312
521053577
521067309
521959811
521960704
521985673
522000583
522040182
522047397
522083576
522094872
522094875
522102766
522152389
522186861
522192409
522416392
522729465
523388497
523601370
523691057
523973700
524070485
524081012
524111101
524129450
524245509
524346593
524379898
524427929
524678240
524859053
526994507
527034682
527074703
528962113
529131438
529131439
529138235
529143699
530765733
534569037
536893051
537387430
537943523
542058972
543438761
544645220
544662717
544774455
544776221
544857829
545086609
545378725
545442801
545448039
545456475
545463462
545599882
545606061
545652465
546160395
546160396
547195604
547231062
547246724
547452693
547476109
547781467
547802523
547882915
547882916
548169124
548786315
550260189
550694592
550925275
550925438
550979432
551011848
551262314
551330533
551331830
552221029
552223034
552346747
552367065
552406999
552428054
552500037
552511775
552649090
552727786
553027599
553729406
553741175
553770173
553798597
553882493
553882495
554123768
554671203
554671206
556601446
557416387
557416389
557682233
557682496
55773424
558500350
558688951
558692636
559037473
559037474
559037475
560890737
562950937
562972352
562978846
563058426
563059907
563119124
563127073
563132532
56314457
563208750
563237965
563454715
563467442
563474158
563520755
563528680
563543893
563549499
563575820
563817882
563893565
563987118
563998029
564002635
564729724
564739100
564885796
565826190
565836480
565841423
565841685
565866613
566040047
566234631
56687488
567416075
567779347
568398924
568399014
56910790
570725531
570725912
570754118
571921410
573458646
573475690
573996395
574451302
574451303
574451308
574451313
574451314
574451320
574451321
574451328
574451329
575392675
576865188
576865189
582975067
584587997
588198713
588198714
589591540
594835784
595910782
595959997
595977139
596028372
596084096
596089976
596115999
596178545
596182449
596196869
596204102
596209080
596280392
598894314
602256281
602595366
610425095
611764334
611790573
611871548
611940740
617768616
618753429
618823770
625319479
627779218
630370680
630763685
630769402
630770825
630782298
630950492
632830497
633371671
633545285
633893066
633970037
635650891
635650892
635656866
636343235
636786782
636840666
637500521
639173499
639239243
639267616
639461695
639469116
639565137
639780387
639914730
640062595
640080736
640350782
640392902
640403941
640413770
640489687
640489689
640498773
640526341
640526343
640535603
640539290
640549599
640650004
640666521
640679765
640694590
640726102
640829626
640866734
642987207
643490877
644376533
644569267
644569271
644569275
644679702
644679705
644679709
645038900
645057256
646958675
647119612
647179885
647184261
647201071
647261417
647262157
647284327
647712033
648206646
648223247
648460783
648478954
648538729
648549262
648560538
648562583
648566542
648570071
648592650
648607887
648619693
648622068
648626981
648637377
649508229
649511644
649544726
649552807
649558083
649568593
651275199
651289968
651289969
651291424
651295527
651319033
651338331
651435745
651582798
651582800
651615341
651620391
651633772
651874430
651939999
651940003
652145636
652294241
652301038
652337320
652337321
652337322
652337323
652354963
652357699
652368151
652381265
652386354
652413051
652429368
652446258
652533923
652548913
652550473
652577099
652592361
652613809
652638474
652682609
652906972
652993844
653003538
653057186
653091586
653143402
653169200
653238010
653323080
653325032
653419940
653473122
653489329
653505970
653505974
653611704
653645389
653645390
653645391
653754423
653794398
653799185
654130262
654267093
654275430
654295261
654348160
654351565
654351566
654351567
654351803
654373864
654408191
654414014
654424080
654438742
654438744
654459862
654459864
654461771
654476778
654582163
654590925
654602894
654627016
654631294
654634142
654735122
654854462
654886036
654891795
654908123
654969780
655016767
655030258
655044667
655046397
655121769
655239269
655249019
655253235
655265975
655320131
655349901
655370280
655370281
655370282
655383353
655391509
655402849
655402850
655402851
655466893
655489571
655502725
655504937
655511551
655683738
656027165
656079641
656110552
656163734
656246493
656265089
656341462
657014628
657023440
657241079
657625128
657631776
657679701
657681012
657701789
657817224
657881425
657893157
657930050
657930051
657930410
657930414
658512647
658512649
658528569
658941641
658944747
658951566
659024808
659061456
659678818
659678820
660627849
661434153
662038855
662052728
662052729
662057210
662059686
662102354
662106580
662126635
662127146
662145416
662154996
662176076
662704920
663170588
663335347
663336387
663358807
663358808
663367997
663367998
663369127
663379605
663397939
663401922
663414081
663426487
663644544
663679607
663695303
663730518
664020242
664020309
664028330
664053024
664067875
664073096
664073102
664083365
664085615
664103153
664108313
664108507
664123583
664141105
664141108
664171587
664201485
664206613
664258401
664286572
664286919
664292772
664297537
664297540
664309224
664339998
664340001
664340004
664354091
664359951
664369940
664370879
664402827
664403577
664433959
664433962
664456101
664462608
664462612
664462614
664473260
664483979
664483980
664483982
664488857
664502384
664507256
664507257
664507258
664519904
664522868
664522871
664527880
664582098
664582102
664582104
665433560
665520727
665533538
665533542
665533545
665617998
665825174
665825925
665866599
665901638
667773465
667812124
668737913
669022850
670014903
670480903
670483546
670483734
670507798
670508440
670508451
671212148
671233869
671395833
671527395
671577108
672399939
672400253
674782961
674786901
678234340
680266902
680269022
682034873
683421655
685686107
685737439
685751126
685762917
685920377
686099642
686107458
686546235
687986243
687990006
6900909
690806461
690807110
692417318
694092924
695328738
695344425
695836649
695843742
695848062
695856998
695890796
696273856
696337910
696356546
696480976
696496651
696537262
696547470
696654477
697980867
698179728
698181488
698183047
698936777
699258578
700229725
700249451
700268049
700533235
700665889
701227529
702222217
702592048
702738944
702844298
702844302
702907259
702907263
703161844
703564988
704117570
704118334
704403182
712766686
718250984
719626843
723594970
726046666
727072159
727094270
727097322
727200188
727206184
727212559
727215602
727235543
727237922
727271028
727521671
727552566
727755577
727808993
727812316
727812317
729023944
730239526
730410821
730425954
730545326
730548764
730634011
730696046
731480122
735023654
736139091
736360344
736379896
736443519
736524517
736529613
736529836
73659758
736673208
736717612
736723993
736797057
736804169
736822568
736824444
736826065
736855653
736856224
736870349
736938434
736982390
736997204
737069358
737071454
737139233
737142450
737145436
737146608
737162396
737226600
737230764
737273565
737280513
737364624
737364626
737425161
737469710
737501725
737578078
737649750
737649978
737689571
737710102
737791361
737826400
737826403
737826406
737830891
737849960
737871142
737873944
737880798
737906107
737958109
738074731
738079460
738080938
738125455
738130028
738133987
738164600
738270790
738297321
738320464
738330492
738331258
738353529
738373041
738438081
738492142
738539847
738539850
738539853
738624590
738684998
738738840
738787328
738859705
738912039
738972186
738972941
739001122
739022947
739087671
739193502
739225230
739404956
739411482
739485353
739493294
739532991
739572301
739577767
739601549
739612357
739617643
739655226
739711776
739770587
739770588
739792483
739802239
739804419
739809135
739871974
739871975
739980763
739996269
740000820
740039542
740041060
740093085
740108888
740111614
740149109
740188290
740188460
740200726
740202566
740208825
740224824
740227571
740228540
740321435
740370422
740464749
740541508
740580686
740602017
740665521
740709941
740721721
740725496
740726763
740729642
740730593
740741909
740776797
740782066
740797246
740877893
740892539
741159330
742296695
742363350
742406451
742409591
742481534
742489359
742511634
742511638
742750849
745802645
746040286
746095857
746220417
746266512
746287460
746325815
746331919
746349399
746400231
746416475
746494340
746714473
746716387
746726569
746727741
746820606
748139965
748149043
748169271
748169776
748272781
748623430
748667620
748728966
748772170
748790958
749006606
749038544
749069188
749079054
749317501
749370854
749595868
749646530
749651257
749677090
749677091
749682269
749686676
749937299
750052512
750053507
750053969
750054585
750054630
750135444
750145762
750307500
750402705
750424107
750443839
750444055
750451157
750468124
750555853
750561175
750599721
750684691
751595914
751613336
751912305
751917581
751917583
752474348
752583902
752620238
752639895
752743217
752790487
752797238
752799067
752808783
752841417
753208550
753757409
753779205
753863714
753953944
753982390
753982397
754024629
754210765
754465436
754486400
754486402
754532854
754569844
754597565
754600288
754610573
754610579
754621517
754672282
754676783
754681502
754709540
754713379
754770436
754797167
754849784
754850469
754857018
754872974
754872978
754887192
754909330
754919808
754919857
754987345
754988846
755019104
755030443
755037793
755045722
755046602
755068132
755086305
755107017
755162072
755163870
755164388
755166363
755177919
755303254
755311586
755321234
755332814
755738677
755767215
756149069
757507865
757577835
75765647
757762984
757789958
758501008
758936734
759336091
759357441
759380729
759459373
759467268
759530640
759530642
759596900
759633885
759645260
759686653
759724124
759727129
759732597
759755135
759787683
759802842
759893465
759928381
759987679
760018205
760071302
760074209
760094650
760095548
760868227
761523725
761527552
762182901
763028843
763055916
763067033
763416273
763548492
763548592
764120348
764394270
764448143
764448147
764499393
764499746
764510947
764613502
764646641
764665214
764945152
764947749
764980324
764982624
764991304
765007243
765013851
765296042
765309745
765312459
765313309
765313310
765313311
765322931
765322932
766605439
766622239
767165234
768383457
768386124
768715181
769164655
769920048
769922728
769947857
770622921
770627122
770829384
770938330
771513860
771599850
772565071
772617686
772649000
772724593
772742468
772969503
779873584
779882134
779922912
780091970
780286105
780290783
780298136
780336302
780384410
780796437
780823465
781561993
782740961
783172994
783204348
783368734
786057382
786059125
786805505
787768585
794206991
794551151
796875020
797120645
797198581
797213848
797213849
797213850
797214803
797215711
798737981
799015972
799287855
799298474
800936047
800942984
800959537
800985924
801004310
803462038
805458772
805549601
806646687
806890098
806927902
806950061
807056136
808052674
808078146
808097421
808793727
808793728
81169224
81343865
81415344
814422996
814588613
814943996
814989839
815670692
815677313
815693086
815857052
815934977
815963862
816024343
816371968
817124022
817130382
817509226
817509228
817509229
817521624
817530676
817682910
817683619
817698285
817703054
820784658
820794956
821524136
821568378
821570342
822065360
822515621
822524080
822529680
822637621
825143449
827015006
827016994
827017297
827888034
828145142
828152327
828158807
828161199
828167493
828175105
828457431
829397947
835188452
835188616
835191990
835245160
835254138
835317055
835341271
835541729
835693529
835712800
836624392
836640158
836656398
836724237
837741216
837902801
83841036
839642502
843086582
846206764
84665361
849038375
849073096
860307083
860309240
860324114
860340699
860458504
860556668
861377434
86555348
86558712
868639005
872591622
872649746
872694812
872695099
872702927
872706419
872707102
872710118
872713933
872715637
87287513
873875732
874224268
874443416
881001356
881027914
881036325
886831646
889921250
890650018
891179495
891194303
893157873
893686637
893702538
896077408
896078334
896083283
896293271
896308606
896549221
898233248
898238211
898244180
898251660
898256529
898270728
898277515
898284406
898290638
898296830
898303198
898309284
898315094
898320774
898326141
898331956
898337721
898349298
898359069
898363557
898373841
898378496
898388371
898393175
898398554
898403195
898409035
898413807
898418552
898423606
898428350
898439127
898444099
898468494
899045799
899077362
899176454
899735909
899738537
902593853
902781257
902781258
902783156
902787032
906339101
906339727
906339728
906341195
906364545
906395654
906445453
906853146
906866317
906871770
906959083
907654648
910088700
910218221
910821972
91203428
913054445
913054761
913060191
913088022
913164453
913416132
913434990
913719529
913727348
913755456
913838849
914035769
914076615
914080670
914282545
914343835
914608231
914626250
914626251
914626252
914872189
915391383
915439554
915545380
915796049
915801652
915851127
916300862
916309301
916315523
916318971
916319094
916320454
916320812
916334056
916335794
916487068
916542883
916559544
916561090
916592068
916614786
916620037
916672618
916680159
916706984
916712825
916743408
916769393
916778430
91684552
91687210
916878480
916901874
916924669
916924922
916954488
916969423
916969923
916991660
917036223
917044319
917049308
917052133
917101988
917103812
917108896
917110221
917124856
917131740
917150848
917163760
917177825
917179234
917179996
917190066
917193737
917194399
917209360
917211365
917217517
917223357
917223498
917225227
917226489
917226490
917246227
917334760
917338684
917338757
917354014
917363387
917364617
917509738
917530224
917532632
917535683
917536638
917538556
917554674
917623126
917636507
917715710
917773739
917773741
917775860
918023528
918030481
918049900
918049901
918050813
918214828
918234235
918242003
918297367
918353716
918363812
918377040
918377041
918382213
918382405
918387042
918402618
918412846
918430972
918445908
918467731
918649447
918695305
918738095
918907557
918926046
918964501
919132142
919142771
919157156
919183293
919189430
919191298
919351508
919467654
919470857
919539396
919542941
919944466
920721691
920806376
921064592
921084733
921093239
921151215
921170269
921219389
921287704
921309386
921314824
922016145
922050645
922052449
922065168
922309298
922313399
922780411
923116799
924284066
924507415
924612376
924897109
925172281
925642093
926297180
926297209
926315652
926315653
926315654
926316226
926318100
926320940
926367335
926394171
926405873
926411506
926411507
926413221
926413222
926424891
926431666
926431667
926431668
927268840
927903913
928738581
928764280
928897988
928897990
928928062
928946682
928948089
929027365
929027453
929027455
929027457
929560745
929715287
930060886
930205708
930216539
930225940
930428165
930463771
930605375
930607096
931512199
931623907
932938038
932939359
932970395
933036934
933114283
933124156
933125939
933276612
933344950
933354784
93354951
934097408
934106653
934112016
934267532
934278818
934282076
935440442
935465226
935470650
935526952
936187031
936189092
936191428
936514628
936571101
936619804
937121963
937233948
937455161
937552939
937962276
937998282
938156071
938652577
938664500
938944467
938946333
938963214
938971135
938987964
938996907
939041320
939042218
939166075
939323828
939348890
939367960
939578336
939703230
939703231
939703232
940347080
941170093
941215038
941223272
941303076
941314820
941350603
941476220
941512288
941720986
941780767
941822884
941872961
941883138
941957896
941974170
941974858
941987967
942019023
942045357
942069819
942074630
942108359
942108363
942127901
942509023
942692282
942709013
943611146
943640449
943667804
943668669
943670017
943670018
943670019
943673716
943677002
943892488
943892489
943892490
943917733
943917735
943921706
943927466
943967668
943995312
944008384
944008385
944008403
944178286
944499558
944499559
944499560
944516754
944518212
944616755
944649621
944810420
944892603
944918571
944935670
944989806
945093463
945258489
945304652
945314952
945586156
945587687
945873013
945963729
946101294
946188091
946210503
946239528
946448719
946821657
946835330
946842067
946854790
946884312
946890064
946915666
946933896
946943341
946952230
946992688
946992731
947155195
947179533
947185552
947192459
947195437
947348992
947368343
947397325
947401176
947403036
947447792
947453855
947456058
947487927
947495866
947504420
947512823
947522120
947525104
947532635
947535108
947545822
947556379
947565728
947616851
947631346
947705610
947706614
947707113
947790628
947800521
947834199
947890759
947924684
947924965
947973131
947974225
948036737
948037091
948039282
948039285
948044555
948072867
948088989
948160842
948231230
948259280
948261178
949240961
949258947
949268069
949270108
949276160
949281055
949289557
949293529
949295815
949308856
949309689
949310876
949316408
949322991
949355438
949516715
949594891
949902867
950172151
950184443
950205794
950237088
950263500
950265713
950265715
950344339
950492648
950502860
950627380
951410129
951462367
951589732
951698114
952977046
953307352
953808186
953808188
953811691
953970972
953973171
953996233
955397157
955398036
956151559
956281747
956579388
956736652
956903083
957178203
957195935
957309635
957340070
959116531
959126780
959156409
959491730
959860208
959887719
959902758
959910195
959937501
960336883
960389872
960410059
960410060
960410061
960425073
960520437
960524893
960597558
960833357
961431233
962032424
962342523
962370844
962373447
962379254
962384587
962392130
962399300
965636451
965688526
966401363
966410639
966431263
966474395
966509147
966516869
968123411
968514054
969899531
969921479
970428658
970465765
970473302
970542914
970572008
970832063
970958523
970986129
970990521
971009565
971851455
972342762
972344147
972361369
973038719
973062797
973400292
973405068
973405069
973405070
973765267
973870747
973976714
974354884
974369413
974671032
974680073
974809594
974817473
975849987
975878350
975887591
976144462
976145187
976543987
976608414
976633349
976646691
977310982
977320649
977339682
977462334
977467298
977476474
977481077
977514508
977519214
977523946
977538170
977557332
977586210
977605086
977624177
977638441
977653093
977657797
977662403
977672520
977691320
977697072
977702154
977706182
977710700
977715639
977720201
977725282
977731120
977735454
977739947
977750928
977754349
977760316
977764486
977778895
977784109
977788712
977813222
977842683
977848305
977852886
977857839
977862590
977868191
977873620
977877861
978148085
978148379
978157556
978161316
978165876
978231577
978244842
978510197
978850782
978928270
979264987
979332962
979503782
980278061
980302338
980460315
981042977
981308252
981353140
981361850
981384938
981432405
981461836
981477819
981490127
981522079
981554408
981637043
981678465
981752562
981791549
981829010
981882108
981888365
981898483
982018704
982151003
982349811
982352573
982522152
982540816
982554189
982897479
982900554
982988765
983021135
983300538
983321870
983341138
983343929
983343990
983372990
983386914
983429312
983438851
983468758
983473020
983484373
983489550
983491920
983491921
983491922
983509370
983510687
983671220
984373297
984665603
985499603
985499604
985499605
985534235
985585213
985607592
985608189
985608359
985800996
985823154
985823155
985823156
985844681
985844923
985844929
985856071
985856072
985856668
987014160
987432107
987493022
987557860
987567120
987569906
987582700
987588822
987589379
987809050
987813953
987824325
987851396
987879727
987882202
987885761
987886852
991911054
992021183
992038448
992098118
992326923
996001110
996006661
996045659
998230701
998619743
